image,date,site,intensity,confidence,model1_class,model1_conf,model1_intensity,model2_class,model2_conf,model2_intensity
IMG_0004.jpg,IMG,Bombax_SE,0,0.89915931224823,Bombax Ceiba,0.9938940405845642,High,Bombax Ceiba,0.864898681640625,High
IMG_0049.jpg,IMG,Bombax_SE,0,0.9129137992858888,Bombax Ceiba,0.9623629450798036,High,Bombax Ceiba,0.507872462272644,Low
IMG_0052.jpg,IMG,Bombax_SE,0,0.7661200761795044,Bombax Ceiba,0.9989557266235352,High,Bombax Ceiba,0.922873556613922,High
IMG_0090.jpg,IMG,Bombax_SE,0,0.991515040397644,Bombax Ceiba,0.9834250807762146,High,Bombax Ceiba,0.8096670508384705,Medium
IMG_0118.jpg,IMG,Bombax_SE,0,0.9763106107711792,Bombax Ceiba,0.9911296367645264,High,Bombax Ceiba,0.8632393479347229,High
IMG_0131.jpg,IMG,Bombax_SE,0,0.5822931528091431,Bombax Ceiba,0.9715082049369812,High,Bombax Ceiba,0.7979767322540283,Medium
IMG_0172.jpg,IMG,Bombax_SE,0,0.942768394947052,Bombax Ceiba,0.9929822683334352,High,Bombax Ceiba,0.9066216945648192,High
IMG_0193.jpg,IMG,Bombax_SE,0,0.959079086780548,Bombax Ceiba,0.9969874024391174,High,Bombax Ceiba,0.7975418567657471,Medium
IMG_0214.jpg,IMG,Bombax_SE,0,0.9534551501274108,Bombax Ceiba,0.98823881149292,High,Bombax Ceiba,0.7259901165962219,Medium
IMG_0259.jpg,IMG,Bombax_SE,0,0.904170572757721,Bombax Ceiba,0.9883884787559508,High,Bombax Ceiba,0.7763298153877258,Medium
IMG_0260.jpg,IMG,Bombax_SE,0,0.9313530921936036,Bombax Ceiba,0.990667164325714,High,Bombax Ceiba,0.7049603462219238,Medium
IMG_0305.jpg,IMG,Bombax_SE,0,0.9265499711036682,Bombax Ceiba,0.9815705418586732,High,Bombax Ceiba,0.7240726947784424,Medium
IMG_0323.jpg,IMG,Bombax_SE,0,0.9937512278556824,Bombax Ceiba,0.9953792095184326,High,Bombax Ceiba,0.8649309277534485,High
IMG_0378.jpg,IMG,Bombax_SE,2,0.4395776093006134,Bombax Ceiba,0.981619119644165,High,Bombax Ceiba,0.8250686526298523,Medium
IMG_0396.jpg,IMG,Bombax_SE,0,0.9587454199790956,Bombax Ceiba,0.873386800289154,High,Lunalilo Yellow Shower Tree,0.5141669511795044,Low
IMG_0421.jpg,IMG,Bombax_SE,0,0.8115817308425903,Bombax Ceiba,0.9954853057861328,High,Bombax Ceiba,0.7674622535705566,Medium
IMG_0470.jpg,IMG,Bombax_SE,0,0.849704384803772,Bombax Ceiba,0.9782869219779968,High,Bombax Ceiba,0.7293124198913574,Medium
IMG_0515.jpg,IMG,Bombax_SE,0,0.5666677951812744,Bombax Ceiba,0.951611876487732,High,Bombax Ceiba,0.5342990756034851,Low
IMG_0521.jpg,IMG,Bombax_SE,0,0.9210971593856812,Bombax Ceiba,0.947849690914154,High,Bombax Ceiba,0.6249855756759644,Medium
IMG_0533.jpg,IMG,Bombax_SE,0,0.9940938353538512,Bombax Ceiba,0.9972100853919984,High,Bombax Ceiba,0.8701439499855042,High
IMG_0558.jpg,IMG,Bombax_SE,2,0.4954577982425689,Bombax Ceiba,0.9623553156852722,High,Bombax Ceiba,0.55840665102005,Low
IMG_0574.jpg,IMG,Bombax_SE,0,0.9814355969429016,Bombax Ceiba,0.9939223527908324,High,Bombax Ceiba,0.8195204734802246,Medium
IMG_0600.jpg,IMG,Bombax_SE,0,0.6730773448944092,Bombax Ceiba,0.9952483773231506,High,Bombax Ceiba,0.8947774171829224,High
IMG_0641.jpg,IMG,Bombax_SE,0,0.9515478610992432,Bombax Ceiba,0.9935674071311952,High,Bombax Ceiba,0.8706862926483154,High
IMG_0647.jpg,IMG,Bombax_SE,2,0.6006321907043457,Bombax Ceiba,0.993362307548523,High,Bombax Ceiba,0.8244422078132629,Medium
IMG_0688.jpg,IMG,Bombax_SE,0,0.669086754322052,Bombax Ceiba,0.9622313976287842,High,Bombax Ceiba,0.70540452003479,Medium
IMG_0690.jpg,IMG,Bombax_SE,0,0.9783282279968262,Bombax Ceiba,0.9904037714004515,High,Bombax Ceiba,0.664361834526062,Medium
IMG_0733.jpg,IMG,Bombax_SE,0,0.6994193196296692,Bombax Ceiba,0.9890519976615906,High,Bombax Ceiba,0.8598181009292603,High
IMG_0737.jpg,IMG,Bombax_SE,0,0.984303653240204,Bombax Ceiba,0.9916960597038268,High,Bombax Ceiba,0.7380285263061523,Medium
IMG_0768.jpg,IMG,Bombax_SE,0,0.971436083316803,Bombax Ceiba,0.945947766304016,High,Bombax Ceiba,0.6358444690704346,Medium
IMG_0780.jpg,IMG,Bombax_SE,0,0.3818125426769256,Bombax Ceiba,0.9969456791877748,High,Bombax Ceiba,0.9056729078292848,High
IMG_0804.jpg,IMG,Bombax_SE,0,0.794194221496582,Bombax Ceiba,0.9793375730514526,High,Bombax Ceiba,0.6297950744628906,Medium
IMG_0819.jpg,IMG,Bombax_SE,0,0.5390791296958923,Bombax Ceiba,0.9833975434303284,High,Bombax Ceiba,0.6236103773117065,Medium
IMG_0860.jpg,IMG,Bombax_SE,0,0.6561048030853271,Bombax Ceiba,0.9973481893539428,High,Bombax Ceiba,0.8310245871543884,Medium
IMG_0871.jpg,IMG,Bombax_SE,2,0.3512469232082367,Bombax Ceiba,0.9771721959114076,High,Bombax Ceiba,0.6958644986152649,Medium
IMG_0910.jpg,IMG,Bombax_SE,0,0.7661727666854858,Bombax Ceiba,0.9910303354263306,High,Bombax Ceiba,0.7369171380996704,Medium
IMG_0946.jpg,IMG,Bombax_SE,0,0.584565281867981,Bombax Ceiba,0.9895548820495604,High,Bombax Ceiba,0.7311075925827026,Medium
IMG_0949.jpg,IMG,Bombax_SE,0,0.6349049210548401,Bombax Ceiba,0.9882949590682985,High,Bombax Ceiba,0.6284387707710266,Medium
IMG_0987.jpg,IMG,Bombax_SE,0,0.8558840155601501,Bombax Ceiba,0.9253359436988832,High,Bombax Ceiba,0.4375116527080536,Low
IMG_1016.jpg,IMG,Bombax_SE,0,0.939612627029419,Bombax Ceiba,0.973726749420166,High,Bombax Ceiba,0.6357701420783997,Medium
IMG_1025.jpg,IMG,Bombax_SE,3,0.4114303290843963,Bombax Ceiba,0.959916353225708,High,Bombax Ceiba,0.6670164465904236,Medium
IMG_1062.jpg,IMG,Bombax_SE,0,0.8778235912322998,Bombax Ceiba,0.9964183568954468,High,Bombax Ceiba,0.8657028675079346,High
IMG_1099.jpg,IMG,Bombax_SE,0,0.4451875686645508,Bombax Ceiba,0.9955511093139648,High,Bombax Ceiba,0.8671393394470215,High
IMG_1116.jpg,IMG,Bombax_SE,0,0.8246668577194214,Bombax Ceiba,0.9858204126358032,High,Bombax Ceiba,0.670373797416687,Medium
IMG_1144.jpg,IMG,Bombax_SE,0,0.5309444665908813,Bombax Ceiba,0.9640903472900392,High,Lunalilo Yellow Shower Tree,0.4973445534706116,Low
IMG_1173.jpg,IMG,Bombax_SE,0,0.7591908574104309,Bombax Ceiba,0.9709692001342772,High,Bombax Ceiba,0.6949188709259033,Medium
IMG_1215.jpg,IMG,Bombax_SE,0,0.7075477242469788,Bombax Ceiba,0.9984561204910278,High,Bombax Ceiba,0.8770092725753784,High
IMG_1244.jpg,IMG,Bombax_SE,0,0.6027693152427673,Bombax Ceiba,0.952020227909088,High,Bombax Ceiba,0.642534613609314,Medium
IMG_1257.jpg,IMG,Bombax_SE,0,0.5065997242927551,Bombax Ceiba,0.999211311340332,High,Bombax Ceiba,0.9613689184188844,High
IMG_1311.jpg,IMG,Bombax_SE,0,0.5471401214599609,Bombax Ceiba,0.9996994733810424,High,Bombax Ceiba,0.980061948299408,High
IMG_1325.jpg,IMG,Bombax_SE,0,0.8942588567733765,Bombax Ceiba,0.9997894167900084,High,Bombax Ceiba,0.9339103698730468,High
IMG_1343.jpg,IMG,Bombax_SE,0,0.6398482322692871,Bombax Ceiba,0.9928324222564696,High,Bombax Ceiba,0.8040879368782043,Medium
IMG_1403.jpg,IMG,Bombax_SE,0,0.7416281700134277,Bombax Ceiba,0.9986361861228944,High,Bombax Ceiba,0.8890743851661682,High
IMG_1417.jpg,IMG,Bombax_SE,0,0.6818814873695374,Bombax Ceiba,0.9816771745681764,High,Bombax Ceiba,0.6194509863853455,Medium
IMG_1434.jpg,IMG,Bombax_SE,0,0.92098867893219,Bombax Ceiba,0.9995145797729492,High,Bombax Ceiba,0.979746162891388,High
IMG_1454.jpg,IMG,Bombax_SE,0,0.829267144203186,Bombax Ceiba,0.9905638694763184,High,Bombax Ceiba,0.6848234534263611,Medium
IMG_1505.jpg,IMG,Bombax_SE,0,0.9176327586174012,Bombax Ceiba,0.951015293598175,High,Bombax Ceiba,0.4404154419898987,Low
IMG_1511.jpg,IMG,Bombax_SE,0,0.8251470923423767,Bombax Ceiba,0.9967421889305116,High,Bombax Ceiba,0.8371205925941467,Medium
IMG_1554.jpg,IMG,Bombax_SE,0,0.9712402820587158,Bombax Ceiba,0.9933778643608092,High,Bombax Ceiba,0.6971846222877502,Medium
IMG_1558.jpg,IMG,Bombax_SE,0,0.7430076003074646,Bombax Ceiba,0.993504524230957,High,Bombax Ceiba,0.6364133358001709,Medium
IMG_1598.jpg,IMG,Bombax_SE,0,0.666586697101593,Bombax Ceiba,0.9992077946662904,High,Bombax Ceiba,0.8586885929107666,High
IMG_1601.jpg,IMG,Bombax_SE,0,0.9579883813858032,Bombax Ceiba,0.9828715324401855,High,Bombax Ceiba,0.7303876876831055,Medium
IMG_1642.jpg,IMG,Bombax_SE,0,0.9264019727706908,Bombax Ceiba,0.9811107516288756,High,Bombax Ceiba,0.6122968792915344,Medium
IMG_1663.jpg,IMG,Bombax_SE,0,0.5278847813606262,Bombax Ceiba,0.9965469241142272,High,Bombax Ceiba,0.8218514919281006,Medium
IMG_1677.jpg,IMG,Bombax_SE,0,0.6777807474136353,Bombax Ceiba,0.9978189468383788,High,Bombax Ceiba,0.8653673529624939,High
IMG_1680.jpg,IMG,Bombax_SE,0,0.6891423463821411,Bombax Ceiba,0.9972163438796996,High,Bombax Ceiba,0.9447726607322692,High
IMG_1717.jpg,IMG,Bombax_SE,1,0.508102536201477,Bombax Ceiba,0.9983398914337158,High,Bombax Ceiba,0.8608143329620361,High
IMG_1748.jpg,IMG,Bombax_SE,0,0.3613245189189911,Bombax Ceiba,0.9967522621154784,High,Bombax Ceiba,0.8137369751930237,Medium
IMG_1766.jpg,IMG,Bombax_SE,0,0.945793867111206,Bombax Ceiba,0.9986948370933532,High,Bombax Ceiba,0.9413167238235474,High
IMG_1794.jpg,IMG,Bombax_SE,0,0.8011279702186584,Bombax Ceiba,0.999626398086548,High,Bombax Ceiba,0.9687846899032592,High
IMG_1834.jpg,IMG,Bombax_SE,0,0.856224000453949,Bombax Ceiba,0.9978113770484924,High,Bombax Ceiba,0.9293375015258788,High
IMG_1840.jpg,IMG,Bombax_SE,0,0.762208878993988,Bombax Ceiba,0.876943826675415,High,Lunalilo Yellow Shower Tree,0.6690549850463867,Medium
IMG_1879.jpg,IMG,Bombax_SE,0,0.8244608640670776,Bombax Ceiba,0.9988117218017578,High,Bombax Ceiba,0.8953719139099121,High
IMG_1885.jpg,IMG,Bombax_SE,0,0.9604310989379884,Bombax Ceiba,0.9962677359580994,High,Bombax Ceiba,0.8413411378860474,Medium
IMG_1902.jpg,IMG,Bombax_SE,3,0.320315271615982,Bombax Ceiba,0.9996285438537598,High,Bombax Ceiba,0.9656084179878236,High
IMG_1948.jpg,IMG,Bombax_SE,0,0.6174220442771912,Bombax Ceiba,0.9927337169647216,High,Bombax Ceiba,0.7852842807769775,Medium
IMG_1979.jpg,IMG,Bombax_SE,0,0.9724763035774232,Bombax Ceiba,0.9980079531669616,High,Bombax Ceiba,0.921554446220398,High
IMG_1988.jpg,IMG,Bombax_SE,0,0.5990345478057861,Bombax Ceiba,0.9757357239723206,High,Bombax Ceiba,0.5785025954246521,Low
IMG_2012.jpg,IMG,Bombax_SE,1,0.3491216897964477,Bombax Ceiba,0.9994182586669922,High,Bombax Ceiba,0.9332419633865356,High
IMG_2037.jpg,IMG,Bombax_SE,0,0.8586305975914001,Bombax Ceiba,0.9922945499420166,High,Bombax Ceiba,0.6176077723503113,Medium
IMG_2052.jpg,IMG,Bombax_SE,0,0.7895731329917908,Bombax Ceiba,0.93615061044693,High,Lunalilo Yellow Shower Tree,0.550271213054657,Low
IMG_2055.jpg,IMG,Bombax_SE,1,0.568849503993988,Bombax Ceiba,0.9991063475608826,High,Bombax Ceiba,0.9205486178398132,High
IMG_2074.jpg,IMG,Bombax_SE,3,0.7294979691505432,Bombax Ceiba,0.9800384640693665,High,Bombax Ceiba,0.8086749315261841,Medium
IMG_2088.jpg,IMG,Bombax_SE,0,0.7352128624916077,Bombax Ceiba,0.9984000325202942,High,Bombax Ceiba,0.9429346919059752,High
IMG_2119.jpg,IMG,Bombax_SE,0,0.8151872754096985,Bombax Ceiba,0.9888806343078612,High,Bombax Ceiba,0.7005375623703003,Medium
IMG_2135.jpg,IMG,Bombax_SE,0,0.4342623651027679,Bombax Ceiba,0.9998290538787842,High,Bombax Ceiba,0.955693781375885,High
IMG_2146.jpg,IMG,Bombax_SE,3,0.8262218236923218,Bombax Ceiba,0.9991278052330016,High,Bombax Ceiba,0.9544009566307068,High
IMG_2170.jpg,IMG,Bombax_SE,0,0.6890320181846619,Bombax Ceiba,0.9943892359733582,High,Bombax Ceiba,0.7561324834823608,Medium
IMG_2184.jpg,IMG,Bombax_SE,3,0.3322298228740692,Bombax Ceiba,0.9992140531539916,High,Bombax Ceiba,0.909974217414856,High
IMG_2200.jpg,IMG,Bombax_SE,1,0.3276701271533966,Bombax Ceiba,0.9942474365234376,High,Bombax Ceiba,0.8613541126251221,High
IMG_2207.jpg,IMG,Bombax_SE,0,0.4907149970531463,Bombax Ceiba,0.9984922409057616,High,Bombax Ceiba,0.8840575218200684,High
IMG_2212.jpg,IMG,Bombax_SE,3,0.4648486077785492,Bombax Ceiba,0.997996747493744,High,Bombax Ceiba,0.8279724717140198,Medium
IMG_2255.jpg,IMG,Bombax_SE,0,0.4291445016860962,Bombax Ceiba,0.975906491279602,High,Bombax Ceiba,0.5187004208564758,Low
IMG_2263.jpg,IMG,Bombax_SE,3,0.9105727672576904,Bombax Ceiba,0.9989734888076782,High,Bombax Ceiba,0.948411762714386,High
IMG_2287.jpg,IMG,Bombax_SE,1,0.4955946803092956,Bombax Ceiba,0.9996028542518616,High,Bombax Ceiba,0.9439744353294371,High
IMG_2299.jpg,IMG,Bombax_SE,1,0.5689030885696411,Bombax Ceiba,0.9982919096946716,High,Bombax Ceiba,0.8222988247871399,Medium
IMG_2339.jpg,IMG,Bombax_SE,2,0.3362496793270111,Bombax Ceiba,0.9932299852371216,High,Bombax Ceiba,0.9205992221832277,High
IMG_2342.jpg,IMG,Bombax_SE,1,0.3718743920326233,Bombax Ceiba,0.991201877593994,High,Bombax Ceiba,0.7622058987617493,Medium
IMG_2369.jpg,IMG,Bombax_SE,1,0.4168758392333984,Bombax Ceiba,0.9996968507766724,High,Bombax Ceiba,0.9560614228248596,High
IMG_2377.jpg,IMG,Bombax_SE,2,0.4117110669612884,Bombax Ceiba,0.9474694132804872,High,Lunalilo Yellow Shower Tree,0.6122438907623291,Medium
IMG_2424.jpg,IMG,Bombax_SE,1,0.7462065815925598,Bombax Ceiba,0.9988032579421996,High,Bombax Ceiba,0.887525200843811,High
IMG_2437.jpg,IMG,Bombax_SE,1,0.6622262001037598,Bombax Ceiba,0.9938979744911194,High,Bombax Ceiba,0.6851581931114197,Medium
IMG_2442.jpg,IMG,Bombax_SE,1,0.6171605587005615,Bombax Ceiba,0.996749997138977,High,Bombax Ceiba,0.8014248609542847,Medium
IMG_2489.jpg,IMG,Bombax_SE,1,0.5144875049591064,Bombax Ceiba,0.9992850422859192,High,Bombax Ceiba,0.9106268286705016,High
IMG_2493.jpg,IMG,Bombax_SE,1,0.5869097709655762,Bombax Ceiba,0.9955196380615234,High,Bombax Ceiba,0.8339921236038208,Medium
IMG_2507.jpg,IMG,Bombax_SE,3,0.5534507632255554,Bombax Ceiba,0.996980607509613,High,Bombax Ceiba,0.8966333270072937,High
IMG_2515.jpg,IMG,Bombax_SE,1,0.7187137603759766,Bombax Ceiba,0.9915724992752076,High,Bombax Ceiba,0.712652325630188,Medium
IMG_2575.jpg,IMG,Bombax_SE,1,0.4821768999099731,Bombax Ceiba,0.9985009431838988,High,Bombax Ceiba,0.8763793110847473,High
IMG_2588.jpg,IMG,Bombax_SE,1,0.677888810634613,Bombax Ceiba,0.9971604347229004,High,Bombax Ceiba,0.8293308019638062,Medium
IMG_2650.jpg,IMG,Bombax_SE,1,0.8027500510215759,Bombax Ceiba,0.9974400997161864,High,Bombax Ceiba,0.8344582915306091,Medium
IMG_2661.jpg,IMG,Bombax_SE,3,0.941354751586914,Bombax Ceiba,0.9991207718849182,High,Bombax Ceiba,0.9325692653656006,High
IMG_2662.jpg,IMG,Bombax_SE,1,0.6768885254859924,Bombax Ceiba,0.9980477094650269,High,Bombax Ceiba,0.894574761390686,High
IMG_2671.jpg,IMG,Bombax_SE,3,0.8670186400413513,Bombax Ceiba,0.9988982677459716,High,Bombax Ceiba,0.9471029043197632,High
IMG_2712.jpg,IMG,Bombax_SE,0,0.7274100184440613,Bombax Ceiba,0.9987632036209106,High,Bombax Ceiba,0.905118465423584,High
IMG_2746.jpg,IMG,Bombax_SE,1,0.4307690262794494,Bombax Ceiba,0.9473187327384948,High,Bombax Ceiba,0.6523563265800476,Medium
IMG_2797.jpg,IMG,Bombax_SE,3,0.6266320943832397,Bombax Ceiba,0.999137282371521,High,Bombax Ceiba,0.9137446284294128,High
IMG_2800.jpg,IMG,Bombax_SE,3,0.776955783367157,Bombax Ceiba,0.9945427179336548,High,Bombax Ceiba,0.8546159863471985,High
IMG_2811.jpg,IMG,Bombax_SE,3,0.7591827511787415,Bombax Ceiba,0.9973251819610596,High,Bombax Ceiba,0.8988021016120911,High
IMG_2820.jpg,IMG,Bombax_SE,0,0.8610877394676208,Bombax Ceiba,0.993235409259796,High,Bombax Ceiba,0.6838492751121521,Medium
IMG_2834.jpg,IMG,Bombax_SE,0,0.9096108078956604,Bombax Ceiba,0.9975593090057372,High,Bombax Ceiba,0.922366201877594,High
IMG_2884.jpg,IMG,Bombax_SE,0,0.9552437663078308,Bombax Ceiba,0.9879092574119568,High,Bombax Ceiba,0.4800229370594024,Low
IMG_2926.jpg,IMG,Bombax_SE,0,0.841782808303833,Bombax Ceiba,0.959665060043335,High,Bombax Ceiba,0.4698460102081299,Low
IMG_3012.jpg,IMG,Bombax_SE,0,0.9813940525054932,Bombax Ceiba,0.9553849101066588,High,Lunalilo Yellow Shower Tree,0.4501199722290039,Low
IMG_3053.jpg,IMG,Bombax_SE,0,0.9452704787254332,Bombax Ceiba,0.8708793520927429,High,Bombax Ceiba,0.5233115553855896,Low
IMG_3097.jpg,IMG,Bombax_SE,0,0.8658297657966614,Bombax Ceiba,0.939497411251068,High,Bombax Ceiba,0.5159502625465393,Low
IMG_3143.jpg,IMG,Bombax_SE,0,0.868171215057373,Bombax Ceiba,0.9807547330856324,High,Bombax Ceiba,0.668781578540802,Medium
IMG_3186.jpg,IMG,Bombax_SE,0,0.96723735332489,Bombax Ceiba,0.997530162334442,High,Bombax Ceiba,0.8491137027740479,Medium
IMG_3228.jpg,IMG,Bombax_SE,0,0.9843018054962158,Bombax Ceiba,0.9259029030799866,High,Bombax Ceiba,0.6127538084983826,Medium
IMG_3278.jpg,IMG,Bombax_SE,0,0.900196373462677,Bombax Ceiba,0.9990772008895874,High,Bombax Ceiba,0.9378313422203064,High
IMG_3330.jpg,IMG,Bombax_SE,0,0.9425755143165588,Bombax Ceiba,0.9684873223304749,High,Bombax Ceiba,0.5725806355476379,Low
IMG_3378.jpg,IMG,Bombax_SE,0,0.9210376143455504,Bombax Ceiba,0.998971700668335,High,Bombax Ceiba,0.9165487289428712,High
IMG_3527.jpg,IMG,Bombax_SE,0,0.9642173647880554,Bombax Ceiba,0.9811418652534484,High,Bombax Ceiba,0.8214488625526428,Medium
IMG_3566.jpg,IMG,Bombax_SE,0,0.996069073677063,Bombax Ceiba,0.952075719833374,High,Bombax Ceiba,0.5008916854858398,Low
IMG_3612.jpg,IMG,Bombax_SE,0,0.9383705854415894,Bombax Ceiba,0.9764093160629272,High,Bombax Ceiba,0.6959391236305237,Medium
IMG_3652.jpg,IMG,Bombax_SE,0,0.93466979265213,Bombax Ceiba,0.9744746088981628,High,Bombax Ceiba,0.7147660255432129,Medium
IMG_3695.jpg,IMG,Bombax_SE,0,0.9620031714439392,Bombax Ceiba,0.9804962277412416,High,Bombax Ceiba,0.7284332513809204,Medium
IMG_3742.jpg,IMG,Bombax_SE,0,0.9724985361099244,Bombax Ceiba,0.9926786422729492,High,Bombax Ceiba,0.8582425117492676,High
IMG_3783.jpg,IMG,Bombax_SE,0,0.988184094429016,Bombax Ceiba,0.9307915568351746,High,Bombax Ceiba,0.5852596759796143,Low
IMG_3825.jpg,IMG,Bombax_SE,0,0.973028838634491,Bombax Ceiba,0.9560985565185548,High,Bombax Ceiba,0.5501964688301086,Low
IMG_3866.jpg,IMG,Bombax_SE,0,0.9763097763061525,Bombax Ceiba,0.991387665271759,High,Bombax Ceiba,0.806215226650238,Medium
IMG_3912.jpg,IMG,Bombax_SE,0,0.9490604996681212,Bombax Ceiba,0.9803526401519777,High,Bombax Ceiba,0.6272953748703003,Medium
IMG_3951.jpg,IMG,Bombax_SE,0,0.9737949967384338,Bombax Ceiba,0.992940068244934,High,Bombax Ceiba,0.833418071269989,Medium
IMG_3990.jpg,IMG,Bombax_SE,0,0.9246546030044556,Bombax Ceiba,0.985528528690338,High,Bombax Ceiba,0.6427115201950073,Medium
IMG_4101.jpg,IMG,Bombax_SE,0,0.7350332736968994,Bombax Ceiba,0.9970012307167052,High,Bombax Ceiba,0.8952318429946899,High
IMG_4139.jpg,IMG,Bombax_SE,2,0.3574419021606445,Bombax Ceiba,0.9934459328651428,High,Bombax Ceiba,0.822098433971405,Medium
IMG_4181.jpg,IMG,Bombax_SE,2,0.413795918226242,Bombax Ceiba,0.989143431186676,High,Bombax Ceiba,0.7146381139755249,Medium
IMG_4227.jpg,IMG,Bombax_SE,0,0.4497556090354919,Bombax Ceiba,0.9945462942123412,High,Bombax Ceiba,0.8251621127128601,Medium
IMG_4275.jpg,IMG,Bombax_SE,1,0.3179259896278381,Bombax Ceiba,0.9782887697219848,High,Bombax Ceiba,0.8110553622245789,Medium
IMG_4318.jpg,IMG,Bombax_SE,2,0.5027437210083008,Bombax Ceiba,0.9977084398269652,High,Bombax Ceiba,0.9071669578552246,High
IMG_4359.jpg,IMG,Bombax_SE,0,0.5186272859573364,Bombax Ceiba,0.986534595489502,High,Bombax Ceiba,0.7406718730926514,Medium
IMG_4407.jpg,IMG,Bombax_SE,0,0.6269742250442505,Bombax Ceiba,0.9986207485198976,High,Bombax Ceiba,0.898189902305603,High
IMG_4433.jpg,IMG,Bombax_SE,0,0.6656814217567444,Bombax Ceiba,0.9172470569610596,High,Lunalilo Yellow Shower Tree,0.5943014025688171,Low
IMG_4454.jpg,IMG,Bombax_SE,0,0.4665097594261169,Bombax Ceiba,0.9729700088500975,High,Bombax Ceiba,0.6029024720191956,Medium
IMG_4495.jpg,IMG,Bombax_SE,0,0.7921043038368225,Bombax Ceiba,0.9970192909240724,High,Bombax Ceiba,0.8306396007537842,Medium
IMG_4541.jpg,IMG,Bombax_SE,0,0.8431136608123779,Bombax Ceiba,0.9984831213951112,High,Bombax Ceiba,0.921963632106781,High
IMG_4544.jpg,IMG,Bombax_SE,0,0.6161080002784729,Bombax Ceiba,0.9854812026023864,High,Bombax Ceiba,0.6750127673149109,Medium
IMG_4589.jpg,IMG,Bombax_SE,0,0.90553480386734,Bombax Ceiba,0.9989985823631288,High,Bombax Ceiba,0.945445477962494,High
IMG_4635.jpg,IMG,Bombax_SE,0,0.8088927865028381,Bombax Ceiba,0.9873024225234984,High,Bombax Ceiba,0.698355495929718,Medium
IMG_4691.jpg,IMG,Bombax_SE,0,0.880818784236908,Bombax Ceiba,0.9974015951156616,High,Bombax Ceiba,0.8805829286575317,High
IMG_4741.jpg,IMG,Bombax_SE,0,0.9075003266334534,Bombax Ceiba,0.9986932873725892,High,Bombax Ceiba,0.9131509065628052,High
IMG_4791.jpg,IMG,Bombax_SE,0,0.958005666732788,Bombax Ceiba,0.9980449676513672,High,Bombax Ceiba,0.9020991325378418,High
IMG_4863.jpg,IMG,Bombax_SE,0,0.8791417479515076,Bombax Ceiba,0.9771164059638976,High,Bombax Ceiba,0.6749686002731323,Medium
IMG_4873.jpg,IMG,Bombax_SE,0,0.7098478674888611,Bombax Ceiba,0.9974387884140016,High,Bombax Ceiba,0.9304050207138062,High
IMG_4921.jpg,IMG,Bombax_SE,0,0.9470643997192384,Bombax Ceiba,0.9913210272789,High,Bombax Ceiba,0.7350049614906311,Medium
IMG_4972.jpg,IMG,Bombax_SE,0,0.964024543762207,Bombax Ceiba,0.995492458343506,High,Bombax Ceiba,0.8063333034515381,Medium
IMG_5013.jpg,IMG,Bombax_SE,0,0.6874380111694336,Bombax Ceiba,0.9947745203971864,High,Bombax Ceiba,0.8247156739234924,Medium
IMG_5066.jpg,IMG,Bombax_SE,0,0.7248675227165222,Bombax Ceiba,0.983090043067932,High,Bombax Ceiba,0.6189294457435608,Medium
IMG_5118.jpg,IMG,Bombax_SE,1,0.4807732105255127,Bombax Ceiba,0.9985030889511108,High,Bombax Ceiba,0.8452150225639343,Medium
IMG_5195.jpg,IMG,Bombax_SE,0,0.7908396124839783,Bombax Ceiba,0.9944538474082948,High,Bombax Ceiba,0.7311404943466187,Medium
IMG_5261.jpg,IMG,Bombax_SE,0,0.8859695792198181,Bombax Ceiba,0.9990222454071044,High,Bombax Ceiba,0.9308793544769288,High
IMG_5306.jpg,IMG,Bombax_SE,0,0.7866734862327576,Bombax Ceiba,0.9948745369911194,High,Bombax Ceiba,0.8155698180198669,Medium
IMG_5348.jpg,IMG,Bombax_SE,0,0.8543943762779236,Bombax Ceiba,0.9816532731056212,High,Bombax Ceiba,0.5088184475898743,Low
IMG_5400.jpg,IMG,Bombax_SE,0,0.5659456253051758,Bombax Ceiba,0.9979327917099,High,Bombax Ceiba,0.8913676142692566,High
IMG_5447.jpg,IMG,Bombax_SE,1,0.5689183473587036,Bombax Ceiba,0.9993494153022766,High,Bombax Ceiba,0.9122376441955566,High
IMG_5495.jpg,IMG,Bombax_SE,0,0.8643263578414917,Bombax Ceiba,0.999847173690796,High,Bombax Ceiba,0.9808041453361512,High
IMG_5573.jpg,IMG,Bombax_SE,0,0.4704001247882843,Bombax Ceiba,0.9978815913200378,High,Bombax Ceiba,0.8676251173019409,High
IMG_5690.jpg,IMG,Bombax_SE,1,0.8078216910362244,Bombax Ceiba,0.9987444877624512,High,Bombax Ceiba,0.915498435497284,High
IMG_5702.jpg,IMG,Bombax_SE,1,0.6470679044723511,Bombax Ceiba,0.9995717406272888,High,Bombax Ceiba,0.933617889881134,High
IMG_5744.jpg,IMG,Bombax_SE,1,0.7074040770530701,Bombax Ceiba,0.9912126660346984,High,Bombax Ceiba,0.7158850431442261,Medium
IMG_5768.jpg,IMG,Bombax_SE,1,0.4975001215934753,Bombax Ceiba,0.9988161325454712,High,Bombax Ceiba,0.9068173170089722,High
IMG_5810.jpg,IMG,Bombax_SE,1,0.5931698679924011,Bombax Ceiba,0.9709684252738952,High,Bombax Ceiba,0.6833453178405762,Medium
IMG_5821.jpg,IMG,Bombax_SE,3,0.5561791658401489,Bombax Ceiba,0.996040940284729,High,Bombax Ceiba,0.7848466634750366,Medium
IMG_5843.jpg,IMG,Bombax_SE,0,0.4878658354282379,Bombax Ceiba,0.9988141059875488,High,Bombax Ceiba,0.9123052954673768,High
IMG_5901.jpg,IMG,Bombax_SE,1,0.41245037317276,Bombax Ceiba,0.999392867088318,High,Bombax Ceiba,0.9388920664787292,High
IMG_5924.jpg,IMG,Bombax_SE,0,0.364257663488388,Bombax Ceiba,0.9943201541900636,High,Bombax Ceiba,0.7605897188186646,Medium
IMG_5964.jpg,IMG,Bombax_SE,3,0.3861710429191589,Bombax Ceiba,0.99905127286911,High,Bombax Ceiba,0.8126084208488464,Medium
IMG_5973.jpg,IMG,Bombax_SE,3,0.7890875339508057,Bombax Ceiba,0.9997169375419616,High,Bombax Ceiba,0.9703388214111328,High
IMG_6022.jpg,IMG,Bombax_SE,3,0.7224056720733643,Bombax Ceiba,0.9923679232597352,High,Bombax Ceiba,0.8829493522644043,High
IMG_6023.jpg,IMG,Bombax_SE,3,0.5735806822776794,Bombax Ceiba,0.998664617538452,High,Bombax Ceiba,0.9341195225715636,High
IMG_6030.jpg,IMG,Bombax_SE,3,0.6995972990989685,Bombax Ceiba,0.9940894842147828,High,Bombax Ceiba,0.7931756973266602,Medium
IMG_6088.jpg,IMG,Bombax_SE,1,0.5572288632392883,Bombax Ceiba,0.9996026158332824,High,Bombax Ceiba,0.9077585935592652,High
IMG_6090.jpg,IMG,Bombax_SE,1,0.5461793541908264,Bombax Ceiba,0.999304175376892,High,Bombax Ceiba,0.8995874524116516,High
IMG_6179.jpg,IMG,Bombax_SE,3,0.7653080821037292,Bombax Ceiba,0.9928439259529114,High,Bombax Ceiba,0.9308682680130004,High
IMG_6299.jpg,IMG,Bombax_SE,1,0.6988967061042786,Bombax Ceiba,0.9992096424102784,High,Bombax Ceiba,0.9132899045944214,High
IMG_6342.jpg,IMG,Bombax_SE,1,0.4510007798671722,Bombax Ceiba,0.9990444779396056,High,Bombax Ceiba,0.910203754901886,High
IMG_6361.jpg,IMG,Bombax_SE,1,0.7588301301002502,Bombax Ceiba,0.9995903372764589,High,Bombax Ceiba,0.9671470522880554,High
IMG_6446.jpg,IMG,Bombax_SE,1,0.8494460582733154,Bombax Ceiba,0.9984949827194214,High,Bombax Ceiba,0.8650484085083008,High
IMG_6454.jpg,IMG,Bombax_SE,1,0.6583479642868042,Bombax Ceiba,0.9992638230323792,High,Bombax Ceiba,0.9520342350006104,High
IMG_6483.jpg,IMG,Bombax_SE,1,0.8149744868278503,Bombax Ceiba,0.999480664730072,High,Bombax Ceiba,0.9528307914733888,High
IMG_6569.jpg,IMG,Bombax_SE,1,0.7206921577453613,Bombax Ceiba,0.9961342811584472,High,Bombax Ceiba,0.8536788821220398,High
IMG_6597.jpg,IMG,Bombax_SE,0,0.5043337941169739,Bombax Ceiba,0.9981094598770142,High,Bombax Ceiba,0.8293805718421936,Medium
IMG_6642.jpg,IMG,Bombax_SE,0,0.690578281879425,Bombax Ceiba,0.9996817111968994,High,Bombax Ceiba,0.9343503713607788,High
IMG_6679.jpg,IMG,Bombax_SE,0,0.8230827450752258,Bombax Ceiba,0.9952778816223145,High,Bombax Ceiba,0.7575130462646484,Medium
IMG_6726.jpg,IMG,Bombax_SE,0,0.9608586430549622,Bombax Ceiba,0.9973275661468506,High,Bombax Ceiba,0.8133498430252075,Medium
IMG_6751.jpg,IMG,Bombax_SE,0,0.8105507493019104,Bombax Ceiba,0.981913149356842,High,Bombax Ceiba,0.6109718084335327,Medium
IMG_6798.jpg,IMG,Bombax_SE,0,0.8831393122673035,Bombax Ceiba,0.998266577720642,High,Bombax Ceiba,0.8025447130203247,Medium
IMG_6826.jpg,IMG,Bombax_SE,0,0.9281304478645324,Bombax Ceiba,0.9987499713897704,High,Bombax Ceiba,0.9347622394561768,High
IMG_6877.jpg,IMG,Bombax_SE,0,0.7873319983482361,Bombax Ceiba,0.856139600276947,High,Lunalilo Yellow Shower Tree,0.6044256687164307,Medium
IMG_6901.jpg,IMG,Bombax_SE,0,0.8718515038490295,Bombax Ceiba,0.998368799686432,High,Bombax Ceiba,0.9074341654777528,High
IMG_6951.jpg,IMG,Bombax_SE,0,0.9717037677764891,Bombax Ceiba,0.991463840007782,High,Bombax Ceiba,0.6814888715744019,Medium
IMG_7001.jpg,IMG,Bombax_SE,0,0.9404743313789368,Bombax Ceiba,0.9971145391464232,High,Bombax Ceiba,0.8340487480163574,Medium
IMG_7051.jpg,IMG,Bombax_SE,0,0.7770863175392151,Bombax Ceiba,0.9987818598747252,High,Bombax Ceiba,0.8756834864616394,High
IMG_7107.jpg,IMG,Bombax_SE,0,0.949598491191864,Bombax Ceiba,0.9922709465026855,High,Bombax Ceiba,0.7927513122558594,Medium
IMG_7153.jpg,IMG,Bombax_SE,0,0.8848699927330017,Bombax Ceiba,0.9860355854034424,High,Bombax Ceiba,0.6058856248855591,Medium
IMG_7195.jpg,IMG,Bombax_SE,0,0.9866807460784912,Bombax Ceiba,0.9966779947280884,High,Bombax Ceiba,0.8966798782348633,High
IMG_7237.jpg,IMG,Bombax_SE,0,0.9845327734947203,Bombax Ceiba,0.9964290261268616,High,Bombax Ceiba,0.8788750767707825,High
IMG_7400.jpg,IMG,Bombax_SE,0,0.9492871165275574,Bombax Ceiba,0.995541512966156,High,Bombax Ceiba,0.8226156830787659,Medium
IMG_7443.jpg,IMG,Bombax_SE,0,0.943411648273468,Bombax Ceiba,0.9960839748382568,High,Bombax Ceiba,0.7851305603981018,Medium
IMG_7501.jpg,IMG,Bombax_SE,0,0.915871560573578,Bombax Ceiba,0.9671114683151244,High,Bombax Ceiba,0.592943012714386,Low
IMG_7545.jpg,IMG,Bombax_SE,0,0.7949064373970032,Bombax Ceiba,0.9735681414604188,High,Bombax Ceiba,0.6460235714912415,Medium
IMG_7589.jpg,IMG,Bombax_SE,0,0.9340386986732484,Bombax Ceiba,0.9503283500671388,High,Lunalilo Yellow Shower Tree,0.4398945271968841,Low
IMG_7677.jpg,IMG,Bombax_SE,0,0.5788111090660095,Bombax Ceiba,0.9727150201797484,High,Bombax Ceiba,0.6356269121170044,Medium
IMG_7727.jpg,IMG,Bombax_SE,0,0.5666396021842957,Bombax Ceiba,0.98357892036438,High,Bombax Ceiba,0.6240504384040833,Medium
IMG_7770.jpg,IMG,Bombax_SE,0,0.774129331111908,Bombax Ceiba,0.9912331700325012,High,Bombax Ceiba,0.6148204207420349,Medium
IMG_7776.jpg,IMG,Bombax_SE,0,0.9049344062805176,Bombax Ceiba,0.998001992702484,High,Bombax Ceiba,0.8914883136749268,High
IMG_7813.jpg,IMG,Bombax_SE,0,0.767638087272644,Bombax Ceiba,0.9840331673622132,High,Bombax Ceiba,0.6714192628860474,Medium
IMG_7818.jpg,IMG,Bombax_SE,0,0.7014750242233276,Bombax Ceiba,0.9893354773521424,High,Bombax Ceiba,0.5975157022476196,Low
IMG_7854.jpg,IMG,Bombax_SE,0,0.8784456849098206,Bombax Ceiba,0.9925121068954468,High,Bombax Ceiba,0.6767451763153076,Medium
IMG_7857.jpg,IMG,Bombax_SE,0,0.5729111433029175,Bombax Ceiba,0.9962342381477356,High,Bombax Ceiba,0.8109163641929626,Medium
IMG_7896.jpg,IMG,Bombax_SE,0,0.9324010610580444,Bombax Ceiba,0.9971938133239746,High,Bombax Ceiba,0.8390332460403442,Medium
IMG_7903.jpg,IMG,Bombax_SE,0,0.7388724684715271,Bombax Ceiba,0.9907569289207458,High,Bombax Ceiba,0.8144387006759644,Medium
IMG_7919.jpg,IMG,Bombax_SE,0,0.4902535676956177,Bombax Ceiba,0.9960615038871764,High,Bombax Ceiba,0.8988490700721741,High
IMG_7958.jpg,IMG,Bombax_SE,0,0.8332988619804382,Bombax Ceiba,0.9986391663551332,High,Bombax Ceiba,0.8243283629417419,Medium
IMG_7974.jpg,IMG,Bombax_SE,2,0.4831330478191376,Bombax Ceiba,0.9825605750083924,High,Bombax Ceiba,0.7511423826217651,Medium
IMG_7983.jpg,IMG,Bombax_SE,1,0.3835791051387787,Bombax Ceiba,0.9992200136184692,High,Bombax Ceiba,0.8772209882736206,High
IMG_7987.jpg,IMG,Bombax_SE,0,0.3710068762302398,Bombax Ceiba,0.9858646392822266,High,Bombax Ceiba,0.6594157218933105,Medium
IMG_8028.jpg,IMG,Bombax_SE,0,0.5208042860031128,Bombax Ceiba,0.9987612962722778,High,Bombax Ceiba,0.8750261664390564,High
IMG_8031.jpg,IMG,Bombax_SE,0,0.3491088449954986,Bombax Ceiba,0.9958887696266174,High,Bombax Ceiba,0.6711257100105286,Medium
IMG_8045.jpg,IMG,Bombax_SE,1,0.4635142683982849,Bombax Ceiba,0.9997496008872986,High,Bombax Ceiba,0.9746993780136108,High
IMG_8071.jpg,IMG,Bombax_SE,2,0.4632883369922638,Bombax Ceiba,0.9968029260635376,High,Bombax Ceiba,0.9062539935112,High
IMG_8086.jpg,IMG,Bombax_SE,0,0.6705935597419739,Bombax Ceiba,0.9821057319641112,High,Bombax Ceiba,0.6161928772926331,Medium
IMG_8108.jpg,IMG,Bombax_SE,0,0.5096132159233093,Bombax Ceiba,0.9988071918487548,High,Bombax Ceiba,0.9421982765197754,High
IMG_8116.jpg,IMG,Bombax_SE,2,0.67516028881073,Bombax Ceiba,0.9952064156532288,High,Bombax Ceiba,0.8013168573379517,Medium
IMG_8138.jpg,IMG,Bombax_SE,0,0.8540933728218079,Bombax Ceiba,0.9846712350845336,High,Bombax Ceiba,0.5484459400177002,Low
IMG_8178.jpg,IMG,Bombax_SE,0,0.733813464641571,Bombax Ceiba,0.9974714517593384,High,Bombax Ceiba,0.8571792244911194,High
IMG_8179.jpg,IMG,Bombax_SE,2,0.5001338720321655,Bombax Ceiba,0.9978006482124328,High,Bombax Ceiba,0.8995152115821838,High
IMG_8213.jpg,IMG,Bombax_SE,0,0.4761859476566314,Bombax Ceiba,0.9951699376106262,High,Bombax Ceiba,0.8198674321174622,Medium
IMG_8223.jpg,IMG,Bombax_SE,2,0.3868573307991028,Bombax Ceiba,0.9988773465156556,High,Bombax Ceiba,0.8500815629959106,High
IMG_8255.jpg,IMG,Bombax_SE,1,0.5705966353416443,Bombax Ceiba,0.9744147658348083,High,Bombax Ceiba,0.5546271204948425,Low
IMG_8286.jpg,IMG,Bombax_SE,0,0.9408706426620485,Bombax Ceiba,0.9770525693893432,High,Bombax Ceiba,0.5354415774345398,Low
IMG_8344.jpg,IMG,Bombax_SE,0,0.6721311211585999,Bombax Ceiba,0.9606845378875732,High,Bombax Ceiba,0.5544164180755615,Low
IMG_8386.jpg,IMG,Bombax_SE,0,0.587839663028717,Bombax Ceiba,0.9657492637634276,High,Bombax Ceiba,0.5561206340789795,Low
IMG_8433.jpg,IMG,Bombax_SE,1,0.5207953453063965,Bombax Ceiba,0.970660924911499,High,Bombax Ceiba,0.7207196950912476,Medium
IMG_8447.jpg,IMG,Bombax_SE,1,0.5154374837875366,Bombax Ceiba,0.8206263780593872,Medium,Bombax Ceiba,0.3457314372062683,Low
IMG_8478.jpg,IMG,Bombax_SE,0,0.718079149723053,Bombax Ceiba,0.9941978454589844,High,Bombax Ceiba,0.8348089456558228,Medium
IMG_8487.jpg,IMG,Bombax_SE,0,0.7790083289146423,Bombax Ceiba,0.9996132254600524,High,Bombax Ceiba,0.9666770696640016,High
IMG_8518.jpg,IMG,Bombax_SE,0,0.6100916862487793,Bombax Ceiba,0.9832874536514282,High,Bombax Ceiba,0.6115543842315674,Medium
IMG_8529.jpg,IMG,Bombax_SE,0,0.6477652192115784,Bombax Ceiba,0.999936580657959,High,Bombax Ceiba,0.984294295310974,High
IMG_8556.jpg,IMG,Bombax_SE,0,0.9072286486625672,Bombax Ceiba,0.9977943897247314,High,Bombax Ceiba,0.8994874358177185,High
IMG_8558.jpg,IMG,Bombax_SE,1,0.2865601480007171,Bombax Ceiba,0.9995051622390748,High,Bombax Ceiba,0.9692835211753844,High
IMG_8596.jpg,IMG,Bombax_SE,2,0.3463430404663086,Bombax Ceiba,0.9755932092666626,High,Bombax Ceiba,0.6715616583824158,Medium
IMG_8599.jpg,IMG,Bombax_SE,3,0.4758893549442291,Bombax Ceiba,0.999799907207489,High,Bombax Ceiba,0.9791234731674194,High
IMG_8604.jpg,IMG,Bombax_SE,1,0.5191288590431213,Bombax Ceiba,0.9900926947593688,High,Bombax Ceiba,0.7813872694969177,Medium
IMG_8627.jpg,IMG,Bombax_SE,3,0.6454132199287415,Bombax Ceiba,0.9998140931129456,High,Bombax Ceiba,0.959823191165924,High
IMG_8640.jpg,IMG,Bombax_SE,0,0.9183384776115416,Bombax Ceiba,0.9287926554679872,High,Bombax Ceiba,0.4567357897758484,Low
IMG_8669.jpg,IMG,Bombax_SE,3,0.9473943710327148,Bombax Ceiba,0.9982367753982544,High,Bombax Ceiba,0.9280136823654176,High
IMG_8688.jpg,IMG,Bombax_SE,3,0.9142960906028748,Bombax Ceiba,0.9907689690589904,High,Bombax Ceiba,0.8940616846084595,High
IMG_8712.jpg,IMG,Bombax_SE,0,0.4631447196006775,Bombax Ceiba,0.9788630604743958,High,Bombax Ceiba,0.5034162402153015,Low
IMG_8731.jpg,IMG,Bombax_SE,3,0.7872898578643799,Bombax Ceiba,0.989551603794098,High,Bombax Ceiba,0.6903548240661621,Medium
IMG_8771.jpg,IMG,Bombax_SE,1,0.4851439893245697,Bombax Ceiba,0.9990214109420776,High,Bombax Ceiba,0.911276876926422,High
IMG_8789.jpg,IMG,Bombax_SE,0,0.97218656539917,Bombax Ceiba,0.9941337704658508,High,Bombax Ceiba,0.7730844020843506,Medium
IMG_8803.jpg,IMG,Bombax_SE,1,0.5307193994522095,Bombax Ceiba,0.9924928545951844,High,Bombax Ceiba,0.8150121569633484,Medium
IMG_8814.jpg,IMG,Bombax_SE,1,0.4149388670921325,Bombax Ceiba,0.9987503290176392,High,Bombax Ceiba,0.8713268041610718,High
IMG_8820.jpg,IMG,Bombax_SE,0,0.7205708026885986,Bombax Ceiba,0.9877766370773317,High,Bombax Ceiba,0.5820645093917847,Low
IMG_8856.jpg,IMG,Bombax_SE,2,0.4497548639774322,Bombax Ceiba,0.9994916915893556,High,Bombax Ceiba,0.9557859301567078,High
IMG_8885.jpg,IMG,Bombax_SE,1,0.5129898190498352,Bombax Ceiba,0.9990882873535156,High,Bombax Ceiba,0.8834296464920044,High
IMG_8891.jpg,IMG,Bombax_SE,0,0.8867257237434387,Bombax Ceiba,0.9937083721160888,High,Bombax Ceiba,0.7632542848587036,Medium
IMG_8911.jpg,IMG,Bombax_SE,0,0.9202772974967957,Bombax Ceiba,0.9809603691101074,High,Bombax Ceiba,0.6425034403800964,Medium
IMG_8925.jpg,IMG,Bombax_SE,1,0.5457794070243835,Bombax Ceiba,0.99993634223938,High,Bombax Ceiba,0.962163269519806,High
IMG_8945.jpg,IMG,Bombax_SE,1,0.4997597932815552,Bombax Ceiba,0.9945502877235411,High,Bombax Ceiba,0.8213986754417419,Medium
IMG_8948.jpg,IMG,Bombax_SE,0,0.8314141631126404,Bombax Ceiba,0.9948285222053528,High,Bombax Ceiba,0.758194625377655,Medium
IMG_8971.jpg,IMG,Bombax_SE,1,0.6514447331428528,Bombax Ceiba,0.996281921863556,High,Bombax Ceiba,0.7387068867683411,Medium
IMG_9010.jpg,IMG,Bombax_SE,0,0.5804741382598877,Bombax Ceiba,0.995310366153717,High,Bombax Ceiba,0.7392692565917969,Medium
IMG_9011.jpg,IMG,Bombax_SE,0,0.8262451887130737,Bombax Ceiba,0.9981897473335266,High,Bombax Ceiba,0.8588342666625977,High
IMG_9036.jpg,IMG,Bombax_SE,0,0.9482558369636536,Bombax Ceiba,0.992583155632019,High,Bombax Ceiba,0.5947945713996887,Low
IMG_9053.jpg,IMG,Bombax_SE,0,0.9231508374214172,Bombax Ceiba,0.9867603778839112,High,Bombax Ceiba,0.6972270011901855,Medium
IMG_9080.jpg,IMG,Bombax_SE,0,0.9134144186973572,Bombax Ceiba,0.9822860360145568,High,Bombax Ceiba,0.5744864344596863,Low
IMG_9093.jpg,IMG,Bombax_SE,0,0.9188903570175172,Bombax Ceiba,0.9998610019683838,High,Bombax Ceiba,0.9737920761108398,High
IMG_9106.jpg,IMG,Bombax_SE,0,0.9730832576751708,Bombax Ceiba,0.9956556558609008,High,Bombax Ceiba,0.776755154132843,Medium
IMG_9145.jpg,IMG,Bombax_SE,0,0.5848941206932068,Bombax Ceiba,0.9971235394477844,High,Bombax Ceiba,0.7424247860908508,Medium
IMG_9147.jpg,IMG,Bombax_SE,0,0.9371175765991212,Bombax Ceiba,0.9978418350219728,High,Bombax Ceiba,0.8620705008506775,High
IMG_9176.jpg,IMG,Bombax_SE,0,0.9581144452095032,Bombax Ceiba,0.937773585319519,High,Rainbow Shower Tree,0.6302056312561035,Medium
IMG_9192.jpg,IMG,Bombax_SE,0,0.924874186515808,Bombax Ceiba,0.9838340878486632,High,Bombax Ceiba,0.7581892609596252,Medium
IMG_9232.jpg,IMG,Bombax_SE,0,0.9188659191131592,Bombax Ceiba,0.9725680947303772,High,Bombax Ceiba,0.4389269649982452,Low
IMG_9256 (1).jpg,IMG,Bombax_SE,0,0.7788785696029663,Bombax Ceiba,0.9996218681335448,High,Bombax Ceiba,0.9419625401496888,High
IMG_9256.jpg,IMG,Bombax_SE,0,0.9484198093414308,Bombax Ceiba,0.9310333728790284,High,Bombax Ceiba,0.7595397233963013,Medium
IMG_9292.jpg,IMG,Bombax_SE,0,0.5929790139198303,Bombax Ceiba,0.9796984195709229,High,Bombax Ceiba,0.5748996138572693,Low
IMG_9293.jpg,IMG,Bombax_SE,0,0.5820446014404297,Bombax Ceiba,0.9983299374580384,High,Bombax Ceiba,0.8775380253791809,High
IMG_9298.jpg,IMG,Bombax_SE,0,0.961492657661438,Bombax Ceiba,0.9924668669700624,High,Bombax Ceiba,0.7504748702049255,Medium
IMG_9303.jpg,IMG,Bombax_SE,1,0.4969672858715057,Bombax Ceiba,0.9995576739311218,High,Bombax Ceiba,0.9009788632392884,High
IMG_9322.jpg,IMG,Bombax_SE,0,0.9780885577201844,Bombax Ceiba,0.9754489064216614,High,Bombax Ceiba,0.5608245134353638,Low
IMG_9336.jpg,IMG,Bombax_SE,3,0.5496509075164795,Bombax Ceiba,0.9916131496429444,High,Bombax Ceiba,0.654075026512146,Medium
IMG_9340.jpg,IMG,Bombax_SE,1,0.4524979591369629,Bombax Ceiba,0.9992340803146362,High,Bombax Ceiba,0.9360318779945374,High
IMG_9342.jpg,IMG,Bombax_SE,0,0.4924554228782654,Bombax Ceiba,0.9988307356834412,High,Bombax Ceiba,0.8945814967155457,High
IMG_9359.jpg,IMG,Bombax_SE,1,0.4420409202575683,Bombax Ceiba,0.9956632256507874,High,Bombax Ceiba,0.7474566698074341,Medium
IMG_9376.jpg,IMG,Bombax_SE,0,0.9919314980506896,Bombax Ceiba,0.997064173221588,High,Bombax Ceiba,0.857893168926239,High
IMG_9402.jpg,IMG,Bombax_SE,0,0.9250237941741944,Bombax Ceiba,0.9736855626106262,High,Bombax Ceiba,0.6047294735908508,Medium
IMG_9411.jpg,IMG,Bombax_SE,1,0.5924146771430969,Bombax Ceiba,0.9988454580307008,High,Bombax Ceiba,0.8706862330436707,High
IMG_9442.jpg,IMG,Bombax_SE,0,0.9269501566886902,Bombax Ceiba,0.97989159822464,High,Bombax Ceiba,0.619925320148468,Medium
IMG_9455.jpg,IMG,Bombax_SE,2,0.4579912424087524,Bombax Ceiba,0.9990563988685608,High,Bombax Ceiba,0.8995776176452637,High
IMG_9475.jpg,IMG,Bombax_SE,0,0.9898284673690796,Bombax Ceiba,0.9867210388183594,High,Bombax Ceiba,0.7744447588920593,Medium
IMG_9492.jpg,IMG,Bombax_SE,2,0.4252005517482757,Bombax Ceiba,0.9950951337814332,High,Bombax Ceiba,0.8385840654373169,Medium
IMG_9505.jpg,IMG,Bombax_SE,3,0.8783617615699768,Bombax Ceiba,0.9979676604270936,High,Bombax Ceiba,0.9018077254295348,High
IMG_9514 (1).jpg,IMG,Bombax_SE,3,0.8962321281433105,Bombax Ceiba,0.9955257773399352,High,Bombax Ceiba,0.7898594737052917,Medium
IMG_9514.jpg,IMG,Bombax_SE,0,0.9827500581741332,Bombax Ceiba,0.9675989747047424,High,Bombax Ceiba,0.7247912883758545,Medium
IMG_9551.jpg,IMG,Bombax_SE,2,0.3332612514495849,Bombax Ceiba,0.994756817817688,High,Bombax Ceiba,0.7477491497993469,Medium
IMG_9552.jpg,IMG,Bombax_SE,0,0.9269065260887146,Bombax Ceiba,0.9852723479270936,High,Bombax Ceiba,0.7523231506347656,Medium
IMG_9591.jpg,IMG,Bombax_SE,1,0.5397064089775085,Bombax Ceiba,0.9959864020347596,High,Bombax Ceiba,0.8446747064590454,Medium
IMG_9599.jpg,IMG,Bombax_SE,0,0.9936142563819884,Bombax Ceiba,0.9708182215690612,High,Bombax Ceiba,0.5097955465316772,Low
IMG_9638.jpg,IMG,Bombax_SE,0,0.9527741074562072,Bombax Ceiba,0.9519016146659852,High,Bombax Ceiba,0.5440503358840942,Low
IMG_9672.jpg,IMG,Bombax_SE,0,0.4167794287204742,Bombax Ceiba,0.994473159313202,High,Bombax Ceiba,0.7139914035797119,Medium
IMG_9677.jpg,IMG,Bombax_SE,0,0.9529818892478944,Bombax Ceiba,0.9877297282218932,High,Bombax Ceiba,0.7882164120674133,Medium
IMG_9695.jpg,IMG,Bombax_SE,1,0.7753879427909851,Bombax Ceiba,0.9925328493118286,High,Bombax Ceiba,0.7717957496643066,Medium
IMG_9719.jpg,IMG,Bombax_SE,0,0.9772189855575562,Bombax Ceiba,0.990807831287384,High,Bombax Ceiba,0.8361251950263977,Medium
IMG_9743.jpg,IMG,Bombax_SE,1,0.7789480090141296,Bombax Ceiba,0.9996603727340698,High,Bombax Ceiba,0.970361590385437,High
IMG_9759.jpg,IMG,Bombax_SE,1,0.5247113704681396,Bombax Ceiba,0.9991477727890016,High,Bombax Ceiba,0.8998370170593262,High
IMG_9761.jpg,IMG,Bombax_SE,0,0.975072145462036,Bombax Ceiba,0.9854972958564758,High,Bombax Ceiba,0.7724019289016724,Medium
IMG_9800.jpg,IMG,Bombax_SE,1,0.5196740031242371,Bombax Ceiba,0.9830120205879213,High,Bombax Ceiba,0.7007042169570923,Medium
IMG_9802.jpg,IMG,Bombax_SE,0,0.9939059615135192,Bombax Ceiba,0.9321848154067992,High,Bombax Ceiba,0.6024513840675354,Medium
IMG_9848.jpg,IMG,Bombax_SE,0,0.8643685579299927,Bombax Ceiba,0.98911452293396,High,Bombax Ceiba,0.7808355689048767,Medium
IMG_9874.jpg,IMG,Bombax_SE,0,0.4820045232772827,Bombax Ceiba,0.9971952438354492,High,Bombax Ceiba,0.8026703000068665,Medium
IMG_9893.jpg,IMG,Bombax_SE,0,0.9715496897697448,Bombax Ceiba,0.9543056488037108,High,Bombax Ceiba,0.7382652163505554,Medium
IMG_9919.jpg,IMG,Bombax_SE,1,0.4964852631092071,Bombax Ceiba,0.9969274401664734,High,Bombax Ceiba,0.9457691311836244,High
IMG_9936.jpg,IMG,Bombax_SE,0,0.912129819393158,Bombax Ceiba,0.944377303123474,High,Bombax Ceiba,0.6537797451019287,Medium
IMG_9976.jpg,IMG,Bombax_SE,0,0.9598672389984132,Bombax Ceiba,0.9957292675971984,High,Bombax Ceiba,0.8251082301139832,Medium
IMG_0046.jpg,IMG,East-West-Maile,2,0.2895143926143646,Queen's White Shower Tree,0.8914781808853149,High,Lunalilo Yellow Shower Tree,0.3171961903572082,Low
IMG_0055.jpg,IMG,East-West-Maile,0,0.459979385137558,Queen's White Shower Tree,0.7933695912361145,Medium,Lunalilo Yellow Shower Tree,0.4713025093078613,Low
IMG_0086.jpg,IMG,East-West-Maile,3,0.4046834111213684,Queen's White Shower Tree,0.993843674659729,High,Queen's White Shower Tree,0.6636120080947876,Medium
IMG_0121.jpg,IMG,East-West-Maile,0,0.6516869068145752,Queen's White Shower Tree,0.933893859386444,High,Queen's White Shower Tree,0.586358904838562,Low
IMG_0126.jpg,IMG,East-West-Maile,2,0.5396333932876587,Queen's White Shower Tree,0.993177890777588,High,Queen's White Shower Tree,0.7220553159713745,Medium
IMG_0169.jpg,IMG,East-West-Maile,2,0.4871337115764618,Queen's White Shower Tree,0.9991191029548644,High,Queen's White Shower Tree,0.940913736820221,High
IMG_0189.jpg,IMG,East-West-Maile,0,0.8921210765838623,Queen's White Shower Tree,0.9723783731460572,High,Queen's White Shower Tree,0.740837037563324,Medium
IMG_0210.jpg,IMG,East-West-Maile,2,0.6583398580551147,Queen's White Shower Tree,0.9911733269691468,High,Queen's White Shower Tree,0.6924349665641785,Medium
IMG_0254.jpg,IMG,East-West-Maile,1,0.3884201049804687,Queen's White Shower Tree,0.9959551095962524,High,Queen's White Shower Tree,0.7477468252182007,Medium
IMG_0256.jpg,IMG,East-West-Maile,2,0.4276683330535888,Queen's White Shower Tree,0.994608998298645,High,Queen's White Shower Tree,0.8219232559204102,Medium
IMG_0302.jpg,IMG,East-West-Maile,0,0.7627349495887756,Queen's White Shower Tree,0.9849972724914552,High,Queen's White Shower Tree,0.5108028054237366,Low
IMG_0326.jpg,IMG,East-West-Maile,0,0.899736225605011,Queen's White Shower Tree,0.8576001524925232,High,Rainbow Shower Tree,0.3414027392864227,Low
IMG_0373.jpg,IMG,East-West-Maile,1,0.6225554347038269,Queen's White Shower Tree,0.9816423654556274,High,Queen's White Shower Tree,0.4102652668952942,Low
IMG_0392.jpg,IMG,East-West-Maile,0,0.457775354385376,Queen's White Shower Tree,0.9643357396125792,High,Queen's White Shower Tree,0.61037278175354,Medium
IMG_0419.jpg,IMG,East-West-Maile,1,0.4878807663917541,Queen's White Shower Tree,0.9917805790901184,High,Queen's White Shower Tree,0.6966149806976318,Medium
IMG_0465.jpg,IMG,East-West-Maile,0,0.8166185021400452,Queen's White Shower Tree,0.931203305721283,High,Rainbow Shower Tree,0.492325484752655,Low
IMG_0466.jpg,IMG,East-West-Maile,0,0.8686298131942749,Queen's White Shower Tree,0.942865788936615,High,Queen's White Shower Tree,0.5866546630859375,Low
IMG_0510.jpg,IMG,East-West-Maile,0,0.6695413589477539,Rainbow Shower Tree,0.8195027709007263,Medium,Rainbow Shower Tree,0.6881573796272278,Medium
IMG_0511.jpg,IMG,East-West-Maile,0,0.7338703870773315,Rainbow Shower Tree,0.9671711325645448,High,Rainbow Shower Tree,0.8935626745223999,High
IMG_0512.jpg,IMG,East-West-Maile,0,0.9000152945518494,Queen's White Shower Tree,0.9157984852790833,High,Rainbow Shower Tree,0.6043433547019958,Medium
IMG_0517.jpg,IMG,East-West-Maile,2,0.6154494285583496,Queen's White Shower Tree,0.9777538776397704,High,Queen's White Shower Tree,0.614931046962738,Medium
IMG_0535.jpg,IMG,East-West-Maile,3,0.4679727852344513,Queen's White Shower Tree,0.9865002036094666,High,Queen's White Shower Tree,0.6565148234367371,Medium
IMG_0554.jpg,IMG,East-West-Maile,0,0.4701849222183227,Queen's White Shower Tree,0.994517743587494,High,Queen's White Shower Tree,0.6950415968894958,Medium
IMG_0578.jpg,IMG,East-West-Maile,3,0.5299280881881714,Queen's White Shower Tree,0.8767848014831543,High,Lunalilo Yellow Shower Tree,0.5938087105751038,Low
IMG_0595.jpg,IMG,East-West-Maile,0,0.8006653189659119,Queen's White Shower Tree,0.936426281929016,High,Queen's White Shower Tree,0.5873062014579773,Low
IMG_0608.jpg,IMG,East-West-Maile,3,0.5991564989089966,Queen's White Shower Tree,0.9982129335403442,High,Queen's White Shower Tree,0.8854085803031921,High
IMG_0637.jpg,IMG,East-West-Maile,3,0.7060778737068176,Queen's White Shower Tree,0.999787986278534,High,Queen's White Shower Tree,0.9861088395118712,High
IMG_0643.jpg,IMG,East-West-Maile,0,0.6161893606185913,Queen's White Shower Tree,0.987539529800415,High,Queen's White Shower Tree,0.4396430253982544,Low
IMG_0684.jpg,IMG,East-West-Maile,0,0.835307240486145,Queen's White Shower Tree,0.9549732208251952,High,Queen's White Shower Tree,0.6940128207206726,Medium
IMG_0686.jpg,IMG,East-West-Maile,3,0.6837061047554016,Queen's White Shower Tree,0.9948285222053528,High,Queen's White Shower Tree,0.7955760359764099,Medium
IMG_0719.jpg,IMG,East-West-Maile,3,0.5350037813186646,Queen's White Shower Tree,0.8808426260948181,High,Lunalilo Yellow Shower Tree,0.5913789868354797,Low
IMG_0729.jpg,IMG,East-West-Maile,1,0.6169211268424988,Queen's White Shower Tree,0.8979645371437073,High,Rainbow Shower Tree,0.5283293724060059,Low
IMG_0770.jpg,IMG,East-West-Maile,3,0.5647969245910645,Queen's White Shower Tree,0.9955767393112184,High,Queen's White Shower Tree,0.7885216474533081,Medium
IMG_0777.jpg,IMG,East-West-Maile,0,0.9626959562301636,Queen's White Shower Tree,0.9941593408584596,High,Queen's White Shower Tree,0.8152703046798706,Medium
IMG_0806.jpg,IMG,East-West-Maile,3,0.561954915523529,Queen's White Shower Tree,0.995017945766449,High,Queen's White Shower Tree,0.8591720461845398,High
IMG_0816.jpg,IMG,East-West-Maile,0,0.9431906938552856,Queen's White Shower Tree,0.9942764639854432,High,Queen's White Shower Tree,0.8572534918785095,High
IMG_0843.jpg,IMG,East-West-Maile,2,0.4289363622665405,Queen's White Shower Tree,0.8288736343383789,Medium,Lunalilo Yellow Shower Tree,0.3374872803688049,Low
IMG_0857.jpg,IMG,East-West-Maile,0,0.5816841125488281,Queen's White Shower Tree,0.9715107679367064,High,Queen's White Shower Tree,0.6184250712394714,Medium
IMG_0873.jpg,IMG,East-West-Maile,2,0.5729576945304871,Queen's White Shower Tree,0.9830564856529236,High,Queen's White Shower Tree,0.5972527265548706,Low
IMG_0905.jpg,IMG,East-West-Maile,0,0.9506232142448424,Queen's White Shower Tree,0.8946507573127747,High,Rainbow Shower Tree,0.5579963326454163,Low
IMG_0933.jpg,IMG,East-West-Maile,0,0.4456597566604614,Queen's White Shower Tree,0.6411455869674683,Medium,Rainbow Shower Tree,0.5844686031341553,Low
IMG_0943.jpg,IMG,East-West-Maile,0,0.8723054528236389,Queen's White Shower Tree,0.7604445219039917,Medium,Rainbow Shower Tree,0.508399248123169,Low
IMG_0951.jpg,IMG,East-West-Maile,0,0.4823274314403534,Queen's White Shower Tree,0.97808438539505,High,Queen's White Shower Tree,0.6538655757904053,Medium
IMG_0983.jpg,IMG,East-West-Maile,0,0.8486708998680115,Queen's White Shower Tree,0.9701098799705504,High,Queen's White Shower Tree,0.7685453295707703,Medium
IMG_0987.jpg,IMG,East-West-Maile,0,0.5223285555839539,Queen's White Shower Tree,0.9852352142333984,High,Queen's White Shower Tree,0.7589778900146484,Medium
IMG_1013.jpg,IMG,East-West-Maile,0,0.40546715259552,Queen's White Shower Tree,0.9676293134689332,High,Queen's White Shower Tree,0.5739132761955261,Low
IMG_1027.jpg,IMG,East-West-Maile,0,0.4122247993946075,Queen's White Shower Tree,0.988903820514679,High,Queen's White Shower Tree,0.6583564281463623,Medium
IMG_1058.jpg,IMG,East-West-Maile,0,0.8168028593063354,Queen's White Shower Tree,0.4614394307136535,Low,Bombax Ceiba,0.370481014251709,Low
IMG_1096.jpg,IMG,East-West-Maile,0,0.5958573818206787,Queen's White Shower Tree,0.9549695253372192,High,Queen's White Shower Tree,0.5523184537887573,Low
IMG_1119.jpg,IMG,East-West-Maile,0,0.6677008271217346,Queen's White Shower Tree,0.9532532691955566,High,Rainbow Shower Tree,0.4998702704906463,Low
IMG_1140.jpg,IMG,East-West-Maile,0,0.8781561851501465,Queen's White Shower Tree,0.9626613855361938,High,Queen's White Shower Tree,0.5385674238204956,Low
IMG_1212.jpg,IMG,East-West-Maile,1,0.687005341053009,Rainbow Shower Tree,0.878386914730072,High,Rainbow Shower Tree,0.5432537198066711,Low
IMG_1241.jpg,IMG,East-West-Maile,0,0.963135063648224,Queen's White Shower Tree,0.98982971906662,High,Queen's White Shower Tree,0.7750638127326965,Medium
IMG_1259.jpg,IMG,East-West-Maile,0,0.8340744376182556,Queen's White Shower Tree,0.5677067637443542,Low,Rainbow Shower Tree,0.7296364307403564,Medium
IMG_1309.jpg,IMG,East-West-Maile,0,0.9233748316764832,Queen's White Shower Tree,0.9754477739334106,High,Queen's White Shower Tree,0.5730406045913696,Low
IMG_1327.jpg,IMG,East-West-Maile,0,0.6755744814872742,Queen's White Shower Tree,0.9729902148246764,High,Queen's White Shower Tree,0.5707569718360901,Low
IMG_1345.jpg,IMG,East-West-Maile,0,0.8196508884429932,Queen's White Shower Tree,0.965755581855774,High,Lunalilo Yellow Shower Tree,0.3810048997402191,Low
IMG_1399.jpg,IMG,East-West-Maile,0,0.990479290485382,Queen's White Shower Tree,0.9058554172515868,High,Rainbow Shower Tree,0.3835700750350952,Low
IMG_1415.jpg,IMG,East-West-Maile,0,0.6190752387046814,Queen's White Shower Tree,0.9783942103385924,High,Queen's White Shower Tree,0.7498477101325989,Medium
IMG_1437.jpg,IMG,East-West-Maile,0,0.5309728980064392,Queen's White Shower Tree,0.8044643998146057,Medium,Rainbow Shower Tree,0.3954915702342987,Low
IMG_1438.jpg,IMG,East-West-Maile,0,0.9953124523162842,Queen's White Shower Tree,0.8871204257011414,High,Lunalilo Yellow Shower Tree,0.2764363884925842,Low
IMG_1456.jpg,IMG,East-West-Maile,0,0.842107355594635,Queen's White Shower Tree,0.9554031491279602,High,Rainbow Shower Tree,0.379301905632019,Low
IMG_1501.jpg,IMG,East-West-Maile,2,0.519433319568634,Queen's White Shower Tree,0.9950000047683716,High,Queen's White Shower Tree,0.7046511173248291,Medium
IMG_1550.jpg,IMG,East-West-Maile,2,0.4887657761573791,Queen's White Shower Tree,0.9971835017204284,High,Queen's White Shower Tree,0.8047610521316528,Medium
IMG_1554.jpg,IMG,East-West-Maile,0,0.9969334602355956,Queen's White Shower Tree,0.897058367729187,High,Rainbow Shower Tree,0.3916633427143097,Low
IMG_1597.jpg,IMG,East-West-Maile,0,0.6780657768249512,Queen's White Shower Tree,0.9972875118255616,High,Queen's White Shower Tree,0.9115396738052368,High
IMG_1600.jpg,IMG,East-West-Maile,0,0.9521664381027222,Queen's White Shower Tree,0.9055861234664916,High,Queen's White Shower Tree,0.4010297656059265,Low
IMG_1638.jpg,IMG,East-West-Maile,0,0.9652552008628844,Queen's White Shower Tree,0.9878921508789062,High,Queen's White Shower Tree,0.7305504083633423,Medium
IMG_1661.jpg,IMG,East-West-Maile,0,0.4731349050998688,Queen's White Shower Tree,0.884718120098114,High,Lunalilo Yellow Shower Tree,0.4077188670635223,Low
IMG_1678.jpg,IMG,East-West-Maile,0,0.8979120850563049,Queen's White Shower Tree,0.9905226826667786,High,Queen's White Shower Tree,0.6865184307098389,Medium
IMG_1679.jpg,IMG,East-West-Maile,0,0.8693848252296448,Queen's White Shower Tree,0.9538688659667968,High,Queen's White Shower Tree,0.5055516362190247,Low
IMG_1753.jpg,IMG,East-West-Maile,0,0.8733918070793152,Queen's White Shower Tree,0.9067692756652832,High,Queen's White Shower Tree,0.4286495745182037,Low
IMG_1762.jpg,IMG,East-West-Maile,0,0.6040372848510742,Queen's White Shower Tree,0.9704941511154176,High,Queen's White Shower Tree,0.4859620630741119,Low
IMG_1830.jpg,IMG,East-West-Maile,0,0.8745397329330444,Queen's White Shower Tree,0.9593040347099304,High,Rainbow Shower Tree,0.5087717175483704,Low
IMG_1837.jpg,IMG,East-West-Maile,0,0.4557315111160278,Queen's White Shower Tree,0.9839121699333192,High,Queen's White Shower Tree,0.7282299995422363,Medium
IMG_1876.jpg,IMG,East-West-Maile,0,0.6919054985046387,Queen's White Shower Tree,0.959226667881012,High,Queen's White Shower Tree,0.4520914256572723,Low
IMG_1881.jpg,IMG,East-West-Maile,0,0.8507533669471741,Queen's White Shower Tree,0.969151735305786,High,Queen's White Shower Tree,0.5027608871459961,Low
IMG_1946.jpg,IMG,East-West-Maile,0,0.8000447750091553,Queen's White Shower Tree,0.9636383652687072,High,Rainbow Shower Tree,0.5367270708084106,Low
IMG_1975.jpg,IMG,East-West-Maile,0,0.5940225124359131,Queen's White Shower Tree,0.976855993270874,High,Queen's White Shower Tree,0.4303289651870727,Low
IMG_1985.jpg,IMG,East-West-Maile,0,0.7946322560310364,Queen's White Shower Tree,0.9663392901420592,High,Queen's White Shower Tree,0.6740906238555908,Medium
IMG_2033.jpg,IMG,East-West-Maile,0,0.6461383700370789,Queen's White Shower Tree,0.9765679240226746,High,Queen's White Shower Tree,0.9319053292274476,High
IMG_2052.jpg,IMG,East-West-Maile,0,0.9701180458068848,Queen's White Shower Tree,0.8402925133705139,Medium,Rainbow Shower Tree,0.3752898871898651,Low
IMG_2055.jpg,IMG,East-West-Maile,0,0.9781688451766968,Queen's White Shower Tree,0.9992338418960572,High,Queen's White Shower Tree,0.942449986934662,High
IMG_2090.jpg,IMG,East-West-Maile,0,0.8796541690826416,Queen's White Shower Tree,0.9928661584854126,High,Queen's White Shower Tree,0.8898229002952576,High
IMG_2116.jpg,IMG,East-West-Maile,0,0.926699161529541,Queen's White Shower Tree,0.9609439373016356,High,Rainbow Shower Tree,0.4988585114479065,Low
IMG_2149.jpg,IMG,East-West-Maile,0,0.6209852695465088,Queen's White Shower Tree,0.9978531002998352,High,Queen's White Shower Tree,0.9518120288848876,High
IMG_2172.jpg,IMG,East-West-Maile,0,0.7965695858001709,Queen's White Shower Tree,0.9904727339744568,High,Queen's White Shower Tree,0.8444551229476929,Medium
IMG_2211.jpg,IMG,East-West-Maile,0,0.9393935799598694,Queen's White Shower Tree,0.9597113132476808,High,Queen's White Shower Tree,0.7645118236541748,Medium
IMG_2215.jpg,IMG,East-West-Maile,0,0.8378358483314514,Queen's White Shower Tree,0.9660837054252625,High,Queen's White Shower Tree,0.6899678111076355,Medium
IMG_2257.jpg,IMG,East-West-Maile,0,0.8182623386383057,Queen's White Shower Tree,0.983268976211548,High,Queen's White Shower Tree,0.8978268504142761,High
IMG_2301.jpg,IMG,East-West-Maile,0,0.786312460899353,Queen's White Shower Tree,0.7983813285827637,Medium,Bombax Ceiba,0.3412286937236786,Low
IMG_2326.jpg,IMG,East-West-Maile,0,0.8918489217758179,Queen's White Shower Tree,0.9913573265075684,High,Queen's White Shower Tree,0.8342832326889038,Medium
IMG_2372 (1).jpg,IMG,East-West-Maile,0,0.8611948490142822,Queen's White Shower Tree,0.9905191659927368,High,Queen's White Shower Tree,0.8150111436843872,Medium
IMG_2372.jpg,IMG,East-West-Maile,0,0.8726082444190979,Queen's White Shower Tree,0.8766740560531616,High,Rainbow Shower Tree,0.6105431318283081,Medium
IMG_2438.jpg,IMG,East-West-Maile,0,0.9220876693725586,Queen's White Shower Tree,0.9877883791923524,High,Queen's White Shower Tree,0.7609357237815857,Medium
IMG_2440.jpg,IMG,East-West-Maile,0,0.7929129004478455,Queen's White Shower Tree,0.9467718601226808,High,Queen's White Shower Tree,0.469027578830719,Low
IMG_2510.jpg,IMG,East-West-Maile,0,0.8478444814682007,Queen's White Shower Tree,0.9504661560058594,High,Queen's White Shower Tree,0.6028831005096436,Medium
IMG_2518.jpg,IMG,East-West-Maile,0,0.9472449421882628,Queen's White Shower Tree,0.4015024602413177,Low,Lunalilo Yellow Shower Tree,0.5000877976417542,Low
IMG_2591.jpg,IMG,East-West-Maile,0,0.8772154450416565,Queen's White Shower Tree,0.9747319221496582,High,Queen's White Shower Tree,0.7339533567428589,Medium
IMG_2666.jpg,IMG,East-West-Maile,1,0.5511727333068848,Queen's White Shower Tree,0.9348998665809632,High,Queen's White Shower Tree,0.4014216661453247,Low
IMG_2673.jpg,IMG,East-West-Maile,0,0.912172257900238,Queen's White Shower Tree,0.995116114616394,High,Queen's White Shower Tree,0.7893999814987183,Medium
IMG_2749.jpg,IMG,East-West-Maile,0,0.9282535910606384,Queen's White Shower Tree,0.9973612427711488,High,Queen's White Shower Tree,0.8609064817428589,High
IMG_2813.jpg,IMG,East-West-Maile,0,0.946388065814972,Queen's White Shower Tree,0.9988025426864624,High,Queen's White Shower Tree,0.9022660255432128,High
IMG_2837.jpg,IMG,East-West-Maile,0,0.8355554938316345,Queen's White Shower Tree,0.9080360531806946,High,Lunalilo Yellow Shower Tree,0.6836884617805481,Medium
IMG_2887.jpg,IMG,East-West-Maile,0,0.8421735167503357,Queen's White Shower Tree,0.9903109073638916,High,Queen's White Shower Tree,0.8161801099777222,Medium
IMG_2931.jpg,IMG,East-West-Maile,0,0.8940966725349426,Queen's White Shower Tree,0.938792645931244,High,Queen's White Shower Tree,0.7328680753707886,Medium
IMG_3014.jpg,IMG,East-West-Maile,0,0.8871835470199585,Queen's White Shower Tree,0.8805752396583557,High,Queen's White Shower Tree,0.4041609466075897,Low
IMG_3055.jpg,IMG,East-West-Maile,1,0.6483834981918335,Queen's White Shower Tree,0.8181785345077515,Medium,Lunalilo Yellow Shower Tree,0.3114247024059295,Low
IMG_3100.jpg,IMG,East-West-Maile,0,0.5959094166755676,Queen's White Shower Tree,0.9908087253570556,High,Queen's White Shower Tree,0.7697975039482117,Medium
IMG_3145.jpg,IMG,East-West-Maile,0,0.467281311750412,Queen's White Shower Tree,0.6940792202949524,Medium,Rainbow Shower Tree,0.5948938131332397,Low
IMG_3188.jpg,IMG,East-West-Maile,0,0.7067165970802307,Queen's White Shower Tree,0.8833926320075989,High,Lunalilo Yellow Shower Tree,0.3780092895030975,Low
IMG_3230.jpg,IMG,East-West-Maile,0,0.6797530055046082,Queen's White Shower Tree,0.980102002620697,High,Queen's White Shower Tree,0.8052047491073608,Medium
IMG_3281.jpg,IMG,East-West-Maile,1,0.5272004008293152,Queen's White Shower Tree,0.9118834137916564,High,Lunalilo Yellow Shower Tree,0.4610235393047333,Low
IMG_3332.jpg,IMG,East-West-Maile,0,0.4915379881858825,Queen's White Shower Tree,0.7687805891036987,Medium,Rainbow Shower Tree,0.3661452233791351,Low
IMG_3381.jpg,IMG,East-West-Maile,1,0.7031323313713074,Queen's White Shower Tree,0.8456603288650513,Medium,Lunalilo Yellow Shower Tree,0.3905439674854278,Low
IMG_3529.jpg,IMG,East-West-Maile,3,0.7389983534812927,Queen's White Shower Tree,0.9762616157531738,High,Queen's White Shower Tree,0.6401020288467407,Medium
IMG_3568.jpg,IMG,East-West-Maile,3,0.5585871934890747,Queen's White Shower Tree,0.9994008541107178,High,Queen's White Shower Tree,0.9618871212005616,High
IMG_3614.jpg,IMG,East-West-Maile,3,0.8593767285346985,Queen's White Shower Tree,0.9842621088027954,High,Queen's White Shower Tree,0.6607879996299744,Medium
IMG_3654.jpg,IMG,East-West-Maile,3,0.7370517253875732,Queen's White Shower Tree,0.9935930371284484,High,Queen's White Shower Tree,0.778474748134613,Medium
IMG_3697.jpg,IMG,East-West-Maile,3,0.8726702928543091,Queen's White Shower Tree,0.9890861511230468,High,Queen's White Shower Tree,0.7695090174674988,Medium
IMG_3744.jpg,IMG,East-West-Maile,3,0.7206113338470459,Queen's White Shower Tree,0.9929603934288024,High,Queen's White Shower Tree,0.7237709164619446,Medium
IMG_3785.jpg,IMG,East-West-Maile,3,0.4034197926521301,Queen's White Shower Tree,0.9789076447486876,High,Queen's White Shower Tree,0.6060310006141663,Medium
IMG_3827.jpg,IMG,East-West-Maile,3,0.4602338969707489,Queen's White Shower Tree,0.9761236906051636,High,Queen's White Shower Tree,0.6609985828399658,Medium
IMG_3868.jpg,IMG,East-West-Maile,1,0.3867612183094024,Queen's White Shower Tree,0.9921116828918456,High,Queen's White Shower Tree,0.8025530576705933,Medium
IMG_3914.jpg,IMG,East-West-Maile,1,0.6417276859283447,Queen's White Shower Tree,0.9903016686439514,High,Queen's White Shower Tree,0.5876144170761108,Low
IMG_3953.jpg,IMG,East-West-Maile,1,0.6390637755393982,Queen's White Shower Tree,0.9985929131507874,High,Queen's White Shower Tree,0.8535615801811218,High
IMG_3992.jpg,IMG,East-West-Maile,1,0.504509687423706,Queen's White Shower Tree,0.7708327770233154,Medium,Lunalilo Yellow Shower Tree,0.4247251451015472,Low
IMG_4104.jpg,IMG,East-West-Maile,1,0.561206042766571,Queen's White Shower Tree,0.9947245717048644,High,Queen's White Shower Tree,0.6984713077545166,Medium
IMG_4141.jpg,IMG,East-West-Maile,0,0.6925151944160461,Queen's White Shower Tree,0.7662038207054138,Medium,Rainbow Shower Tree,0.4022158682346344,Low
IMG_4183.jpg,IMG,East-West-Maile,2,0.4196195304393768,Queen's White Shower Tree,0.9883853197097778,High,Queen's White Shower Tree,0.7619354128837585,Medium
IMG_4229.jpg,IMG,East-West-Maile,0,0.6951606273651123,Queen's White Shower Tree,0.9947955012321472,High,Queen's White Shower Tree,0.8098174333572388,Medium
IMG_4277.jpg,IMG,East-West-Maile,0,0.8792850375175476,Queen's White Shower Tree,0.9742072224617004,High,Queen's White Shower Tree,0.8272129893302917,Medium
IMG_4321.jpg,IMG,East-West-Maile,0,0.919845163822174,Queen's White Shower Tree,0.9838693737983704,High,Queen's White Shower Tree,0.7559225559234619,Medium
IMG_4362.jpg,IMG,East-West-Maile,0,0.8063077926635742,Queen's White Shower Tree,0.9790062308311462,High,Queen's White Shower Tree,0.7377091646194458,Medium
IMG_4411.jpg,IMG,East-West-Maile,0,0.7769404053688049,Queen's White Shower Tree,0.9853750467300416,High,Queen's White Shower Tree,0.7002329230308533,Medium
IMG_4429.jpg,IMG,East-West-Maile,0,0.8781132698059082,Queen's White Shower Tree,0.9961219429969788,High,Queen's White Shower Tree,0.7236717343330383,Medium
IMG_4457.jpg,IMG,East-West-Maile,0,0.8122854828834534,Queen's White Shower Tree,0.8592338562011719,High,Rainbow Shower Tree,0.7604151368141174,Medium
IMG_4469.jpg,IMG,East-West-Maile,0,0.5504531264305115,Queen's White Shower Tree,0.958868145942688,High,Queen's White Shower Tree,0.5126441717147827,Low
IMG_4498.jpg,IMG,East-West-Maile,0,0.5289838314056396,Queen's White Shower Tree,0.96158105134964,High,Lunalilo Yellow Shower Tree,0.3376283347606659,Low
IMG_4528.jpg,IMG,East-West-Maile,0,0.8890206813812256,Queen's White Shower Tree,0.9905192852020264,High,Queen's White Shower Tree,0.7876613140106201,Medium
IMG_4546.jpg,IMG,East-West-Maile,0,0.5708715319633484,Queen's White Shower Tree,0.852131187915802,High,Rainbow Shower Tree,0.3939433395862579,Low
IMG_4577.jpg,IMG,East-West-Maile,0,0.9537500143051147,Queen's White Shower Tree,0.97970050573349,High,Queen's White Shower Tree,0.5044398903846741,Low
IMG_4591.jpg,IMG,East-West-Maile,0,0.5545207858085632,Queen's White Shower Tree,0.9882503747940063,High,Queen's White Shower Tree,0.6862444281578064,Medium
IMG_4637.jpg,IMG,East-West-Maile,0,0.7605728507041931,Queen's White Shower Tree,0.8196887969970703,Medium,Queen's White Shower Tree,0.4752032458782196,Low
IMG_4639.jpg,IMG,East-West-Maile,0,0.9552424550056458,Queen's White Shower Tree,0.9981769323349,High,Queen's White Shower Tree,0.9334646463394164,High
IMG_4693.jpg,IMG,East-West-Maile,0,0.6945019960403442,Queen's White Shower Tree,0.9088399410247804,High,Queen's White Shower Tree,0.536462664604187,Low
IMG_4698.jpg,IMG,East-West-Maile,0,0.9698126912117004,Queen's White Shower Tree,0.989568054676056,High,Queen's White Shower Tree,0.8638487458229065,High
IMG_4743.jpg,IMG,East-West-Maile,0,0.7962862253189087,Queen's White Shower Tree,0.9720670580863952,High,Queen's White Shower Tree,0.7836589217185974,Medium
IMG_4758.jpg,IMG,East-West-Maile,0,0.4785729646682739,Queen's White Shower Tree,0.9974568486213684,High,Queen's White Shower Tree,0.8922964930534363,High
IMG_4793.jpg,IMG,East-West-Maile,0,0.5720916390419006,Queen's White Shower Tree,0.9803281426429749,High,Queen's White Shower Tree,0.6006979942321777,Medium
IMG_4816.jpg,IMG,East-West-Maile,0,0.9666756987571716,Queen's White Shower Tree,0.9827463626861572,High,Queen's White Shower Tree,0.7482115030288696,Medium
IMG_4860.jpg,IMG,East-West-Maile,0,0.880449652671814,Queen's White Shower Tree,0.9919869899749756,High,Queen's White Shower Tree,0.8819298148155212,High
IMG_4870.jpg,IMG,East-West-Maile,0,0.9462350010871888,Queen's White Shower Tree,0.9974175691604614,High,Queen's White Shower Tree,0.949955940246582,High
IMG_4875.jpg,IMG,East-West-Maile,0,0.8003761768341064,Queen's White Shower Tree,0.961391806602478,High,Queen's White Shower Tree,0.5232819318771362,Low
IMG_4923.jpg,IMG,East-West-Maile,0,0.7329128980636597,Queen's White Shower Tree,0.9930545687675476,High,Queen's White Shower Tree,0.8360471129417419,Medium
IMG_4931.jpg,IMG,East-West-Maile,0,0.9509993195533752,Queen's White Shower Tree,0.9929169416427612,High,Queen's White Shower Tree,0.8074824213981628,Medium
IMG_4974.jpg,IMG,East-West-Maile,0,0.922879993915558,Queen's White Shower Tree,0.9928808212280272,High,Queen's White Shower Tree,0.8598010540008545,High
IMG_4987.jpg,IMG,East-West-Maile,0,0.9777961373329164,Queen's White Shower Tree,0.96599680185318,High,Queen's White Shower Tree,0.7956315875053406,Medium
IMG_5015.jpg,IMG,East-West-Maile,0,0.8956842422485352,Queen's White Shower Tree,0.9988698363304138,High,Queen's White Shower Tree,0.9587615132331848,High
IMG_5055.jpg,IMG,East-West-Maile,0,0.9638863801956176,Queen's White Shower Tree,0.9966191053390504,High,Queen's White Shower Tree,0.8525580763816833,High
IMG_5071.jpg,IMG,East-West-Maile,0,0.8745855093002319,Queen's White Shower Tree,0.9916645884513856,High,Queen's White Shower Tree,0.7369388937950134,Medium
IMG_5118.jpg,IMG,East-West-Maile,0,0.6950399875640869,Queen's White Shower Tree,0.9244857430458068,High,Queen's White Shower Tree,0.3590312600135803,Low
IMG_5120.jpg,IMG,East-West-Maile,0,0.9264517426490784,Queen's White Shower Tree,0.9988860487937928,High,Queen's White Shower Tree,0.8760115504264832,High
IMG_5182.jpg,IMG,East-West-Maile,0,0.928506314754486,Queen's White Shower Tree,0.9623326063156128,High,Queen's White Shower Tree,0.4795616269111633,Low
IMG_5197.jpg,IMG,East-West-Maile,0,0.9155870676040648,Queen's White Shower Tree,0.9937753677368164,High,Queen's White Shower Tree,0.7702358365058899,Medium
IMG_5244.jpg,IMG,East-West-Maile,0,0.9096919894218444,Queen's White Shower Tree,0.9603963494300842,High,Queen's White Shower Tree,0.4504388868808746,Low
IMG_5264.jpg,IMG,East-West-Maile,0,0.9110825061798096,Queen's White Shower Tree,0.9956692457199096,High,Queen's White Shower Tree,0.6541775465011597,Medium
IMG_5303.jpg,IMG,East-West-Maile,0,0.6641716957092285,Queen's White Shower Tree,0.9945039749145508,High,Queen's White Shower Tree,0.7821166515350342,Medium
IMG_5309.jpg,IMG,East-West-Maile,0,0.7817115783691406,Queen's White Shower Tree,0.9583969712257384,High,Queen's White Shower Tree,0.4523251950740814,Low
IMG_5350.jpg,IMG,East-West-Maile,0,0.985355257987976,Queen's White Shower Tree,0.9919567108154296,High,Queen's White Shower Tree,0.7865333557128906,Medium
IMG_5368.jpg,IMG,East-West-Maile,0,0.9002919793128967,Queen's White Shower Tree,0.991769790649414,High,Queen's White Shower Tree,0.7757250070571899,Medium
IMG_5402.jpg,IMG,East-West-Maile,0,0.9553279876708984,Queen's White Shower Tree,0.7336674332618713,Medium,Rainbow Shower Tree,0.4978892207145691,Low
IMG_5439.jpg,IMG,East-West-Maile,0,0.8720037341117859,Queen's White Shower Tree,0.990066647529602,High,Queen's White Shower Tree,0.7834000587463379,Medium
IMG_5449.jpg,IMG,East-West-Maile,0,0.8552440404891968,Queen's White Shower Tree,0.5564817190170288,Low,Rainbow Shower Tree,0.541894257068634,Low
IMG_5498.jpg,IMG,East-West-Maile,0,0.9124294519424438,Queen's White Shower Tree,0.99530029296875,High,Queen's White Shower Tree,0.7111935019493103,Medium
IMG_5505.jpg,IMG,East-West-Maile,0,0.670475959777832,Queen's White Shower Tree,0.9924048781394958,High,Queen's White Shower Tree,0.8156038522720337,Medium
IMG_5568.jpg,IMG,East-West-Maile,0,0.8561835289001465,Queen's White Shower Tree,0.9950917959213256,High,Queen's White Shower Tree,0.7406976222991943,Medium
IMG_5591.jpg,IMG,East-West-Maile,0,0.5073478817939758,Queen's White Shower Tree,0.9855387210845948,High,Queen's White Shower Tree,0.7120424509048462,Medium
IMG_5628.jpg,IMG,East-West-Maile,1,0.4225518703460693,Queen's White Shower Tree,0.9946269392967224,High,Queen's White Shower Tree,0.8421095013618469,Medium
IMG_5665.jpg,IMG,East-West-Maile,0,0.8142897486686707,Queen's White Shower Tree,0.9920899868011476,High,Queen's White Shower Tree,0.8324588537216187,Medium
IMG_5706.jpg,IMG,East-West-Maile,0,0.6354307532310486,Queen's White Shower Tree,0.9642390608787536,High,Queen's White Shower Tree,0.6073669791221619,Medium
IMG_5707.jpg,IMG,East-West-Maile,0,0.9614554047584534,Queen's White Shower Tree,0.9912131428718568,High,Queen's White Shower Tree,0.7525957226753235,Medium
IMG_5747.jpg,IMG,East-West-Maile,0,0.5720085501670837,Queen's White Shower Tree,0.9912646412849426,High,Queen's White Shower Tree,0.6827482581138611,Medium
IMG_5773.jpg,IMG,East-West-Maile,0,0.6923646330833435,Queen's White Shower Tree,0.9915798902511596,High,Queen's White Shower Tree,0.5072515606880188,Low
IMG_5802.jpg,IMG,East-West-Maile,0,0.640142560005188,Queen's White Shower Tree,0.9822569489479064,High,Queen's White Shower Tree,0.6058216094970703,Medium
IMG_5846.jpg,IMG,East-West-Maile,0,0.8765966296195984,Queen's White Shower Tree,0.9984943866729736,High,Queen's White Shower Tree,0.8636902570724487,High
IMG_5850.jpg,IMG,East-West-Maile,1,0.4871278703212738,Queen's White Shower Tree,0.9940206408500672,High,Queen's White Shower Tree,0.9219032526016236,High
IMG_5893.jpg,IMG,East-West-Maile,0,0.5502402782440186,Queen's White Shower Tree,0.97891366481781,High,Queen's White Shower Tree,0.4705024659633636,Low
IMG_5927.jpg,IMG,East-West-Maile,0,0.6705718040466309,Queen's White Shower Tree,0.9993522763252258,High,Queen's White Shower Tree,0.9308582544326782,High
IMG_5930.jpg,IMG,East-West-Maile,1,0.5648379921913147,Queen's White Shower Tree,0.9866676330566406,High,Queen's White Shower Tree,0.6965866088867188,Medium
IMG_5969.jpg,IMG,East-West-Maile,1,0.4906210899353027,Queen's White Shower Tree,0.9935382008552552,High,Queen's White Shower Tree,0.793146550655365,Medium
IMG_5976.jpg,IMG,East-West-Maile,0,0.8890828490257263,Queen's White Shower Tree,0.9465469717979432,High,Queen's White Shower Tree,0.5325786471366882,Low
IMG_6006.jpg,IMG,East-West-Maile,2,0.6492381691932678,Queen's White Shower Tree,0.9816324710845948,High,Queen's White Shower Tree,0.77303147315979,Medium
IMG_6033.jpg,IMG,East-West-Maile,0,0.8988701105117798,Queen's White Shower Tree,0.9132850170135498,High,Lunalilo Yellow Shower Tree,0.3785609900951385,Low
IMG_6048.jpg,IMG,East-West-Maile,2,0.6200907230377197,Queen's White Shower Tree,0.9991368651390076,High,Queen's White Shower Tree,0.9339174628257751,High
IMG_6061.jpg,IMG,East-West-Maile,3,0.5945610404014587,Queen's White Shower Tree,0.99772709608078,High,Queen's White Shower Tree,0.8835120797157288,High
IMG_6092.jpg,IMG,East-West-Maile,0,0.9844570755958556,Queen's White Shower Tree,0.9608754515647888,High,Queen's White Shower Tree,0.5127668976783752,Low
IMG_6120.jpg,IMG,East-West-Maile,3,0.4936298727989197,Queen's White Shower Tree,0.9990676045417786,High,Queen's White Shower Tree,0.9280557632446288,High
IMG_6160.jpg,IMG,East-West-Maile,3,0.7223507165908813,Queen's White Shower Tree,0.9851006865501404,High,Queen's White Shower Tree,0.7381970882415771,Medium
IMG_6176.jpg,IMG,East-West-Maile,0,0.5541706681251526,Queen's White Shower Tree,0.96308034658432,High,Rainbow Shower Tree,0.5029974579811096,Low
IMG_6199.jpg,IMG,East-West-Maile,3,0.7336344122886658,Queen's White Shower Tree,0.9967250227928162,High,Queen's White Shower Tree,0.9221782088279724,High
IMG_6244.jpg,IMG,East-West-Maile,3,0.8117775321006775,Queen's White Shower Tree,0.986205518245697,High,Queen's White Shower Tree,0.7826816439628601,Medium
IMG_6286.jpg,IMG,East-West-Maile,3,0.7242209911346436,Queen's White Shower Tree,0.9930699467658995,High,Queen's White Shower Tree,0.8873555660247803,High
IMG_6302.jpg,IMG,East-West-Maile,0,0.7901222109794617,Queen's White Shower Tree,0.992611825466156,High,Queen's White Shower Tree,0.7435504198074341,Medium
IMG_6325.jpg,IMG,East-West-Maile,3,0.8981484770774841,Queen's White Shower Tree,0.9981402158737184,High,Queen's White Shower Tree,0.9281026721000672,High
IMG_6366.jpg,IMG,East-West-Maile,0,0.9643246531486512,Queen's White Shower Tree,0.695085883140564,Medium,Bombax Ceiba,0.3297293484210968,Low
IMG_6369.jpg,IMG,East-West-Maile,3,0.8285694718360901,Queen's White Shower Tree,0.9956782460212708,High,Queen's White Shower Tree,0.8359769582748413,Medium
IMG_6381.jpg,IMG,East-West-Maile,3,0.6737753748893738,Queen's White Shower Tree,0.9967405200004578,High,Queen's White Shower Tree,0.8973761796951294,High
IMG_6437.jpg,IMG,East-West-Maile,2,0.7659600973129272,Queen's White Shower Tree,0.9994474053382874,High,Queen's White Shower Tree,0.9335681200027466,High
IMG_6438.jpg,IMG,East-West-Maile,0,0.9658184051513672,Queen's White Shower Tree,0.9841406345367432,High,Queen's White Shower Tree,0.6326655745506287,Medium
IMG_6480.jpg,IMG,East-West-Maile,2,0.6097174286842346,Queen's White Shower Tree,0.9967371821403505,High,Queen's White Shower Tree,0.8187537789344788,Medium
IMG_6485.jpg,IMG,East-West-Maile,0,0.8916777968406677,Queen's White Shower Tree,0.8272007703781128,Medium,Lunalilo Yellow Shower Tree,0.5210514664649963,Low
IMG_6516.jpg,IMG,East-West-Maile,2,0.7208313941955566,Queen's White Shower Tree,0.9970447421073914,High,Queen's White Shower Tree,0.8636899590492249,High
IMG_6555.jpg,IMG,East-West-Maile,2,0.7610121369361877,Queen's White Shower Tree,0.9947964549064636,High,Queen's White Shower Tree,0.7263318300247192,Medium
IMG_6597.jpg,IMG,East-West-Maile,2,0.4508045017719269,Queen's White Shower Tree,0.9791688323020936,High,Queen's White Shower Tree,0.5687328577041626,Low
IMG_6600.jpg,IMG,East-West-Maile,0,0.8459513783454895,Rainbow Shower Tree,0.5910583734512329,Low,Rainbow Shower Tree,0.6670441031455994,Medium
IMG_6637.jpg,IMG,East-West-Maile,2,0.6887733340263367,Queen's White Shower Tree,0.9972822666168212,High,Queen's White Shower Tree,0.8471853137016296,Medium
IMG_6677.jpg,IMG,East-West-Maile,1,0.708156406879425,Queen's White Shower Tree,0.9830422401428224,High,Queen's White Shower Tree,0.7221687436103821,Medium
IMG_6681.jpg,IMG,East-West-Maile,0,0.9155672788619996,Queen's White Shower Tree,0.8248926997184753,Medium,Queen's White Shower Tree,0.6255645751953125,Medium
IMG_6715.jpg,IMG,East-West-Maile,1,0.7039195895195007,Queen's White Shower Tree,0.9841917753219604,High,Queen's White Shower Tree,0.562865674495697,Low
IMG_6753 (1).jpg,IMG,East-West-Maile,0,0.7345753312110901,Queen's White Shower Tree,0.702370285987854,Medium,Rainbow Shower Tree,0.3493757843971252,Low
IMG_6753.jpg,IMG,East-West-Maile,1,0.7853668928146362,Queen's White Shower Tree,0.9676815867424012,High,Queen's White Shower Tree,0.4602786004543304,Low
IMG_6791.jpg,IMG,East-West-Maile,1,0.6584991812705994,Queen's White Shower Tree,0.8667953610420227,High,Rainbow Shower Tree,0.3727142214775085,Low
IMG_6829.jpg,IMG,East-West-Maile,1,0.6579774022102356,Queen's White Shower Tree,0.9143484234809875,High,Queen's White Shower Tree,0.3477830588817596,Low
IMG_6830.jpg,IMG,East-West-Maile,2,0.4765785038471222,Queen's White Shower Tree,0.9794086813926696,High,Queen's White Shower Tree,0.6909042596817017,Medium
IMG_6869.jpg,IMG,East-West-Maile,0,0.5690049529075623,Queen's White Shower Tree,0.9617673754692078,High,Queen's White Shower Tree,0.3419651687145233,Low
IMG_6903.jpg,IMG,East-West-Maile,0,0.8865551352500916,Queen's White Shower Tree,0.94600111246109,High,Queen's White Shower Tree,0.7738447785377502,Medium
IMG_6908.jpg,IMG,East-West-Maile,0,0.4689080417156219,Queen's White Shower Tree,0.9975196719169616,High,Queen's White Shower Tree,0.8788780570030212,High
IMG_6949.jpg,IMG,East-West-Maile,1,0.4412464499473572,Queen's White Shower Tree,0.9712738990783693,High,Queen's White Shower Tree,0.5253648161888123,Low
IMG_6954.jpg,IMG,East-West-Maile,0,0.7781510949134827,Queen's White Shower Tree,0.5552458167076111,Low,Rainbow Shower Tree,0.5637457370758057,Low
IMG_6989.jpg,IMG,East-West-Maile,0,0.3689012825489044,Queen's White Shower Tree,0.9144866466522216,High,Lunalilo Yellow Shower Tree,0.4399451315402984,Low
IMG_7003.jpg,IMG,East-West-Maile,0,0.5473759770393372,Queen's White Shower Tree,0.6583771109580994,Medium,Rainbow Shower Tree,0.398350715637207,Low
IMG_7034.jpg,IMG,East-West-Maile,1,0.6069198250770569,Queen's White Shower Tree,0.9726606011390686,High,Queen's White Shower Tree,0.6357399821281433,Medium
IMG_7053.jpg,IMG,East-West-Maile,0,0.9075567722320556,Queen's White Shower Tree,0.8790255784988403,High,Bombax Ceiba,0.349411129951477,Low
IMG_7073.jpg,IMG,East-West-Maile,0,0.7045518159866333,Queen's White Shower Tree,0.9866450428962708,High,Queen's White Shower Tree,0.8102707862854004,Medium
IMG_7109.jpg,IMG,East-West-Maile,0,0.9077784419059752,Queen's White Shower Tree,0.7806538343429565,Medium,Bombax Ceiba,0.3795543909072876,Low
IMG_7113.jpg,IMG,East-West-Maile,2,0.3904826641082763,Queen's White Shower Tree,0.970536172389984,High,Queen's White Shower Tree,0.6838971972465515,Medium
IMG_7155.jpg,IMG,East-West-Maile,1,0.6445097327232361,Queen's White Shower Tree,0.9563710689544678,High,Queen's White Shower Tree,0.4147756099700928,Low
IMG_7156.jpg,IMG,East-West-Maile,1,0.4858355820178985,Queen's White Shower Tree,0.9677807092666626,High,Queen's White Shower Tree,0.4757991731166839,Low
IMG_7193.jpg,IMG,East-West-Maile,1,0.3492173552513122,Queen's White Shower Tree,0.9813647866249084,High,Queen's White Shower Tree,0.8282556533813477,Medium
IMG_7197.jpg,IMG,East-West-Maile,1,0.5876873135566711,Queen's White Shower Tree,0.7134707570075989,Medium,Rainbow Shower Tree,0.3634662628173828,Low
IMG_7232.jpg,IMG,East-West-Maile,0,0.632511556148529,Queen's White Shower Tree,0.945830225944519,High,Rainbow Shower Tree,0.4778567552566528,Low
IMG_7239.jpg,IMG,East-West-Maile,0,0.528552234172821,Queen's White Shower Tree,0.994838535785675,High,Queen's White Shower Tree,0.7772258520126343,Medium
IMG_7272.jpg,IMG,East-West-Maile,1,0.755642831325531,Queen's White Shower Tree,0.7110359072685242,Medium,Rainbow Shower Tree,0.4176441431045532,Low
IMG_7313.jpg,IMG,East-West-Maile,0,0.4651843905448913,Queen's White Shower Tree,0.9969834685325624,High,Queen's White Shower Tree,0.8610004186630249,High
IMG_7351.jpg,IMG,East-West-Maile,0,0.8351677060127258,Queen's White Shower Tree,0.6140905022621155,Medium,Lunalilo Yellow Shower Tree,0.4867078363895416,Low
IMG_7387.jpg,IMG,East-West-Maile,0,0.6002108454704285,Queen's White Shower Tree,0.9977126121520996,High,Queen's White Shower Tree,0.8963821530342102,High
IMG_7402.jpg,IMG,East-West-Maile,3,0.734556257724762,Queen's White Shower Tree,0.9806910753250122,High,Queen's White Shower Tree,0.767531156539917,Medium
IMG_7426.jpg,IMG,East-West-Maile,1,0.5195778012275696,Queen's White Shower Tree,0.6028684973716736,Medium,Lunalilo Yellow Shower Tree,0.6149786114692688,Medium
IMG_7445.jpg,IMG,East-West-Maile,2,0.4058061838150024,Queen's White Shower Tree,0.9757035970687866,High,Queen's White Shower Tree,0.4179969131946563,Low
IMG_7464.jpg,IMG,East-West-Maile,1,0.6103322505950928,Queen's White Shower Tree,0.9535056352615356,High,Rainbow Shower Tree,0.4772712886333465,Low
IMG_7503 (1).jpg,IMG,East-West-Maile,3,0.3361348211765289,Queen's White Shower Tree,0.9776836633682252,High,Queen's White Shower Tree,0.6645369529724121,Medium
IMG_7503.jpg,IMG,East-West-Maile,0,0.9028014540672302,Queen's White Shower Tree,0.9437580704689026,High,Queen's White Shower Tree,0.3747921288013458,Low
IMG_7542.jpg,IMG,East-West-Maile,0,0.982338845729828,Queen's White Shower Tree,0.9236454367637634,High,Queen's White Shower Tree,0.3592069149017334,Low
IMG_7547.jpg,IMG,East-West-Maile,3,0.4261432290077209,Queen's White Shower Tree,0.97597074508667,High,Queen's White Shower Tree,0.5965785384178162,Low
IMG_7582.jpg,IMG,East-West-Maile,0,0.9394416213035583,Queen's White Shower Tree,0.9571563005447388,High,Queen's White Shower Tree,0.6190317869186401,Medium
IMG_7591.jpg,IMG,East-West-Maile,3,0.3851915895938873,Queen's White Shower Tree,0.9874225854873656,High,Queen's White Shower Tree,0.781876266002655,Medium
IMG_7619.jpg,IMG,East-West-Maile,0,0.7804118990898132,Queen's White Shower Tree,0.9875481128692628,High,Queen's White Shower Tree,0.6762843728065491,Medium
IMG_7655.jpg,IMG,East-West-Maile,0,0.9020528197288512,Queen's White Shower Tree,0.9914031624794006,High,Queen's White Shower Tree,0.7236680388450623,Medium
IMG_7679.jpg,IMG,East-West-Maile,2,0.412075400352478,Queen's White Shower Tree,0.9177628755569458,High,Queen's White Shower Tree,0.5781192779541016,Low
IMG_7692.jpg,IMG,East-West-Maile,0,0.8900701999664307,Queen's White Shower Tree,0.8508334755897522,High,Rainbow Shower Tree,0.2899273037910461,Low
IMG_7729 (1).jpg,IMG,East-West-Maile,2,0.6109867691993713,Queen's White Shower Tree,0.9646618962287904,High,Queen's White Shower Tree,0.5053403973579407,Low
IMG_7729.jpg,IMG,East-West-Maile,0,0.9590387344360352,Queen's White Shower Tree,0.8977087736129761,High,Rainbow Shower Tree,0.4393607676029205,Low
IMG_7771.jpg,IMG,East-West-Maile,0,0.9456784725189208,Queen's White Shower Tree,0.93529611825943,High,Lunalilo Yellow Shower Tree,0.5401670336723328,Low
IMG_7772.jpg,IMG,East-West-Maile,2,0.436877965927124,Queen's White Shower Tree,0.9124131798744202,High,Lunalilo Yellow Shower Tree,0.4260453581809997,Low
IMG_7814.jpg,IMG,East-West-Maile,0,0.7415345311164856,Queen's White Shower Tree,0.9870081543922424,High,Queen's White Shower Tree,0.7902019023895264,Medium
IMG_7815.jpg,IMG,East-West-Maile,2,0.3918870985507965,Queen's White Shower Tree,0.9741474986076356,High,Queen's White Shower Tree,0.5325884819030762,Low
IMG_7851.jpg,IMG,East-West-Maile,0,0.9258021116256714,Queen's White Shower Tree,0.968038022518158,High,Queen's White Shower Tree,0.6403033137321472,Medium
IMG_7860.jpg,IMG,East-West-Maile,0,0.4058610200881958,Queen's White Shower Tree,0.6278885006904602,Medium,Rainbow Shower Tree,0.4952432215213775,Low
IMG_7893.jpg,IMG,East-West-Maile,0,0.9234011173248292,Queen's White Shower Tree,0.989627718925476,High,Queen's White Shower Tree,0.5055366158485413,Low
IMG_7905.jpg,IMG,East-West-Maile,1,0.5351893305778503,Lunalilo Yellow Shower Tree,0.4260222017765045,Low,Lunalilo Yellow Shower Tree,0.7395029664039612,Medium
IMG_7955.jpg,IMG,East-West-Maile,0,0.9588388800621032,Queen's White Shower Tree,0.982358992099762,High,Queen's White Shower Tree,0.5051683783531189,Low
IMG_7972.jpg,IMG,East-West-Maile,0,0.6858512759208679,Queen's White Shower Tree,0.9498298168182372,High,Queen's White Shower Tree,0.5711502432823181,Low
IMG_7989.jpg,IMG,East-West-Maile,1,0.410928338766098,Queen's White Shower Tree,0.7839190363883972,Medium,Lunalilo Yellow Shower Tree,0.3770196139812469,Low
IMG_8025.jpg,IMG,East-West-Maile,0,0.716064989566803,Queen's White Shower Tree,0.9254900217056274,High,Lunalilo Yellow Shower Tree,0.3955647051334381,Low
IMG_8033.jpg,IMG,East-West-Maile,1,0.6566271781921387,Queen's White Shower Tree,0.480656623840332,Low,Rainbow Shower Tree,0.4847329556941986,Low
IMG_8073.jpg,IMG,East-West-Maile,1,0.5525913238525391,Rainbow Shower Tree,0.7429256439208984,Medium,Rainbow Shower Tree,0.5320884585380554,Low
IMG_8082.jpg,IMG,East-West-Maile,0,0.9183619022369384,Queen's White Shower Tree,0.9928722381591796,High,Queen's White Shower Tree,0.6425133943557739,Medium
IMG_8118.jpg,IMG,East-West-Maile,0,0.4717791676521301,Queen's White Shower Tree,0.9628594517707824,High,Queen's White Shower Tree,0.4654251039028168,Low
IMG_8175.jpg,IMG,East-West-Maile,0,0.5182527899742126,Queen's White Shower Tree,0.988132894039154,High,Queen's White Shower Tree,0.6264941096305847,Medium
IMG_8181.jpg,IMG,East-West-Maile,0,0.4407775700092315,Queen's White Shower Tree,0.9250365495681764,High,Queen's White Shower Tree,0.31548011302948,Low
IMG_8225.jpg,IMG,East-West-Maile,1,0.528080403804779,Queen's White Shower Tree,0.928544580936432,High,Queen's White Shower Tree,0.4410738945007324,Low
IMG_8252.jpg,IMG,East-West-Maile,0,0.8006657361984253,Queen's White Shower Tree,0.9889005422592164,High,Queen's White Shower Tree,0.4706877171993255,Low
IMG_8288.jpg,IMG,East-West-Maile,0,0.6536803245544434,Queen's White Shower Tree,0.9881139397621156,High,Queen's White Shower Tree,0.7965980172157288,Medium
IMG_8346.jpg,IMG,East-West-Maile,0,0.7401294708251953,Queen's White Shower Tree,0.9602438807487488,High,Queen's White Shower Tree,0.5988156199455261,Low
IMG_8388.jpg,IMG,East-West-Maile,0,0.7887258529663086,Queen's White Shower Tree,0.46868696808815,Low,Rainbow Shower Tree,0.3757779896259308,Low
IMG_8435.jpg,IMG,East-West-Maile,0,0.6330598592758179,Queen's White Shower Tree,0.9466800093650818,High,Queen's White Shower Tree,0.3904199004173279,Low
IMG_8480.jpg,IMG,East-West-Maile,1,0.5146266222000122,Queen's White Shower Tree,0.9879986047744752,High,Queen's White Shower Tree,0.5851531624794006,Low
IMG_8484.jpg,IMG,East-West-Maile,0,0.966517686843872,Queen's White Shower Tree,0.98222553730011,High,Queen's White Shower Tree,0.6749612092971802,Medium
IMG_8520.jpg,IMG,East-West-Maile,0,0.678249180316925,Queen's White Shower Tree,0.9637674689292908,High,Queen's White Shower Tree,0.3614036440849304,Low
IMG_8526.jpg,IMG,East-West-Maile,0,0.9063469171524048,Queen's White Shower Tree,0.9890913367271424,High,Queen's White Shower Tree,0.6567599177360535,Medium
IMG_8558.jpg,IMG,East-West-Maile,0,0.6994728446006775,Queen's White Shower Tree,0.9920996427536012,High,Queen's White Shower Tree,0.7522584199905396,Medium
IMG_8596.jpg,IMG,East-West-Maile,0,0.8892037868499756,Queen's White Shower Tree,0.9573260545730592,High,Queen's White Shower Tree,0.4197723865509033,Low
IMG_8606.jpg,IMG,East-West-Maile,1,0.4241636991500854,Queen's White Shower Tree,0.9939413070678712,High,Queen's White Shower Tree,0.8332117795944214,Medium
IMG_8642.jpg,IMG,East-West-Maile,1,0.5424860119819641,Queen's White Shower Tree,0.9693275094032288,High,Queen's White Shower Tree,0.5776475071907043,Low
IMG_8667.jpg,IMG,East-West-Maile,0,0.8355045914649963,Queen's White Shower Tree,0.9912577867507936,High,Queen's White Shower Tree,0.5809842348098755,Low
IMG_8714.jpg,IMG,East-West-Maile,0,0.6626328229904175,Queen's White Shower Tree,0.9838724732398988,High,Queen's White Shower Tree,0.4980363845825195,Low
IMG_8728.jpg,IMG,East-West-Maile,0,0.8542774319648743,Queen's White Shower Tree,0.99555641412735,High,Queen's White Shower Tree,0.6959190964698792,Medium
IMG_8768.jpg,IMG,East-West-Maile,0,0.9695805311203004,Queen's White Shower Tree,0.9300811886787416,High,Lunalilo Yellow Shower Tree,0.3458376228809356,Low
IMG_8785.jpg,IMG,East-West-Maile,0,0.882577121257782,Queen's White Shower Tree,0.9985370635986328,High,Queen's White Shower Tree,0.9458037614822388,High
IMG_8805.jpg,IMG,East-West-Maile,0,0.7704549431800842,Queen's White Shower Tree,0.8873447775840759,High,Lunalilo Yellow Shower Tree,0.5313752889633179,Low
IMG_8810.jpg,IMG,East-West-Maile,0,0.9561331272125244,Queen's White Shower Tree,0.9941692352294922,High,Queen's White Shower Tree,0.7869760394096375,Medium
IMG_8822.jpg,IMG,East-West-Maile,0,0.9015066623687744,Queen's White Shower Tree,0.9031721949577332,High,Rainbow Shower Tree,0.5733817219734192,Low
IMG_8853.jpg,IMG,East-West-Maile,0,0.940313994884491,Queen's White Shower Tree,0.950865626335144,High,Rainbow Shower Tree,0.4609493017196655,Low
IMG_8886.jpg,IMG,East-West-Maile,0,0.9484780430793762,Queen's White Shower Tree,0.9945967197418212,High,Queen's White Shower Tree,0.706693172454834,Medium
IMG_8913.jpg,IMG,East-West-Maile,0,0.6111240983009338,Queen's White Shower Tree,0.99150288105011,High,Queen's White Shower Tree,0.5454946756362915,Low
IMG_8922.jpg,IMG,East-West-Maile,0,0.9835297465324402,Queen's White Shower Tree,0.9972499012947084,High,Queen's White Shower Tree,0.7875958681106567,Medium
IMG_8950.jpg,IMG,East-West-Maile,0,0.8372510075569153,Queen's White Shower Tree,0.9890312552452089,High,Queen's White Shower Tree,0.6200480461120605,Medium
IMG_9005.jpg,IMG,East-West-Maile,0,0.9790204167366028,Queen's White Shower Tree,0.9249087572097778,High,Lunalilo Yellow Shower Tree,0.3258589506149292,Low
IMG_9007.jpg,IMG,East-West-Maile,1,0.6139822602272034,Rainbow Shower Tree,0.949787437915802,High,Rainbow Shower Tree,0.4246569573879242,Low
IMG_9013.jpg,IMG,East-West-Maile,0,0.6451267004013062,Queen's White Shower Tree,0.998271107673645,High,Queen's White Shower Tree,0.8201292157173157,Medium
IMG_9055.jpg,IMG,East-West-Maile,0,0.3937244117259979,Queen's White Shower Tree,0.9991475343704224,High,Queen's White Shower Tree,0.9445633888244628,High
IMG_9077.jpg,IMG,East-West-Maile,0,0.9887018203735352,Queen's White Shower Tree,0.5693459510803223,Low,Rainbow Shower Tree,0.4108373522758484,Low
IMG_9097.jpg,IMG,East-West-Maile,0,0.8478935956954956,Queen's White Shower Tree,0.9300800561904908,High,Lunalilo Yellow Shower Tree,0.5031240582466125,Low
IMG_9141.jpg,IMG,East-West-Maile,0,0.8676072359085083,Queen's White Shower Tree,0.9932627081871032,High,Queen's White Shower Tree,0.5909097194671631,Low
IMG_9147.jpg,IMG,East-West-Maile,0,0.843177080154419,Queen's White Shower Tree,0.9782662987709044,High,Queen's White Shower Tree,0.661762535572052,Medium
IMG_9197.jpg,IMG,East-West-Maile,0,0.9289477467536926,Queen's White Shower Tree,0.9978006482124328,High,Queen's White Shower Tree,0.9546635746955872,High
IMG_9229.jpg,IMG,East-West-Maile,0,0.8965328931808472,Queen's White Shower Tree,0.979228377342224,High,Rainbow Shower Tree,0.4475414156913757,Low
IMG_9258.jpg,IMG,East-West-Maile,0,0.9292457699775696,Queen's White Shower Tree,0.9355459213256836,High,Lunalilo Yellow Shower Tree,0.4788251221179962,Low
IMG_9295.jpg,IMG,East-West-Maile,0,0.9128291010856628,Queen's White Shower Tree,0.991672694683075,High,Queen's White Shower Tree,0.7398165464401245,Medium
IMG_9305.jpg,IMG,East-West-Maile,0,0.8775692582130432,Queen's White Shower Tree,0.93989360332489,High,Queen's White Shower Tree,0.5006771683692932,Low
IMG_9362.jpg,IMG,East-West-Maile,0,0.7100244164466858,Queen's White Shower Tree,0.9989495873451232,High,Queen's White Shower Tree,0.9212015867233276,High
IMG_9372.jpg,IMG,East-West-Maile,0,0.9761606454849244,Queen's White Shower Tree,0.9442683458328248,High,Lunalilo Yellow Shower Tree,0.3519692718982696,Low
IMG_9413.jpg,IMG,East-West-Maile,0,0.88150554895401,Queen's White Shower Tree,0.9400227665901184,High,Queen's White Shower Tree,0.5798706412315369,Low
IMG_9439.jpg,IMG,East-West-Maile,0,0.8287106156349182,Queen's White Shower Tree,0.9545345306396484,High,Queen's White Shower Tree,0.3458233177661896,Low
IMG_9457.jpg,IMG,East-West-Maile,1,0.5000446438789368,Queen's White Shower Tree,0.99349844455719,High,Queen's White Shower Tree,0.7282843589782715,Medium
IMG_9473.jpg,IMG,East-West-Maile,0,0.8713223338127136,Queen's White Shower Tree,0.9405372142791748,High,Queen's White Shower Tree,0.4257530868053436,Low
IMG_9511.jpg,IMG,East-West-Maile,0,0.6047409772872925,Queen's White Shower Tree,0.6679772734642029,Medium,Rainbow Shower Tree,0.7259484529495239,Medium
IMG_9516.jpg,IMG,East-West-Maile,0,0.9586039781570436,Queen's White Shower Tree,0.9671452641487122,High,Queen's White Shower Tree,0.5222806930541992,Low
IMG_9549.jpg,IMG,East-West-Maile,0,0.7773319482803345,Queen's White Shower Tree,0.8523023128509521,High,Lunalilo Yellow Shower Tree,0.6884271502494812,Medium
IMG_9553.jpg,IMG,East-West-Maile,0,0.9875594973564148,Queen's White Shower Tree,0.9910008311271667,High,Queen's White Shower Tree,0.8771949410438538,High
IMG_9594.jpg,IMG,East-West-Maile,0,0.9654228091239928,Queen's White Shower Tree,0.9835740327835084,High,Queen's White Shower Tree,0.654886782169342,Medium
IMG_9596.jpg,IMG,East-West-Maile,0,0.5287829637527466,Queen's White Shower Tree,0.9775757789611816,High,Queen's White Shower Tree,0.5166773796081543,Low
IMG_9635.jpg,IMG,East-West-Maile,0,0.7696861028671265,Queen's White Shower Tree,0.9718942642211914,High,Queen's White Shower Tree,0.5167765617370605,Low
IMG_9639.jpg,IMG,East-West-Maile,0,0.8648377656936646,Queen's White Shower Tree,0.973254919052124,High,Queen's White Shower Tree,0.6917751431465149,Medium
IMG_9675.jpg,IMG,East-West-Maile,0,0.8944656252861023,Queen's White Shower Tree,0.9602792859077454,High,Queen's White Shower Tree,0.5253143906593323,Low
IMG_9698.jpg,IMG,East-West-Maile,0,0.97616446018219,Queen's White Shower Tree,0.9895585775375366,High,Queen's White Shower Tree,0.74599689245224,Medium
IMG_9716.jpg,IMG,East-West-Maile,1,0.852043092250824,Queen's White Shower Tree,0.8546919822692871,High,Lunalilo Yellow Shower Tree,0.4177588522434234,Low
IMG_9718.jpg,IMG,East-West-Maile,1,0.6933380365371704,Queen's White Shower Tree,0.8739132881164551,High,Queen's White Shower Tree,0.3624796867370605,Low
IMG_9757.jpg,IMG,East-West-Maile,2,0.5166586637496948,Queen's White Shower Tree,0.9965229034423828,High,Queen's White Shower Tree,0.5985424518585205,Low
IMG_9761.jpg,IMG,East-West-Maile,0,0.9178788661956788,Queen's White Shower Tree,0.9982051849365234,High,Queen's White Shower Tree,0.9540772438049316,High
IMG_9798.jpg,IMG,East-West-Maile,0,0.6131220459938049,Queen's White Shower Tree,0.961463749408722,High,Queen's White Shower Tree,0.5562373995780945,Low
IMG_9802.jpg,IMG,East-West-Maile,0,0.8805069923400879,Queen's White Shower Tree,0.9944562315940856,High,Queen's White Shower Tree,0.8421339392662048,Medium
IMG_9845.jpg,IMG,East-West-Maile,1,0.5095453858375549,Queen's White Shower Tree,0.9832616448402404,High,Queen's White Shower Tree,0.5369865894317627,Low
IMG_9878.jpg,IMG,East-West-Maile,0,0.9840582013130188,Queen's White Shower Tree,0.9962528944015504,High,Queen's White Shower Tree,0.936410427093506,High
IMG_9889.jpg,IMG,East-West-Maile,2,0.4893627762794494,Queen's White Shower Tree,0.998224437236786,High,Queen's White Shower Tree,0.9037572741508484,High
IMG_9921.jpg,IMG,East-West-Maile,0,0.7093734741210938,Queen's White Shower Tree,0.991909682750702,High,Queen's White Shower Tree,0.7726718187332153,Medium
IMG_9933.jpg,IMG,East-West-Maile,3,0.3680991530418396,Queen's White Shower Tree,0.9977268576622008,High,Queen's White Shower Tree,0.9091616272926332,High
IMG_9979.jpg,IMG,East-West-Maile,0,0.8065143823623657,Queen's White Shower Tree,0.9974682331085204,High,Queen's White Shower Tree,0.8913565278053284,High
IMG_0042.jpg,IMG,Maile East End,2,0.6293840408325195,Rainbow Shower Tree,0.8743182420730591,High,Lunalilo Yellow Shower Tree,0.3998322188854217,Low
IMG_0058.jpg,IMG,Maile East End,1,0.6075014472007751,Rainbow Shower Tree,0.9001927375793457,High,Rainbow Shower Tree,0.2944683730602264,Low
IMG_0084.jpg,IMG,Maile East End,3,0.5628508925437927,Rainbow Shower Tree,0.9510884881019592,High,Lunalilo Yellow Shower Tree,0.730890154838562,Medium
IMG_0124 (1).jpg,IMG,Maile East End,1,0.5153177976608276,Rainbow Shower Tree,0.6889753937721252,Medium,Queen's White Shower Tree,0.5077321529388428,Low
IMG_0124.jpg,IMG,Maile East End,2,0.482208102941513,Rainbow Shower Tree,0.9859102964401244,High,Rainbow Shower Tree,0.5062016248703003,Low
IMG_0167.jpg,IMG,Maile East End,2,0.4940440952777862,Rainbow Shower Tree,0.9792317152023317,High,Rainbow Shower Tree,0.5939562320709229,Low
IMG_0187.jpg,IMG,Maile East End,1,0.4492782950401306,Rainbow Shower Tree,0.7456717491149902,Medium,Lunalilo Yellow Shower Tree,0.3764320313930511,Low
IMG_0208.jpg,IMG,Maile East End,3,0.5539880394935608,Rainbow Shower Tree,0.994599223136902,High,Rainbow Shower Tree,0.6597651243209839,Medium
IMG_0252.jpg,IMG,Maile East End,3,0.7088465690612793,Rainbow Shower Tree,0.9409982562065125,High,Lunalilo Yellow Shower Tree,0.419626921415329,Low
IMG_0255.jpg,IMG,Maile East End,2,0.5237751603126526,Rainbow Shower Tree,0.7313327193260193,Medium,Lunalilo Yellow Shower Tree,0.575326681137085,Low
IMG_0301.jpg,IMG,Maile East End,3,0.4921810626983642,Rainbow Shower Tree,0.9184080958366394,High,Rainbow Shower Tree,0.5249446630477905,Low
IMG_0329.jpg,IMG,Maile East End,2,0.5694162249565125,Rainbow Shower Tree,0.9244711995124816,High,Rainbow Shower Tree,0.4405694901943207,Low
IMG_0371.jpg,IMG,Maile East End,2,0.6291015148162842,Rainbow Shower Tree,0.9690257906913756,High,Rainbow Shower Tree,0.4597426652908325,Low
IMG_0390.jpg,IMG,Maile East End,3,0.7425914406776428,Rainbow Shower Tree,0.8977978825569153,High,Rainbow Shower Tree,0.3401882946491241,Low
IMG_0416.jpg,IMG,Maile East End,1,0.5108325481414795,Rainbow Shower Tree,0.9785133600234984,High,Rainbow Shower Tree,0.552727460861206,Low
IMG_0463.jpg,IMG,Maile East End,2,0.6292206048965454,Rainbow Shower Tree,0.9759119153022766,High,Rainbow Shower Tree,0.4675775170326233,Low
IMG_0508.jpg,IMG,Maile East End,2,0.7187012434005737,Rainbow Shower Tree,0.9808369278907776,High,Rainbow Shower Tree,0.5220364332199097,Low
IMG_0515.jpg,IMG,Maile East End,3,0.7418811917304993,Rainbow Shower Tree,0.9639500975608826,High,Rainbow Shower Tree,0.5846487283706665,Low
IMG_0538.jpg,IMG,Maile East End,3,0.7304684519767761,Rainbow Shower Tree,0.9692621231079102,High,Rainbow Shower Tree,0.7521317601203918,Medium
IMG_0552.jpg,IMG,Maile East End,2,0.5335679650306702,Rainbow Shower Tree,0.959496021270752,High,Rainbow Shower Tree,0.4214180707931518,Low
IMG_0579.jpg,IMG,Maile East End,3,0.5882408618927002,Rainbow Shower Tree,0.91406512260437,High,Rainbow Shower Tree,0.3432481586933136,Low
IMG_0580.jpg,IMG,Maile East End,3,0.6966164708137512,Rainbow Shower Tree,0.9573792815208436,High,Rainbow Shower Tree,0.5305132865905762,Low
IMG_0593.jpg,IMG,Maile East End,2,0.4908546507358551,Rainbow Shower Tree,0.9923223853111268,High,Rainbow Shower Tree,0.774738073348999,Medium
IMG_0635.jpg,IMG,Maile East End,3,0.7705692648887634,Rainbow Shower Tree,0.9458686113357544,High,Rainbow Shower Tree,0.5125396251678467,Low
IMG_0641.jpg,IMG,Maile East End,1,0.5257847905158997,Rainbow Shower Tree,0.8646895289421082,High,Queen's White Shower Tree,0.425559252500534,Low
IMG_0682.jpg,IMG,Maile East End,1,0.6524683833122253,Rainbow Shower Tree,0.943057119846344,High,Rainbow Shower Tree,0.4768541157245636,Low
IMG_0684.jpg,IMG,Maile East End,3,0.9397000074386596,Rainbow Shower Tree,0.9434756636619568,High,Rainbow Shower Tree,0.4240423738956451,Low
IMG_0717.jpg,IMG,Maile East End,3,0.8756657242774963,Rainbow Shower Tree,0.952341854572296,High,Lunalilo Yellow Shower Tree,0.4231158792972564,Low
IMG_0727.jpg,IMG,Maile East End,1,0.7510547041893005,Rainbow Shower Tree,0.8736156821250916,High,Lunalilo Yellow Shower Tree,0.6116212606430054,Medium
IMG_0773.jpg,IMG,Maile East End,3,0.5728828310966492,Rainbow Shower Tree,0.9940476417541504,High,Rainbow Shower Tree,0.8183237314224243,Medium
IMG_0775.jpg,IMG,Maile East End,1,0.6048951148986816,Rainbow Shower Tree,0.9883354902267456,High,Rainbow Shower Tree,0.6193756461143494,Medium
IMG_0812.jpg,IMG,Maile East End,3,0.7326626777648926,Rainbow Shower Tree,0.9902352690696716,High,Rainbow Shower Tree,0.771236777305603,Medium
IMG_0814.jpg,IMG,Maile East End,1,0.7113180160522461,Rainbow Shower Tree,0.9017460346221924,High,Rainbow Shower Tree,0.4341672658920288,Low
IMG_0846.jpg,IMG,Maile East End,3,0.6313521265983582,Rainbow Shower Tree,0.9795662760734558,High,Rainbow Shower Tree,0.6184539794921875,Medium
IMG_0855.jpg,IMG,Maile East End,1,0.7189913988113403,Rainbow Shower Tree,0.9816237688064576,High,Rainbow Shower Tree,0.479152500629425,Low
IMG_0876.jpg,IMG,Maile East End,3,0.4921101331710815,Rainbow Shower Tree,0.9841288328170776,High,Rainbow Shower Tree,0.6835008859634399,Medium
IMG_0903.jpg,IMG,Maile East End,1,0.6746652722358704,Rainbow Shower Tree,0.986047863960266,High,Rainbow Shower Tree,0.851790189743042,High
IMG_0932.jpg,IMG,Maile East End,2,0.5684137344360352,Rainbow Shower Tree,0.9449476003646852,High,Rainbow Shower Tree,0.4792724549770355,Low
IMG_0941.jpg,IMG,Maile East End,1,0.5946923494338989,Rainbow Shower Tree,0.8726494312286377,High,Lunalilo Yellow Shower Tree,0.4646259546279907,Low
IMG_0955.jpg,IMG,Maile East End,2,0.5688090324401855,Rainbow Shower Tree,0.9764242172241212,High,Rainbow Shower Tree,0.7594219446182251,Medium
IMG_0981.jpg,IMG,Maile East End,1,0.7490155100822449,Rainbow Shower Tree,0.955171763896942,High,Rainbow Shower Tree,0.6418983936309814,Medium
IMG_0991.jpg,IMG,Maile East End,2,0.4848562180995941,Rainbow Shower Tree,0.9948728680610656,High,Rainbow Shower Tree,0.8312503695487976,Medium
IMG_1031.jpg,IMG,Maile East End,2,0.6156764030456543,Rainbow Shower Tree,0.9942955374717712,High,Rainbow Shower Tree,0.8461980223655701,Medium
IMG_1056.jpg,IMG,Maile East End,1,0.5129420757293701,Rainbow Shower Tree,0.9423150420188904,High,Rainbow Shower Tree,0.3744828999042511,Low
IMG_1094.jpg,IMG,Maile East End,1,0.5236380696296692,Rainbow Shower Tree,0.9974007606506348,High,Rainbow Shower Tree,0.9003962874412537,High
IMG_1122.jpg,IMG,Maile East End,1,0.479653000831604,Rainbow Shower Tree,0.992890238761902,High,Rainbow Shower Tree,0.8719086050987244,High
IMG_1138.jpg,IMG,Maile East End,1,0.6094462275505066,Queen's White Shower Tree,0.937163233757019,High,Queen's White Shower Tree,0.957888960838318,High
IMG_1172.jpg,IMG,Maile East End,1,0.8344680070877075,Rainbow Shower Tree,0.9803658127784728,High,Rainbow Shower Tree,0.8400444984436035,Medium
IMG_1210.jpg,IMG,Maile East End,1,0.7285458445549011,Rainbow Shower Tree,0.8778063654899597,High,Lunalilo Yellow Shower Tree,0.3379985094070434,Low
IMG_1240.jpg,IMG,Maile East End,1,0.6467145085334778,Rainbow Shower Tree,0.97854483127594,High,Rainbow Shower Tree,0.7319260835647583,Medium
IMG_1262.jpg,IMG,Maile East End,1,0.7643269300460815,Rainbow Shower Tree,0.9640114903450012,High,Rainbow Shower Tree,0.5239970684051514,Low
IMG_1330.jpg,IMG,Maile East End,1,0.7456346750259399,Rainbow Shower Tree,0.6647601127624512,Medium,Queen's White Shower Tree,0.5821967124938965,Low
IMG_1348.jpg,IMG,Maile East End,2,0.594738781452179,Rainbow Shower Tree,0.91518372297287,High,Lunalilo Yellow Shower Tree,0.4240155220031738,Low
IMG_1397.jpg,IMG,Maile East End,1,0.7819266319274902,Rainbow Shower Tree,0.9881058931350708,High,Rainbow Shower Tree,0.5401749610900879,Low
IMG_1411.jpg,IMG,Maile East End,2,0.4447686970233917,Rainbow Shower Tree,0.8501995801925659,High,Rainbow Shower Tree,0.4650586545467376,Low
IMG_1436.jpg,IMG,Maile East End,1,0.8640985488891602,Rainbow Shower Tree,0.8702986240386963,High,Queen's White Shower Tree,0.3426584899425506,Low
IMG_1440.jpg,IMG,Maile East End,1,0.4570133984088897,Rainbow Shower Tree,0.95631742477417,High,Rainbow Shower Tree,0.3878557980060577,Low
IMG_1459.jpg,IMG,Maile East End,0,0.498568594455719,Rainbow Shower Tree,0.6075993776321411,Medium,Queen's White Shower Tree,0.7570717930793762,Medium
IMG_1499.jpg,IMG,Maile East End,2,0.49500772356987,Rainbow Shower Tree,0.7501524686813354,Medium,Queen's White Shower Tree,0.5198315978050232,Low
IMG_1548.jpg,IMG,Maile East End,1,0.5282859802246094,Rainbow Shower Tree,0.7790560126304626,Medium,Queen's White Shower Tree,0.5000758171081543,Low
IMG_1551.jpg,IMG,Maile East End,1,0.5819664597511292,Queen's White Shower Tree,0.7580456733703613,Medium,Queen's White Shower Tree,0.8153494000434875,Medium
IMG_1596.jpg,IMG,Maile East End,1,0.5686623454093933,Rainbow Shower Tree,0.9706591367721558,High,Rainbow Shower Tree,0.6464781761169434,Medium
IMG_1604.jpg,IMG,Maile East End,1,0.8083078265190125,Rainbow Shower Tree,0.730758547782898,Medium,Lunalilo Yellow Shower Tree,0.4162779748439789,Low
IMG_1636.jpg,IMG,Maile East End,1,0.6379302740097046,Rainbow Shower Tree,0.5305610299110413,Low,Queen's White Shower Tree,0.4645931124687195,Low
IMG_1674.jpg,IMG,Maile East End,1,0.7940253615379333,Rainbow Shower Tree,0.892732560634613,High,Rainbow Shower Tree,0.5470449924468994,Low
IMG_1682.jpg,IMG,Maile East End,0,0.641552746295929,Rainbow Shower Tree,0.8957086801528931,High,Rainbow Shower Tree,0.5368432402610779,Low
IMG_1750.jpg,IMG,Maile East End,0,0.6225609183311462,Queen's White Shower Tree,0.4790849089622497,Low,Queen's White Shower Tree,0.6756667494773865,Medium
IMG_1760.jpg,IMG,Maile East End,1,0.754065752029419,Rainbow Shower Tree,0.9200266599655152,High,Rainbow Shower Tree,0.4363397061824798,Low
IMG_1828.jpg,IMG,Maile East End,1,0.5125054717063904,Queen's White Shower Tree,0.7894023656845093,Medium,Queen's White Shower Tree,0.8892678618431091,High
IMG_1833.jpg,IMG,Maile East End,1,0.4915270507335663,Rainbow Shower Tree,0.5022446513175964,Low,Queen's White Shower Tree,0.5445536375045776,Low
IMG_1874.jpg,IMG,Maile East End,2,0.4128000438213348,Queen's White Shower Tree,0.6410164833068848,Medium,Queen's White Shower Tree,0.6757705211639404,Medium
IMG_1879.jpg,IMG,Maile East End,1,0.8197016716003418,Rainbow Shower Tree,0.8264755010604858,Medium,Queen's White Shower Tree,0.3477976620197296,Low
IMG_1944.jpg,IMG,Maile East End,2,0.3761549293994903,Rainbow Shower Tree,0.7401127815246582,Medium,Queen's White Shower Tree,0.4772453308105469,Low
IMG_1971.jpg,IMG,Maile East End,1,0.7037557363510132,Rainbow Shower Tree,0.9347518682479858,High,Rainbow Shower Tree,0.3824361562728882,Low
IMG_1983.jpg,IMG,Maile East End,1,0.6104590892791748,Rainbow Shower Tree,0.6770934462547302,Medium,Bombax Ceiba,0.3472005724906921,Low
IMG_2031.jpg,IMG,Maile East End,1,0.7440537810325623,Rainbow Shower Tree,0.4926791787147522,Low,Queen's White Shower Tree,0.4987347722053528,Low
IMG_2049.jpg,IMG,Maile East End,1,0.731976330280304,Queen's White Shower Tree,0.5437280535697937,Low,Queen's White Shower Tree,0.5892363786697388,Low
IMG_2058.jpg,IMG,Maile East End,2,0.3692067265510559,Queen's White Shower Tree,0.5186817049980164,Low,Queen's White Shower Tree,0.7144531011581421,Medium
IMG_2093.jpg,IMG,Maile East End,1,0.4996165037155151,Rainbow Shower Tree,0.8283110857009888,Medium,Rainbow Shower Tree,0.5764042139053345,Low
IMG_2114.jpg,IMG,Maile East End,2,0.4768932163715362,Queen's White Shower Tree,0.6497597098350525,Medium,Queen's White Shower Tree,0.6258065104484558,Medium
IMG_2152.jpg,IMG,Maile East End,1,0.6211225390434265,Rainbow Shower Tree,0.7336989641189575,Medium,Queen's White Shower Tree,0.501590371131897,Low
IMG_2175.jpg,IMG,Maile East End,1,0.5415518879890442,Queen's White Shower Tree,0.7295356392860413,Medium,Queen's White Shower Tree,0.8066023588180542,Medium
IMG_2215.jpg,IMG,Maile East End,1,0.5098630785942078,Rainbow Shower Tree,0.7904573082923889,Medium,Rainbow Shower Tree,0.6198552250862122,Medium
IMG_2218.jpg,IMG,Maile East End,1,0.4087255001068115,Rainbow Shower Tree,0.9199526906013488,High,Rainbow Shower Tree,0.4962852299213409,Low
IMG_2261.jpg,IMG,Maile East End,1,0.3753544092178345,Queen's White Shower Tree,0.6129401326179504,Medium,Queen's White Shower Tree,0.8050975203514099,Medium
IMG_2304.jpg,IMG,Maile East End,1,0.4905663430690765,Queen's White Shower Tree,0.6637666821479797,Medium,Queen's White Shower Tree,0.8055667877197266,Medium
IMG_2324.jpg,IMG,Maile East End,1,0.7109913229942322,Rainbow Shower Tree,0.6331757307052612,Medium,Queen's White Shower Tree,0.3593971133232116,Low
IMG_2370.jpg,IMG,Maile East End,1,0.4966776967048645,Queen's White Shower Tree,0.9172989130020142,High,Queen's White Shower Tree,0.9253564476966858,High
IMG_2375.jpg,IMG,Maile East End,1,0.3871464729309082,Rainbow Shower Tree,0.747643768787384,Medium,Queen's White Shower Tree,0.3754472732543945,Low
IMG_2436.jpg,IMG,Maile East End,1,0.6531946063041687,Queen's White Shower Tree,0.6134670376777649,Medium,Queen's White Shower Tree,0.6264469027519226,Medium
IMG_2443.jpg,IMG,Maile East End,1,0.7499613165855408,Rainbow Shower Tree,0.707634687423706,Medium,Queen's White Shower Tree,0.6489067673683167,Medium
IMG_2515.jpg,IMG,Maile East End,1,0.740118145942688,Rainbow Shower Tree,0.5794289708137512,Low,Bombax Ceiba,0.4224875569343567,Low
IMG_2521.jpg,IMG,Maile East End,1,0.6984270215034485,Rainbow Shower Tree,0.8155336976051331,Medium,Lunalilo Yellow Shower Tree,0.311783879995346,Low
IMG_2594.jpg,IMG,Maile East End,1,0.6331959366798401,Rainbow Shower Tree,0.711002767086029,Medium,Rainbow Shower Tree,0.6219505071640015,Medium
IMG_2669.jpg,IMG,Maile East End,1,0.7404396533966064,Rainbow Shower Tree,0.9261007905006408,High,Lunalilo Yellow Shower Tree,0.3050790429115295,Low
IMG_2676.jpg,IMG,Maile East End,1,0.7076957821846008,Rainbow Shower Tree,0.9144904613494872,High,Queen's White Shower Tree,0.4308636784553528,Low
IMG_2753.jpg,IMG,Maile East End,1,0.6139903664588928,Rainbow Shower Tree,0.971000909805298,High,Rainbow Shower Tree,0.6826663017272949,Medium
IMG_2816.jpg,IMG,Maile East End,0,0.5469083189964294,Rainbow Shower Tree,0.9249740242958068,High,Rainbow Shower Tree,0.603573203086853,Medium
IMG_2838.jpg,IMG,Maile East End,1,0.6451505422592163,Rainbow Shower Tree,0.8592588901519775,High,Lunalilo Yellow Shower Tree,0.3927579224109649,Low
IMG_2889.jpg,IMG,Maile East End,1,0.4762064516544342,Rainbow Shower Tree,0.9633687138557434,High,Rainbow Shower Tree,0.6725303530693054,Medium
IMG_2933.jpg,IMG,Maile East End,1,0.8281774520874023,Rainbow Shower Tree,0.9836421012878418,High,Rainbow Shower Tree,0.556296169757843,Low
IMG_3017.jpg,IMG,Maile East End,2,0.5160905718803406,Rainbow Shower Tree,0.7799414992332458,Medium,Queen's White Shower Tree,0.5392049551010132,Low
IMG_3058.jpg,IMG,Maile East End,1,0.7645217776298523,Rainbow Shower Tree,0.7283770442008972,Medium,Queen's White Shower Tree,0.3532050251960754,Low
IMG_3103.jpg,IMG,Maile East End,2,0.5257396697998047,Rainbow Shower Tree,0.5953001379966736,Low,Lunalilo Yellow Shower Tree,0.4044042229652405,Low
IMG_3147.jpg,IMG,Maile East End,2,0.5085152983665466,Rainbow Shower Tree,0.9677563905715942,High,Rainbow Shower Tree,0.6057649850845337,Medium
IMG_3190.jpg,IMG,Maile East End,2,0.504707396030426,Rainbow Shower Tree,0.7837580442428589,Medium,Lunalilo Yellow Shower Tree,0.5475831031799316,Low
IMG_3234.jpg,IMG,Maile East End,2,0.6699584722518921,Rainbow Shower Tree,0.9750487804412842,High,Rainbow Shower Tree,0.5622156858444214,Low
IMG_3284.jpg,IMG,Maile East End,2,0.5427672863006592,Rainbow Shower Tree,0.9254775643348694,High,Rainbow Shower Tree,0.4055835306644439,Low
IMG_3335.jpg,IMG,Maile East End,2,0.6904001832008362,Rainbow Shower Tree,0.7124089598655701,Medium,Queen's White Shower Tree,0.4417987465858459,Low
IMG_3384.jpg,IMG,Maile East End,2,0.5800274014472961,Rainbow Shower Tree,0.9342793226242064,High,Rainbow Shower Tree,0.4019295871257782,Low
IMG_3532.jpg,IMG,Maile East End,2,0.5216521620750427,Rainbow Shower Tree,0.998489499092102,High,Rainbow Shower Tree,0.8949188590049744,High
IMG_3571.jpg,IMG,Maile East End,2,0.7249149680137634,Rainbow Shower Tree,0.956917941570282,High,Rainbow Shower Tree,0.5575218200683594,Low
IMG_3617.jpg,IMG,Maile East End,2,0.5335662961006165,Rainbow Shower Tree,0.9722209572792052,High,Rainbow Shower Tree,0.5395864844322205,Low
IMG_3657.jpg,IMG,Maile East End,2,0.5950571894645691,Rainbow Shower Tree,0.9671170711517334,High,Rainbow Shower Tree,0.4788547456264496,Low
IMG_3700.jpg,IMG,Maile East End,1,0.4490630328655243,Rainbow Shower Tree,0.9600704908370972,High,Rainbow Shower Tree,0.5369314551353455,Low
IMG_3747.jpg,IMG,Maile East End,2,0.4478149712085724,Rainbow Shower Tree,0.9748697280883788,High,Rainbow Shower Tree,0.415566623210907,Low
IMG_3788.jpg,IMG,Maile East End,2,0.5997329354286194,Rainbow Shower Tree,0.984851896762848,High,Rainbow Shower Tree,0.5352312922477722,Low
IMG_3830.jpg,IMG,Maile East End,2,0.5568338632583618,Rainbow Shower Tree,0.981139600276947,High,Rainbow Shower Tree,0.5565064549446106,Low
IMG_3871.jpg,IMG,Maile East End,1,0.6920691132545471,Rainbow Shower Tree,0.9472955465316772,High,Rainbow Shower Tree,0.4799703061580658,Low
IMG_3917.jpg,IMG,Maile East End,1,0.595857560634613,Rainbow Shower Tree,0.99017333984375,High,Rainbow Shower Tree,0.6717385649681091,Medium
IMG_3956.jpg,IMG,Maile East End,2,0.4047226309776306,Rainbow Shower Tree,0.994458794593811,High,Rainbow Shower Tree,0.7673211693763733,Medium
IMG_3995.jpg,IMG,Maile East End,1,0.4145901799201965,Rainbow Shower Tree,0.993921995162964,High,Rainbow Shower Tree,0.856433629989624,High
IMG_4107.jpg,IMG,Maile East End,0,0.4442305862903595,Rainbow Shower Tree,0.996720850467682,High,Rainbow Shower Tree,0.8798668384552002,High
IMG_4144.jpg,IMG,Maile East End,1,0.3752375245094299,Rainbow Shower Tree,0.9866762757301332,High,Rainbow Shower Tree,0.7862581014633179,Medium
IMG_4186.jpg,IMG,Maile East End,1,0.4530404806137085,Rainbow Shower Tree,0.9922521710395812,High,Rainbow Shower Tree,0.7819947004318237,Medium
IMG_4232.jpg,IMG,Maile East End,1,0.4389515817165375,Rainbow Shower Tree,0.9823631048202516,High,Rainbow Shower Tree,0.6331270337104797,Medium
IMG_4280.jpg,IMG,Maile East End,1,0.5828810930252075,Rainbow Shower Tree,0.9816718697547911,High,Rainbow Shower Tree,0.6396836638450623,Medium
IMG_4324.jpg,IMG,Maile East End,1,0.6077990531921387,Rainbow Shower Tree,0.9453328847885132,High,Rainbow Shower Tree,0.5081932544708252,Low
IMG_4365.jpg,IMG,Maile East End,1,0.4395070374011993,Rainbow Shower Tree,0.9758904576301576,High,Rainbow Shower Tree,0.6483632326126099,Medium
IMG_4414.jpg,IMG,Maile East End,1,0.4390307068824768,Rainbow Shower Tree,0.9457556009292604,High,Rainbow Shower Tree,0.4813800752162933,Low
IMG_4431.jpg,IMG,Maile East End,1,0.6770111918449402,Rainbow Shower Tree,0.9407633543014526,High,Rainbow Shower Tree,0.5112394094467163,Low
IMG_4460.jpg,IMG,Maile East End,1,0.776557445526123,Rainbow Shower Tree,0.9800785779953004,High,Rainbow Shower Tree,0.6667665839195251,Medium
IMG_4467.jpg,IMG,Maile East End,2,0.5392102599143982,Rainbow Shower Tree,0.6725112199783325,Medium,Queen's White Shower Tree,0.5477873682975769,Low
IMG_4501.jpg,IMG,Maile East End,1,0.632633626461029,Rainbow Shower Tree,0.9593231081962584,High,Rainbow Shower Tree,0.4308813214302063,Low
IMG_4526.jpg,IMG,Maile East End,0,0.5800964832305908,Rainbow Shower Tree,0.5999212861061096,Low,Queen's White Shower Tree,0.6239409446716309,Medium
IMG_4549.jpg,IMG,Maile East End,1,0.784385621547699,Rainbow Shower Tree,0.966767430305481,High,Rainbow Shower Tree,0.5210592746734619,Low
IMG_4575.jpg,IMG,Maile East End,0,0.4552441239356994,Rainbow Shower Tree,0.7739819884300232,Medium,Bombax Ceiba,0.3385791480541229,Low
IMG_4594.jpg,IMG,Maile East End,1,0.598186731338501,Rainbow Shower Tree,0.8551091551780701,High,Lunalilo Yellow Shower Tree,0.6126118302345276,Medium
IMG_4637.jpg,IMG,Maile East End,0,0.53875333070755,Rainbow Shower Tree,0.9930657148361206,High,Rainbow Shower Tree,0.8788542151451111,High
IMG_4640.jpg,IMG,Maile East End,1,0.4594106078147888,Rainbow Shower Tree,0.9977238774299622,High,Rainbow Shower Tree,0.9340078234672546,High
IMG_4695.jpg,IMG,Maile East End,0,0.5048361420631409,Rainbow Shower Tree,0.9944502115249634,High,Rainbow Shower Tree,0.9317618608474731,High
IMG_4696.jpg,IMG,Maile East End,1,0.6656264662742615,Rainbow Shower Tree,0.977229118347168,High,Rainbow Shower Tree,0.4714237153530121,Low
IMG_4746.jpg,IMG,Maile East End,1,0.6037567853927612,Rainbow Shower Tree,0.9318068623542786,High,Rainbow Shower Tree,0.4678460955619812,Low
IMG_4756.jpg,IMG,Maile East End,1,0.408605009317398,Rainbow Shower Tree,0.9840831160545348,High,Rainbow Shower Tree,0.8817035555839539,High
IMG_4796.jpg,IMG,Maile East End,1,0.7770095467567444,Rainbow Shower Tree,0.9482399821281432,High,Lunalilo Yellow Shower Tree,0.4825158715248108,Low
IMG_4814.jpg,IMG,Maile East End,1,0.6384680867195129,Rainbow Shower Tree,0.8582713007926941,High,Rainbow Shower Tree,0.4926564991474151,Low
IMG_4858.jpg,IMG,Maile East End,1,0.635903537273407,Rainbow Shower Tree,0.9602875113487244,High,Rainbow Shower Tree,0.7904812097549438,Medium
IMG_4869.jpg,IMG,Maile East End,1,0.8254243731498718,Rainbow Shower Tree,0.923367202281952,High,Rainbow Shower Tree,0.7373344302177429,Medium
IMG_4877.jpg,IMG,Maile East End,1,0.8557946681976318,Rainbow Shower Tree,0.9772216081619264,High,Rainbow Shower Tree,0.5141475200653076,Low
IMG_4926.jpg,IMG,Maile East End,1,0.4998112320899963,Rainbow Shower Tree,0.8656039834022522,High,Rainbow Shower Tree,0.4049313068389892,Low
IMG_4928.jpg,IMG,Maile East End,1,0.6051804423332214,Rainbow Shower Tree,0.9711515307426452,High,Rainbow Shower Tree,0.5039740204811096,Low
IMG_4977.jpg,IMG,Maile East End,1,0.5858811140060425,Rainbow Shower Tree,0.9817668795585632,High,Rainbow Shower Tree,0.7266066074371338,Medium
IMG_4985.jpg,IMG,Maile East End,1,0.5791513919830322,Rainbow Shower Tree,0.9780890345573424,High,Rainbow Shower Tree,0.92279714345932,High
IMG_5018.jpg,IMG,Maile East End,1,0.6401686072349548,Rainbow Shower Tree,0.9803748726844788,High,Rainbow Shower Tree,0.7003737688064575,Medium
IMG_5053.jpg,IMG,Maile East End,0,0.4956365525722503,Rainbow Shower Tree,0.926208794116974,High,Lunalilo Yellow Shower Tree,0.419253259897232,Low
IMG_5075.jpg,IMG,Maile East End,2,0.5415335297584534,Rainbow Shower Tree,0.9387667775154114,High,Rainbow Shower Tree,0.4296323955059051,Low
IMG_5116.jpg,IMG,Maile East End,1,0.5798158049583435,Rainbow Shower Tree,0.828268826007843,Medium,Lunalilo Yellow Shower Tree,0.4301319420337677,Low
IMG_5123.jpg,IMG,Maile East End,1,0.6821104884147644,Rainbow Shower Tree,0.940398633480072,High,Rainbow Shower Tree,0.4004767537117004,Low
IMG_5180.jpg,IMG,Maile East End,1,0.6589606404304504,Rainbow Shower Tree,0.887529730796814,High,Rainbow Shower Tree,0.3419840633869171,Low
IMG_5201.jpg,IMG,Maile East End,1,0.4818312525749206,Rainbow Shower Tree,0.7674598693847656,Medium,Queen's White Shower Tree,0.4614355266094208,Low
IMG_5242.jpg,IMG,Maile East End,1,0.5204335451126099,Rainbow Shower Tree,0.9345532655715942,High,Rainbow Shower Tree,0.4652398824691772,Low
IMG_5268.jpg,IMG,Maile East End,1,0.4588223695755005,Rainbow Shower Tree,0.7474989891052246,Medium,Queen's White Shower Tree,0.4458673000335693,Low
IMG_5300.jpg,IMG,Maile East End,1,0.5982849597930908,Rainbow Shower Tree,0.488313227891922,Low,Rainbow Shower Tree,0.3312711715698242,Low
IMG_5312.jpg,IMG,Maile East End,1,0.6541239023208618,Rainbow Shower Tree,0.8523039221763611,High,Queen's White Shower Tree,0.4762594401836395,Low
IMG_5353.jpg,IMG,Maile East End,1,0.6622809767723083,Rainbow Shower Tree,0.9724141955375672,High,Rainbow Shower Tree,0.7276855707168579,Medium
IMG_5366.jpg,IMG,Maile East End,1,0.5907512903213501,Rainbow Shower Tree,0.8115898966789246,Medium,Lunalilo Yellow Shower Tree,0.4693036675453186,Low
IMG_5405.jpg,IMG,Maile East End,1,0.6992694735527039,Rainbow Shower Tree,0.7080793976783752,Medium,Lunalilo Yellow Shower Tree,0.608116090297699,Medium
IMG_5437.jpg,IMG,Maile East End,2,0.5114038586616516,Rainbow Shower Tree,0.9564568996429444,High,Rainbow Shower Tree,0.5973091125488281,Low
IMG_5453.jpg,IMG,Maile East End,1,0.536418616771698,Queen's White Shower Tree,0.5986368060112,Low,Queen's White Shower Tree,0.6668439507484436,Medium
IMG_5502.jpg,IMG,Maile East End,0,0.3985365927219391,Rainbow Shower Tree,0.5598217248916626,Low,Queen's White Shower Tree,0.6104685068130493,Medium
IMG_5503.jpg,IMG,Maile East End,1,0.5698155760765076,Rainbow Shower Tree,0.7589046955108643,Medium,Queen's White Shower Tree,0.3936204016208648,Low
IMG_5566.jpg,IMG,Maile East End,1,0.4415434300899505,Queen's White Shower Tree,0.5897896885871887,Low,Queen's White Shower Tree,0.7290357351303101,Medium
IMG_5588.jpg,IMG,Maile East End,2,0.4125619828701019,Rainbow Shower Tree,0.8804500699043274,High,Queen's White Shower Tree,0.4294985234737396,Low
IMG_5626.jpg,IMG,Maile East End,1,0.4128937423229217,Rainbow Shower Tree,0.8231300711631775,Medium,Queen's White Shower Tree,0.4943698942661285,Low
IMG_5663.jpg,IMG,Maile East End,2,0.4079930782318115,Rainbow Shower Tree,0.613812267780304,Medium,Queen's White Shower Tree,0.6099371314048767,Medium
IMG_5704.jpg,IMG,Maile East End,2,0.4478881359100342,Rainbow Shower Tree,0.8404878377914429,Medium,Lunalilo Yellow Shower Tree,0.4225820302963257,Low
IMG_5708.jpg,IMG,Maile East End,1,0.71527099609375,Rainbow Shower Tree,0.7814748287200928,Medium,Bombax Ceiba,0.3740848004817962,Low
IMG_5745.jpg,IMG,Maile East End,2,0.5892133712768555,Rainbow Shower Tree,0.7961330413818359,Medium,Lunalilo Yellow Shower Tree,0.428446501493454,Low
IMG_5776.jpg,IMG,Maile East End,1,0.6498315930366516,Queen's White Shower Tree,0.5136516094207764,Low,Queen's White Shower Tree,0.5079396963119507,Low
IMG_5800.jpg,IMG,Maile East End,2,0.7753766775131226,Rainbow Shower Tree,0.6019753813743591,Medium,Lunalilo Yellow Shower Tree,0.4556384980678558,Low
IMG_5848.jpg,IMG,Maile East End,2,0.7922172546386719,Rainbow Shower Tree,0.5039989948272705,Low,Lunalilo Yellow Shower Tree,0.5885263681411743,Low
IMG_5849.jpg,IMG,Maile East End,1,0.4543794095516205,Rainbow Shower Tree,0.5996432900428772,Low,Queen's White Shower Tree,0.5649473071098328,Low
IMG_5890.jpg,IMG,Maile East End,3,0.5476491451263428,Rainbow Shower Tree,0.4674875736236572,Low,Queen's White Shower Tree,0.3624205291271209,Low
IMG_5928.jpg,IMG,Maile East End,2,0.4815826416015625,Rainbow Shower Tree,0.870381772518158,High,Lunalilo Yellow Shower Tree,0.3002064824104309,Low
IMG_5930.jpg,IMG,Maile East End,0,0.7266311049461365,Queen's White Shower Tree,0.5119307637214661,Low,Queen's White Shower Tree,0.6607292294502258,Medium
IMG_5967.jpg,IMG,Maile East End,2,0.5152789950370789,Rainbow Shower Tree,0.7997219562530518,Medium,Lunalilo Yellow Shower Tree,0.3541711568832397,Low
IMG_5979.jpg,IMG,Maile East End,0,0.560154914855957,Queen's White Shower Tree,0.5037248730659485,Low,Queen's White Shower Tree,0.6640021204948425,Medium
IMG_6004.jpg,IMG,Maile East End,3,0.752641499042511,Rainbow Shower Tree,0.8988583087921143,High,Queen's White Shower Tree,0.3292498290538788,Low
IMG_6036.jpg,IMG,Maile East End,1,0.8293712735176086,Rainbow Shower Tree,0.6878620386123657,Medium,Lunalilo Yellow Shower Tree,0.3433414697647095,Low
IMG_6046.jpg,IMG,Maile East End,2,0.6198343634605408,Rainbow Shower Tree,0.8450484871864319,Medium,Lunalilo Yellow Shower Tree,0.4657961130142212,Low
IMG_6063.jpg,IMG,Maile East End,3,0.4748927354812622,Rainbow Shower Tree,0.966096580028534,High,Rainbow Shower Tree,0.4593254923820495,Low
IMG_6095.jpg,IMG,Maile East End,1,0.6648190021514893,Queen's White Shower Tree,0.8488526344299316,Medium,Queen's White Shower Tree,0.7604379653930664,Medium
IMG_6118.jpg,IMG,Maile East End,2,0.5574995875358582,Rainbow Shower Tree,0.9858777523040771,High,Rainbow Shower Tree,0.4734683334827423,Low
IMG_6158.jpg,IMG,Maile East End,3,0.5047303438186646,Rainbow Shower Tree,0.9180036187171936,High,Rainbow Shower Tree,0.314297616481781,Low
IMG_6172.jpg,IMG,Maile East End,1,0.4442481398582458,Rainbow Shower Tree,0.8609896898269653,High,Rainbow Shower Tree,0.3706169724464416,Low
IMG_6197.jpg,IMG,Maile East End,3,0.5586732029914856,Rainbow Shower Tree,0.8603538274765015,High,Lunalilo Yellow Shower Tree,0.3837888836860657,Low
IMG_6242.jpg,IMG,Maile East End,3,0.5472323894500732,Rainbow Shower Tree,0.9891133308410645,High,Rainbow Shower Tree,0.5049577355384827,Low
IMG_6284.jpg,IMG,Maile East End,2,0.61967533826828,Rainbow Shower Tree,0.934624195098877,High,Rainbow Shower Tree,0.4193704426288605,Low
IMG_6305.jpg,IMG,Maile East End,2,0.398942768573761,Rainbow Shower Tree,0.8823134899139404,High,Rainbow Shower Tree,0.4415411353111267,Low
IMG_6323.jpg,IMG,Maile East End,2,0.5554878115653992,Rainbow Shower Tree,0.9773543477058412,High,Rainbow Shower Tree,0.5211523175239563,Low
IMG_6366.jpg,IMG,Maile East End,3,0.4959222376346588,Rainbow Shower Tree,0.9841127991676332,High,Rainbow Shower Tree,0.6396539807319641,Medium
IMG_6367.jpg,IMG,Maile East End,1,0.5298845171928406,Rainbow Shower Tree,0.4873495399951935,Low,Lunalilo Yellow Shower Tree,0.664604127407074,Medium
IMG_6383.jpg,IMG,Maile East End,3,0.4715620577335357,Rainbow Shower Tree,0.9952096343040466,High,Rainbow Shower Tree,0.8532021045684814,High
IMG_6435.jpg,IMG,Maile East End,2,0.5410624742507935,Rainbow Shower Tree,0.9741916060447692,High,Rainbow Shower Tree,0.703689455986023,Medium
IMG_6436.jpg,IMG,Maile East End,0,0.6829712390899658,Rainbow Shower Tree,0.8946974277496338,High,Rainbow Shower Tree,0.5083307027816772,Low
IMG_6477.jpg,IMG,Maile East End,1,0.6725079417228699,Rainbow Shower Tree,0.981693685054779,High,Rainbow Shower Tree,0.6069240570068359,Medium
IMG_6488.jpg,IMG,Maile East End,1,0.7681183815002441,Rainbow Shower Tree,0.8388653993606567,Medium,Lunalilo Yellow Shower Tree,0.467657059431076,Low
IMG_6514.jpg,IMG,Maile East End,1,0.5542429685592651,Rainbow Shower Tree,0.9949550032615662,High,Rainbow Shower Tree,0.8047502040863037,Medium
IMG_6553.jpg,IMG,Maile East End,2,0.7107998132705688,Rainbow Shower Tree,0.9725838899612428,High,Rainbow Shower Tree,0.5353805422782898,Low
IMG_6596.jpg,IMG,Maile East End,1,0.5008120536804199,Rainbow Shower Tree,0.9690551161766052,High,Rainbow Shower Tree,0.5930941104888916,Low
IMG_6603.jpg,IMG,Maile East End,2,0.4606262743473053,Rainbow Shower Tree,0.6222149729728699,Medium,Lunalilo Yellow Shower Tree,0.4498483836650848,Low
IMG_6635.jpg,IMG,Maile East End,1,0.6823107600212097,Rainbow Shower Tree,0.9943729639053344,High,Rainbow Shower Tree,0.8079952001571655,Medium
IMG_6674.jpg,IMG,Maile East End,1,0.8286699652671814,Rainbow Shower Tree,0.9911077618598938,High,Rainbow Shower Tree,0.8079967498779297,Medium
IMG_6684.jpg,IMG,Maile East End,0,0.5340687036514282,Rainbow Shower Tree,0.8718401789665222,High,Rainbow Shower Tree,0.559959888458252,Low
IMG_6713.jpg,IMG,Maile East End,1,0.787632167339325,Rainbow Shower Tree,0.989758849143982,High,Rainbow Shower Tree,0.6911837458610535,Medium
IMG_6751.jpg,IMG,Maile East End,1,0.8581202626228333,Rainbow Shower Tree,0.9836788773536682,High,Rainbow Shower Tree,0.6217628121376038,Medium
IMG_6756.jpg,IMG,Maile East End,1,0.5598578453063965,Rainbow Shower Tree,0.5487948060035706,Low,Lunalilo Yellow Shower Tree,0.6564108729362488,Medium
IMG_6789.jpg,IMG,Maile East End,1,0.8479220271110535,Rainbow Shower Tree,0.99372661113739,High,Rainbow Shower Tree,0.7534163594245911,Medium
IMG_6828.jpg,IMG,Maile East End,1,0.6368808746337891,Rainbow Shower Tree,0.9976840019226074,High,Rainbow Shower Tree,0.8775395154953003,High
IMG_6832.jpg,IMG,Maile East End,1,0.591614842414856,Rainbow Shower Tree,0.4469911158084869,Low,Lunalilo Yellow Shower Tree,0.7559837102890015,Medium
IMG_6867.jpg,IMG,Maile East End,1,0.6275688409805298,Rainbow Shower Tree,0.9852257370948792,High,Rainbow Shower Tree,0.61073899269104,Medium
IMG_6906 (1).jpg,IMG,Maile East End,2,0.4519063830375671,Rainbow Shower Tree,0.7201040983200073,Medium,Lunalilo Yellow Shower Tree,0.4394745826721191,Low
IMG_6906.jpg,IMG,Maile East End,1,0.5072672963142395,Rainbow Shower Tree,0.9934764504432678,High,Rainbow Shower Tree,0.8309710025787354,Medium
IMG_6946.jpg,IMG,Maile East End,1,0.5315583348274231,Rainbow Shower Tree,0.9975881576538086,High,Rainbow Shower Tree,0.8492162227630615,Medium
IMG_6957.jpg,IMG,Maile East End,1,0.4868053197860718,Rainbow Shower Tree,0.7825219035148621,Medium,Lunalilo Yellow Shower Tree,0.5696483850479126,Low
IMG_6987.jpg,IMG,Maile East End,1,0.7221584320068359,Rainbow Shower Tree,0.996633231639862,High,Rainbow Shower Tree,0.8533077836036682,High
IMG_7005.jpg,IMG,Maile East End,1,0.4829311668872833,Rainbow Shower Tree,0.8879117965698242,High,Lunalilo Yellow Shower Tree,0.4199317991733551,Low
IMG_7032.jpg,IMG,Maile East End,1,0.8651898503303528,Rainbow Shower Tree,0.9982569813728333,High,Rainbow Shower Tree,0.8697529435157776,High
IMG_7056.jpg,IMG,Maile East End,1,0.4569155573844909,Rainbow Shower Tree,0.9687281847000122,High,Rainbow Shower Tree,0.6320568323135376,Medium
IMG_7071.jpg,IMG,Maile East End,2,0.6013999581336975,Rainbow Shower Tree,0.9973190426826476,High,Rainbow Shower Tree,0.9422517418861388,High
IMG_7111.jpg,IMG,Maile East End,1,0.555960476398468,Rainbow Shower Tree,0.9988135099411012,High,Rainbow Shower Tree,0.9804525375366212,High
IMG_7112.jpg,IMG,Maile East End,2,0.5223867893218994,Rainbow Shower Tree,0.9705585241317748,High,Rainbow Shower Tree,0.6222625374794006,Medium
IMG_7154.jpg,IMG,Maile East End,1,0.80988609790802,Rainbow Shower Tree,0.998468816280365,High,Rainbow Shower Tree,0.9534724950790404,High
IMG_7158.jpg,IMG,Maile East End,2,0.4283449947834015,Rainbow Shower Tree,0.743198573589325,Medium,Lunalilo Yellow Shower Tree,0.3333954811096191,Low
IMG_7191.jpg,IMG,Maile East End,1,0.7029376029968262,Rainbow Shower Tree,0.9961565136909484,High,Rainbow Shower Tree,0.9347907304763794,High
IMG_7200.jpg,IMG,Maile East End,0,0.5576282143592834,Rainbow Shower Tree,0.9659425020217896,High,Rainbow Shower Tree,0.5057377815246582,Low
IMG_7230.jpg,IMG,Maile East End,1,0.7129084467887878,Rainbow Shower Tree,0.9912627935409546,High,Rainbow Shower Tree,0.9047282934188844,High
IMG_7242.jpg,IMG,Maile East End,2,0.4014362692832947,Rainbow Shower Tree,0.99504953622818,High,Rainbow Shower Tree,0.8751038312911987,High
IMG_7270.jpg,IMG,Maile East End,1,0.7577072381973267,Rainbow Shower Tree,0.9832949042320251,High,Rainbow Shower Tree,0.7460742592811584,Medium
IMG_7311.jpg,IMG,Maile East End,1,0.7345010042190552,Rainbow Shower Tree,0.9991732239723206,High,Rainbow Shower Tree,0.9688515067100524,High
IMG_7349.jpg,IMG,Maile East End,1,0.7127614617347717,Rainbow Shower Tree,0.9922131896018982,High,Rainbow Shower Tree,0.8048272132873535,Medium
IMG_7385.jpg,IMG,Maile East End,1,0.544028103351593,Rainbow Shower Tree,0.9947925209999084,High,Rainbow Shower Tree,0.827061116695404,Medium
IMG_7406.jpg,IMG,Maile East End,2,0.67789626121521,Rainbow Shower Tree,0.9696561694145204,High,Rainbow Shower Tree,0.4926105439662933,Low
IMG_7424.jpg,IMG,Maile East End,1,0.4779932796955108,Rainbow Shower Tree,0.9820175766944884,High,Rainbow Shower Tree,0.5896173119544983,Low
IMG_7448.jpg,IMG,Maile East End,2,0.4958388805389404,Rainbow Shower Tree,0.9640126824378968,High,Rainbow Shower Tree,0.5714695453643799,Low
IMG_7462.jpg,IMG,Maile East End,1,0.5186405777931213,Rainbow Shower Tree,0.9772143363952636,High,Rainbow Shower Tree,0.7394696474075317,Medium
IMG_7501.jpg,IMG,Maile East End,1,0.542961061000824,Rainbow Shower Tree,0.9783129692077636,High,Rainbow Shower Tree,0.6274625062942505,Medium
IMG_7507.jpg,IMG,Maile East End,3,0.4749293029308319,Rainbow Shower Tree,0.9843279123306274,High,Rainbow Shower Tree,0.7317100763320923,Medium
IMG_7540.jpg,IMG,Maile East End,1,0.4986321926116943,Rainbow Shower Tree,0.9882994890213012,High,Rainbow Shower Tree,0.803766131401062,Medium
IMG_7551.jpg,IMG,Maile East End,2,0.4388355910778045,Rainbow Shower Tree,0.997862994670868,High,Rainbow Shower Tree,0.9089663624763488,High
IMG_7579.jpg,IMG,Maile East End,1,0.5513777136802673,Rainbow Shower Tree,0.986540138721466,High,Rainbow Shower Tree,0.8324235677719116,Medium
IMG_7594.jpg,IMG,Maile East End,3,0.4864577651023865,Rainbow Shower Tree,0.99232280254364,High,Rainbow Shower Tree,0.8176882266998291,Medium
IMG_7617.jpg,IMG,Maile East End,1,0.5187391042709351,Rainbow Shower Tree,0.9684547781944276,High,Rainbow Shower Tree,0.779144287109375,Medium
IMG_7653.jpg,IMG,Maile East End,0,0.8405002951622009,Rainbow Shower Tree,0.6573199033737183,Medium,Queen's White Shower Tree,0.6377561092376709,Medium
IMG_7682.jpg,IMG,Maile East End,2,0.5406319499015808,Rainbow Shower Tree,0.9705819487571716,High,Rainbow Shower Tree,0.5436830520629883,Low
IMG_7689.jpg,IMG,Maile East End,1,0.4821642637252807,Rainbow Shower Tree,0.9903061389923096,High,Rainbow Shower Tree,0.6702322363853455,Medium
IMG_7727.jpg,IMG,Maile East End,0,0.5031324625015259,Queen's White Shower Tree,0.6148654818534851,Medium,Queen's White Shower Tree,0.5955944061279297,Low
IMG_7733.jpg,IMG,Maile East End,3,0.8117898106575012,Rainbow Shower Tree,0.9944517016410828,High,Rainbow Shower Tree,0.8677042722702026,High
IMG_7769.jpg,IMG,Maile East End,1,0.5404446721076965,Rainbow Shower Tree,0.9724658131599426,High,Rainbow Shower Tree,0.7215441465377808,Medium
IMG_7775.jpg,IMG,Maile East End,3,0.8711727857589722,Rainbow Shower Tree,0.951607882976532,High,Rainbow Shower Tree,0.4820456206798553,Low
IMG_7812.jpg,IMG,Maile East End,0,0.4962090253829956,Rainbow Shower Tree,0.9873031973838806,High,Rainbow Shower Tree,0.8420851230621338,Medium
IMG_7818.jpg,IMG,Maile East End,3,0.488701730966568,Rainbow Shower Tree,0.9981877207756042,High,Rainbow Shower Tree,0.9232450127601624,High
IMG_7863.jpg,IMG,Maile East End,3,0.7231611609458923,Rainbow Shower Tree,0.937674880027771,High,Rainbow Shower Tree,0.5208491086959839,Low
IMG_7891.jpg,IMG,Maile East End,1,0.5324134826660156,Rainbow Shower Tree,0.976414680480957,High,Rainbow Shower Tree,0.5240318179130554,Low
IMG_7908.jpg,IMG,Maile East End,3,0.8153054714202881,Rainbow Shower Tree,0.9909355044364928,High,Rainbow Shower Tree,0.7809798717498779,Medium
IMG_7952.jpg,IMG,Maile East End,2,0.4525274038314819,Rainbow Shower Tree,0.647488534450531,Medium,Lunalilo Yellow Shower Tree,0.4852295219898224,Low
IMG_7967.jpg,IMG,Maile East End,3,0.6998293399810791,Rainbow Shower Tree,0.9979636669158936,High,Rainbow Shower Tree,0.8400896787643433,Medium
IMG_7992.jpg,IMG,Maile East End,3,0.5587800741195679,Rainbow Shower Tree,0.9307910203933716,High,Rainbow Shower Tree,0.5257493257522583,Low
IMG_8023.jpg,IMG,Maile East End,1,0.46504807472229,Rainbow Shower Tree,0.8353078365325928,Medium,Lunalilo Yellow Shower Tree,0.3371165096759796,Low
IMG_8036.jpg,IMG,Maile East End,3,0.6307163238525391,Rainbow Shower Tree,0.9557154774665833,High,Rainbow Shower Tree,0.4916554689407348,Low
IMG_8076.jpg,IMG,Maile East End,3,0.6750892400741577,Rainbow Shower Tree,0.954133927822113,High,Rainbow Shower Tree,0.4892364740371704,Low
IMG_8080.jpg,IMG,Maile East End,0,0.5091792941093445,Rainbow Shower Tree,0.9289843440055848,High,Bombax Ceiba,0.3994596600532532,Low
IMG_8121.jpg,IMG,Maile East End,3,0.8364813327789307,Rainbow Shower Tree,0.9938947558403016,High,Rainbow Shower Tree,0.8687653541564941,High
IMG_8173.jpg,IMG,Maile East End,0,0.7440823316574097,Rainbow Shower Tree,0.5811645984649658,Low,Queen's White Shower Tree,0.5314996242523193,Low
IMG_8184.jpg,IMG,Maile East End,3,0.7330009341239929,Rainbow Shower Tree,0.9482815861701964,High,Rainbow Shower Tree,0.3219281136989593,Low
IMG_8228.jpg,IMG,Maile East End,3,0.541760265827179,Rainbow Shower Tree,0.9719122648239136,High,Rainbow Shower Tree,0.6088370084762573,Medium
IMG_8250.jpg,IMG,Maile East End,1,0.5854209065437317,Rainbow Shower Tree,0.684088408946991,Medium,Lunalilo Yellow Shower Tree,0.3659104704856872,Low
IMG_8291.jpg,IMG,Maile East End,1,0.3653996884822845,Rainbow Shower Tree,0.9965885877609252,High,Rainbow Shower Tree,0.9284767508506776,High
IMG_8351.jpg,IMG,Maile East End,1,0.5269061326980591,Rainbow Shower Tree,0.9793148040771484,High,Rainbow Shower Tree,0.7670835852622986,Medium
IMG_8391.jpg,IMG,Maile East End,2,0.626754641532898,Rainbow Shower Tree,0.9878734946250916,High,Rainbow Shower Tree,0.8348943591117859,Medium
IMG_8438.jpg,IMG,Maile East End,1,0.4992520809173584,Rainbow Shower Tree,0.8567653894424438,High,Rainbow Shower Tree,0.3533163070678711,Low
IMG_8482.jpg,IMG,Maile East End,1,0.6188439726829529,Rainbow Shower Tree,0.6008281707763672,Medium,Rainbow Shower Tree,0.3646705746650696,Low
IMG_8483.jpg,IMG,Maile East End,2,0.4918196201324463,Rainbow Shower Tree,0.9715558886528016,High,Rainbow Shower Tree,0.5582547783851624,Low
IMG_8523 (1).jpg,IMG,Maile East End,1,0.5077898502349854,Rainbow Shower Tree,0.8696423172950745,High,Rainbow Shower Tree,0.4001749455928802,Low
IMG_8523.jpg,IMG,Maile East End,0,0.6494699716567993,Rainbow Shower Tree,0.9720958471298218,High,Rainbow Shower Tree,0.9069539308547974,High
IMG_8562.jpg,IMG,Maile East End,2,0.4247594177722931,Rainbow Shower Tree,0.9794904589653016,High,Rainbow Shower Tree,0.804038405418396,Medium
IMG_8594.jpg,IMG,Maile East End,0,0.4728405773639679,Rainbow Shower Tree,0.9880028963088988,High,Rainbow Shower Tree,0.918380320072174,High
IMG_8609.jpg,IMG,Maile East End,2,0.5814796090126038,Rainbow Shower Tree,0.920680284500122,High,Rainbow Shower Tree,0.4557411074638366,Low
IMG_8645.jpg,IMG,Maile East End,1,0.6634525060653687,Rainbow Shower Tree,0.9854302406311036,High,Rainbow Shower Tree,0.8226382732391357,Medium
IMG_8664.jpg,IMG,Maile East End,1,0.3899762034416199,Queen's White Shower Tree,0.5356139540672302,Low,Lunalilo Yellow Shower Tree,0.4408485293388366,Low
IMG_8717.jpg,IMG,Maile East End,2,0.5138741135597229,Rainbow Shower Tree,0.9537639617919922,High,Rainbow Shower Tree,0.7260167598724365,Medium
IMG_8726.jpg,IMG,Maile East End,1,0.7965755462646484,Rainbow Shower Tree,0.7515871524810791,Medium,Lunalilo Yellow Shower Tree,0.6211114525794983,Medium
IMG_8766.jpg,IMG,Maile East End,1,0.6178556084632874,Rainbow Shower Tree,0.9624494910240172,High,Rainbow Shower Tree,0.3800660371780395,Low
IMG_8783.jpg,IMG,Maile East End,2,0.4048863649368286,Rainbow Shower Tree,0.983895778656006,High,Rainbow Shower Tree,0.8613631129264832,High
IMG_8808 (1).jpg,IMG,Maile East End,1,0.6628803610801697,Rainbow Shower Tree,0.9618131518363952,High,Rainbow Shower Tree,0.8409460186958313,Medium
IMG_8808.jpg,IMG,Maile East End,1,0.5074323415756226,Rainbow Shower Tree,0.7271915078163147,Medium,Queen's White Shower Tree,0.5748382210731506,Low
IMG_8825.jpg,IMG,Maile East End,1,0.573230504989624,Rainbow Shower Tree,0.8549658060073853,High,Queen's White Shower Tree,0.4223828613758087,Low
IMG_8851.jpg,IMG,Maile East End,0,0.4625587165355682,Rainbow Shower Tree,0.889133095741272,High,Rainbow Shower Tree,0.619023859500885,Medium
IMG_8884.jpg,IMG,Maile East End,1,0.4045237898826599,Rainbow Shower Tree,0.9898928999900818,High,Rainbow Shower Tree,0.8227890729904175,Medium
IMG_8916.jpg,IMG,Maile East End,1,0.4976891875267029,Queen's White Shower Tree,0.8069930672645569,Medium,Queen's White Shower Tree,0.7568003535270691,Medium
IMG_8920.jpg,IMG,Maile East End,1,0.7495794892311096,Rainbow Shower Tree,0.8916991353034973,High,Rainbow Shower Tree,0.5041367411613464,Low
IMG_8953.jpg,IMG,Maile East End,1,0.4248293936252594,Queen's White Shower Tree,0.6083095669746399,Medium,Queen's White Shower Tree,0.5882526636123657,Low
IMG_9016.jpg,IMG,Maile East End,0,0.4776453375816345,Rainbow Shower Tree,0.555174708366394,Low,Lunalilo Yellow Shower Tree,0.4641216397285461,Low
IMG_9058.jpg,IMG,Maile East End,0,0.707055926322937,Rainbow Shower Tree,0.7374764084815979,Medium,Queen's White Shower Tree,0.5320211052894592,Low
IMG_9075.jpg,IMG,Maile East End,1,0.4772081971168518,Rainbow Shower Tree,0.8441551923751831,Medium,Lunalilo Yellow Shower Tree,0.5987593531608582,Low
IMG_9100.jpg,IMG,Maile East End,1,0.6511644124984741,Rainbow Shower Tree,0.6513353586196899,Medium,Queen's White Shower Tree,0.5416185259819031,Low
IMG_9140.jpg,IMG,Maile East End,1,0.5404641032218933,Queen's White Shower Tree,0.5737475752830505,Low,Queen's White Shower Tree,0.7335927486419678,Medium
IMG_9144.jpg,IMG,Maile East End,1,0.4083983898162842,Rainbow Shower Tree,0.5656822919845581,Low,Queen's White Shower Tree,0.5564478039741516,Low
IMG_9150.jpg,IMG,Maile East End,2,0.472552627325058,Queen's White Shower Tree,0.5689030885696411,Low,Queen's White Shower Tree,0.6873482465744019,Medium
IMG_9200.jpg,IMG,Maile East End,0,0.8449398875236511,Rainbow Shower Tree,0.6452759504318237,Medium,Lunalilo Yellow Shower Tree,0.4309154748916626,Low
IMG_9227.jpg,IMG,Maile East End,1,0.5881639719009399,Rainbow Shower Tree,0.941010594367981,High,Rainbow Shower Tree,0.4924841821193695,Low
IMG_9261.jpg,IMG,Maile East End,3,0.4388827383518219,Rainbow Shower Tree,0.8342738747596741,Medium,Queen's White Shower Tree,0.3066462576389313,Low
IMG_9293.jpg,IMG,Maile East End,2,0.4558004140853882,Rainbow Shower Tree,0.9112611413002014,High,Rainbow Shower Tree,0.4779320657253265,Low
IMG_9308.jpg,IMG,Maile East End,1,0.6803383827209473,Queen's White Shower Tree,0.7478545904159546,Medium,Queen's White Shower Tree,0.5031150579452515,Low
IMG_9365.jpg,IMG,Maile East End,1,0.739689826965332,Rainbow Shower Tree,0.6632815599441528,Medium,Queen's White Shower Tree,0.4441606104373932,Low
IMG_9369.jpg,IMG,Maile East End,1,0.55924391746521,Rainbow Shower Tree,0.7855511903762817,Medium,Lunalilo Yellow Shower Tree,0.6230546832084656,Medium
IMG_9417.jpg,IMG,Maile East End,1,0.7043763995170593,Rainbow Shower Tree,0.768044114112854,Medium,Lunalilo Yellow Shower Tree,0.4526817798614502,Low
IMG_9437.jpg,IMG,Maile East End,1,0.6838310360908508,Rainbow Shower Tree,0.4721332788467407,Low,Lunalilo Yellow Shower Tree,0.5782341957092285,Low
IMG_9461.jpg,IMG,Maile East End,1,0.629009485244751,Queen's White Shower Tree,0.5848169326782227,Low,Queen's White Shower Tree,0.7172188758850098,Medium
IMG_9472.jpg,IMG,Maile East End,1,0.6900640726089478,Rainbow Shower Tree,0.9153390526771544,High,Rainbow Shower Tree,0.4899694919586181,Low
IMG_9509.jpg,IMG,Maile East End,2,0.4178081452846527,Rainbow Shower Tree,0.6094509363174438,Medium,Lunalilo Yellow Shower Tree,0.4325572252273559,Low
IMG_9519.jpg,IMG,Maile East End,1,0.5946481227874756,Rainbow Shower Tree,0.5482302904129028,Low,Queen's White Shower Tree,0.4472590982913971,Low
IMG_9547.jpg,IMG,Maile East End,1,0.5540090203285217,Rainbow Shower Tree,0.8847256898880005,High,Rainbow Shower Tree,0.363476037979126,Low
IMG_9556.jpg,IMG,Maile East End,0,0.4355113506317138,Queen's White Shower Tree,0.4872438311576843,Low,Queen's White Shower Tree,0.5555964708328247,Low
IMG_9593.jpg,IMG,Maile East End,1,0.703086256980896,Rainbow Shower Tree,0.6582269072532654,Medium,Queen's White Shower Tree,0.3952146768569946,Low
IMG_9597.jpg,IMG,Maile East End,0,0.4053655564785003,Rainbow Shower Tree,0.6093983054161072,Medium,Queen's White Shower Tree,0.5136474370956421,Low
IMG_9633.jpg,IMG,Maile East End,1,0.4591972529888153,Rainbow Shower Tree,0.960403323173523,High,Rainbow Shower Tree,0.4973756372928619,Low
IMG_9642.jpg,IMG,Maile East End,1,0.375289112329483,Rainbow Shower Tree,0.8694607615470886,High,Lunalilo Yellow Shower Tree,0.4246588051319122,Low
IMG_9673.jpg,IMG,Maile East End,1,0.5117906928062439,Rainbow Shower Tree,0.986133873462677,High,Rainbow Shower Tree,0.628866970539093,Medium
IMG_9702.jpg,IMG,Maile East End,2,0.4352658092975616,Rainbow Shower Tree,0.6869157552719116,Medium,Queen's White Shower Tree,0.50727778673172,Low
IMG_9712.jpg,IMG,Maile East End,2,0.4179461598396301,Rainbow Shower Tree,0.6110209822654724,Medium,Queen's White Shower Tree,0.4306018352508545,Low
IMG_9754.jpg,IMG,Maile East End,1,0.4431361854076385,Rainbow Shower Tree,0.9798457026481628,High,Rainbow Shower Tree,0.5581377148628235,Low
IMG_9764.jpg,IMG,Maile East End,2,0.5232442021369934,Rainbow Shower Tree,0.8898916244506836,High,Rainbow Shower Tree,0.5881627798080444,Low
IMG_9797.jpg,IMG,Maile East End,2,0.4294331967830658,Rainbow Shower Tree,0.9549121260643004,High,Rainbow Shower Tree,0.4863705635070801,Low
IMG_9805.jpg,IMG,Maile East End,1,0.4086287915706634,Rainbow Shower Tree,0.8698810338973999,High,Rainbow Shower Tree,0.4310123026371002,Low
IMG_9843.jpg,IMG,Maile East End,2,0.4168164730072021,Rainbow Shower Tree,0.714236319065094,Medium,Lunalilo Yellow Shower Tree,0.4364195466041565,Low
IMG_9881.jpg,IMG,Maile East End,2,0.5349712371826172,Rainbow Shower Tree,0.8762397766113281,High,Rainbow Shower Tree,0.623155951499939,Medium
IMG_9886.jpg,IMG,Maile East End,2,0.7177067995071411,Rainbow Shower Tree,0.9659351706504822,High,Rainbow Shower Tree,0.4242497086524963,Low
IMG_9924.jpg,IMG,Maile East End,1,0.6181923151016235,Rainbow Shower Tree,0.839765727519989,Medium,Queen's White Shower Tree,0.4296148419380188,Low
IMG_9931.jpg,IMG,Maile East End,2,0.5759481191635132,Rainbow Shower Tree,0.927164912223816,High,Rainbow Shower Tree,0.4577076733112335,Low
IMG_9958.jpg,IMG,Maile East End,2,0.6475003361701965,Rainbow Shower Tree,0.987511157989502,High,Rainbow Shower Tree,0.6298982501029968,Medium
IMG_9960.jpg,IMG,Maile East End,3,0.2994663715362549,Queen's White Shower Tree,0.9974645376205444,High,Queen's White Shower Tree,0.9048452973365784,High
IMG_9982.jpg,IMG,Maile East End,2,0.3315952122211456,Rainbow Shower Tree,0.6798518896102905,Medium,Queen's White Shower Tree,0.6184188723564148,Medium
IMG_9996.jpg,IMG,Maile East End,2,0.6158022284507751,Rainbow Shower Tree,0.918048620223999,High,Lunalilo Yellow Shower Tree,0.803678572177887,Medium
IMG_0038.jpg,IMG,Maile Library,3,0.9364932179450988,Lunalilo Yellow Shower Tree,0.9976404905319214,High,Lunalilo Yellow Shower Tree,0.9363749623298644,High
IMG_0063.jpg,IMG,Maile Library,0,0.5493435859680176,Lunalilo Yellow Shower Tree,0.972403049468994,High,Lunalilo Yellow Shower Tree,0.8362364172935486,Medium
IMG_0080.jpg,IMG,Maile Library,3,0.9501250982284546,Lunalilo Yellow Shower Tree,0.9990147352218628,High,Lunalilo Yellow Shower Tree,0.973469853401184,High
IMG_0120.jpg,IMG,Maile Library,3,0.9330483675003052,Lunalilo Yellow Shower Tree,0.9983204007148744,High,Lunalilo Yellow Shower Tree,0.9406612515449524,High
IMG_0129.jpg,IMG,Maile Library,1,0.6824222803115845,Lunalilo Yellow Shower Tree,0.925818920135498,High,Lunalilo Yellow Shower Tree,0.8076560497283936,Medium
IMG_0163.jpg,IMG,Maile Library,3,0.969739019870758,Lunalilo Yellow Shower Tree,0.991019070148468,High,Lunalilo Yellow Shower Tree,0.869025468826294,High
IMG_0185.jpg,IMG,Maile Library,2,0.5302827954292297,Lunalilo Yellow Shower Tree,0.9964777827262878,High,Lunalilo Yellow Shower Tree,0.9695232510566713,High
IMG_0204.jpg,IMG,Maile Library,3,0.9127088785171508,Lunalilo Yellow Shower Tree,0.9945354461669922,High,Lunalilo Yellow Shower Tree,0.9095115661621094,High
IMG_0248.jpg,IMG,Maile Library,3,0.7953358292579651,Lunalilo Yellow Shower Tree,0.9945951104164124,High,Lunalilo Yellow Shower Tree,0.854351818561554,High
IMG_0252.jpg,IMG,Maile Library,1,0.3710651397705078,Lunalilo Yellow Shower Tree,0.9690449237823486,High,Lunalilo Yellow Shower Tree,0.7223311066627502,Medium
IMG_0298.jpg,IMG,Maile Library,1,0.4430203139781952,Lunalilo Yellow Shower Tree,0.9814496040344238,High,Lunalilo Yellow Shower Tree,0.8173614144325256,Medium
IMG_0334.jpg,IMG,Maile Library,2,0.49484783411026,Lunalilo Yellow Shower Tree,0.5284386277198792,Low,Queen's White Shower Tree,0.6410816311836243,Medium
IMG_0366.jpg,IMG,Maile Library,2,0.5173509120941162,Lunalilo Yellow Shower Tree,0.9974178075790404,High,Lunalilo Yellow Shower Tree,0.946283757686615,High
IMG_0388.jpg,IMG,Maile Library,2,0.4156341552734375,Lunalilo Yellow Shower Tree,0.9324088096618652,High,Lunalilo Yellow Shower Tree,0.7715633511543274,Medium
IMG_0410.jpg,IMG,Maile Library,3,0.6769418120384216,Lunalilo Yellow Shower Tree,0.9943490624427797,High,Lunalilo Yellow Shower Tree,0.896295428276062,High
IMG_0459.jpg,IMG,Maile Library,2,0.5001677870750427,Lunalilo Yellow Shower Tree,0.998199462890625,High,Lunalilo Yellow Shower Tree,0.9490433931350708,High
IMG_0504.jpg,IMG,Maile Library,3,0.5070621967315674,Lunalilo Yellow Shower Tree,0.9860463738441468,High,Lunalilo Yellow Shower Tree,0.8440435528755188,Medium
IMG_0511.jpg,IMG,Maile Library,2,0.6109927892684937,Lunalilo Yellow Shower Tree,0.8066911101341248,Medium,Lunalilo Yellow Shower Tree,0.5793966054916382,Low
IMG_0542.jpg,IMG,Maile Library,3,0.9220563769340516,Lunalilo Yellow Shower Tree,0.994288682937622,High,Lunalilo Yellow Shower Tree,0.9222431182861328,High
IMG_0547.jpg,IMG,Maile Library,3,0.6178786754608154,Lunalilo Yellow Shower Tree,0.997960090637207,High,Lunalilo Yellow Shower Tree,0.968599021434784,High
IMG_0584.jpg,IMG,Maile Library,3,0.6218596696853638,Lunalilo Yellow Shower Tree,0.9773591160774232,High,Lunalilo Yellow Shower Tree,0.8421083688735962,Medium
IMG_0589.jpg,IMG,Maile Library,2,0.680081844329834,Lunalilo Yellow Shower Tree,0.9884816408157348,High,Lunalilo Yellow Shower Tree,0.8680280447006226,High
IMG_0630.jpg,IMG,Maile Library,3,0.8207617998123169,Lunalilo Yellow Shower Tree,0.9440263509750366,High,Lunalilo Yellow Shower Tree,0.6306498646736145,Medium
IMG_0637.jpg,IMG,Maile Library,2,0.6698840856552124,Lunalilo Yellow Shower Tree,0.9962056875228882,High,Lunalilo Yellow Shower Tree,0.947696328163147,High
IMG_0678.jpg,IMG,Maile Library,2,0.752694845199585,Lunalilo Yellow Shower Tree,0.9914432168006896,High,Lunalilo Yellow Shower Tree,0.9169301390647888,High
IMG_0681.jpg,IMG,Maile Library,3,0.9849488139152528,Lunalilo Yellow Shower Tree,0.9757930636405944,High,Lunalilo Yellow Shower Tree,0.844773530960083,Medium
IMG_0713.jpg,IMG,Maile Library,3,0.978101909160614,Lunalilo Yellow Shower Tree,0.9876630902290344,High,Lunalilo Yellow Shower Tree,0.8804661631584167,High
IMG_0723.jpg,IMG,Maile Library,2,0.7687093615531921,Lunalilo Yellow Shower Tree,0.9962053894996644,High,Lunalilo Yellow Shower Tree,0.9481732249259948,High
IMG_0771.jpg,IMG,Maile Library,2,0.8990417718887329,Lunalilo Yellow Shower Tree,0.9918776750564576,High,Lunalilo Yellow Shower Tree,0.8664388656616211,High
IMG_0778.jpg,IMG,Maile Library,3,0.9976074695587158,Lunalilo Yellow Shower Tree,0.9580565690994264,High,Lunalilo Yellow Shower Tree,0.8319776654243469,Medium
IMG_0810.jpg,IMG,Maile Library,2,0.8126075863838196,Lunalilo Yellow Shower Tree,0.992789089679718,High,Lunalilo Yellow Shower Tree,0.8859050273895264,High
IMG_0815.jpg,IMG,Maile Library,3,0.9982494711875916,Lunalilo Yellow Shower Tree,0.9906694889068604,High,Lunalilo Yellow Shower Tree,0.9473934173583984,High
IMG_0849.jpg,IMG,Maile Library,3,0.9680271744728088,Lunalilo Yellow Shower Tree,0.9143806099891664,High,Lunalilo Yellow Shower Tree,0.686704695224762,Medium
IMG_0851.jpg,IMG,Maile Library,2,0.7108866572380066,Lunalilo Yellow Shower Tree,0.995177149772644,High,Lunalilo Yellow Shower Tree,0.8958616256713867,High
IMG_0881.jpg,IMG,Maile Library,3,0.9953709244728088,Lunalilo Yellow Shower Tree,0.9817065596580504,High,Lunalilo Yellow Shower Tree,0.9219124913215636,High
IMG_0899.jpg,IMG,Maile Library,2,0.6675788760185242,Lunalilo Yellow Shower Tree,0.9883939027786256,High,Lunalilo Yellow Shower Tree,0.9045447707176208,High
IMG_0929.jpg,IMG,Maile Library,3,0.9906355738639832,Lunalilo Yellow Shower Tree,0.980135142803192,High,Lunalilo Yellow Shower Tree,0.8483788371086121,Medium
IMG_0940.jpg,IMG,Maile Library,2,0.8232247233390808,Lunalilo Yellow Shower Tree,0.9960479140281676,High,Lunalilo Yellow Shower Tree,0.9412769079208374,High
IMG_0959.jpg,IMG,Maile Library,3,0.9972028732299804,Lunalilo Yellow Shower Tree,0.9963819980621338,High,Lunalilo Yellow Shower Tree,0.9548073410987854,High
IMG_0977.jpg,IMG,Maile Library,2,0.6930454969406128,Lunalilo Yellow Shower Tree,0.970311164855957,High,Lunalilo Yellow Shower Tree,0.803184449672699,Medium
IMG_0994.jpg,IMG,Maile Library,3,0.9953439831733704,Lunalilo Yellow Shower Tree,0.9912051558494568,High,Lunalilo Yellow Shower Tree,0.9126251935958862,High
IMG_1012.jpg,IMG,Maile Library,2,0.5237784385681152,Lunalilo Yellow Shower Tree,0.7428977489471436,Medium,Rainbow Shower Tree,0.7433726787567139,Medium
IMG_1035.jpg,IMG,Maile Library,3,0.8594789505004883,Lunalilo Yellow Shower Tree,0.7768345475196838,Medium,Lunalilo Yellow Shower Tree,0.4818407297134399,Low
IMG_1052.jpg,IMG,Maile Library,2,0.8174518346786499,Lunalilo Yellow Shower Tree,0.998281955718994,High,Lunalilo Yellow Shower Tree,0.9393237233161926,High
IMG_1090.jpg,IMG,Maile Library,2,0.7261450290679932,Lunalilo Yellow Shower Tree,0.974811851978302,High,Lunalilo Yellow Shower Tree,0.738105833530426,Medium
IMG_1126.jpg,IMG,Maile Library,3,0.9443961381912231,Lunalilo Yellow Shower Tree,0.9894893765449524,High,Lunalilo Yellow Shower Tree,0.8842595815658569,High
IMG_1134.jpg,IMG,Maile Library,2,0.6252502799034119,Lunalilo Yellow Shower Tree,0.9967949986457824,High,Lunalilo Yellow Shower Tree,0.9245473742485046,High
IMG_1169.jpg,IMG,Maile Library,2,0.4992915391921997,Lunalilo Yellow Shower Tree,0.839135468006134,Medium,Lunalilo Yellow Shower Tree,0.3821200430393219,Low
IMG_1206.jpg,IMG,Maile Library,2,0.902476966381073,Lunalilo Yellow Shower Tree,0.9944068193435668,High,Lunalilo Yellow Shower Tree,0.9114751815795898,High
IMG_1268.jpg,IMG,Maile Library,2,0.8851853013038635,Lunalilo Yellow Shower Tree,0.99948251247406,High,Lunalilo Yellow Shower Tree,0.9865841269493104,High
IMG_1335.jpg,IMG,Maile Library,1,0.493209034204483,Lunalilo Yellow Shower Tree,0.9819635152816772,High,Lunalilo Yellow Shower Tree,0.8161133527755737,Medium
IMG_1352.jpg,IMG,Maile Library,2,0.6350439786911011,Lunalilo Yellow Shower Tree,0.995775043964386,High,Lunalilo Yellow Shower Tree,0.8712208271026611,High
IMG_1393.jpg,IMG,Maile Library,1,0.4264663755893707,Lunalilo Yellow Shower Tree,0.985865592956543,High,Lunalilo Yellow Shower Tree,0.8277234435081482,Medium
IMG_1406.jpg,IMG,Maile Library,3,0.5797327756881714,Lunalilo Yellow Shower Tree,0.9736396074295044,High,Lunalilo Yellow Shower Tree,0.7739700078964233,Medium
IMG_1432.jpg,IMG,Maile Library,1,0.4210948050022125,Lunalilo Yellow Shower Tree,0.9811344146728516,High,Lunalilo Yellow Shower Tree,0.7554895281791687,Medium
IMG_1444.jpg,IMG,Maile Library,2,0.4179133474826813,Lunalilo Yellow Shower Tree,0.9949929118156432,High,Lunalilo Yellow Shower Tree,0.871239185333252,High
IMG_1464.jpg,IMG,Maile Library,1,0.5370470881462097,Lunalilo Yellow Shower Tree,0.934219777584076,High,Lunalilo Yellow Shower Tree,0.5999032855033875,Low
IMG_1497.jpg,IMG,Maile Library,3,0.9432337880134584,Lunalilo Yellow Shower Tree,0.8731939196586609,High,Lunalilo Yellow Shower Tree,0.521662175655365,Low
IMG_1508.jpg,IMG,Maile Library,0,0.4589366912841797,Lunalilo Yellow Shower Tree,0.9892482161521912,High,Lunalilo Yellow Shower Tree,0.8870988488197327,High
IMG_1546.jpg,IMG,Maile Library,3,0.8485924601554871,Lunalilo Yellow Shower Tree,0.9890478253364564,High,Lunalilo Yellow Shower Tree,0.8602960109710693,High
IMG_1547.jpg,IMG,Maile Library,0,0.6383612155914307,Lunalilo Yellow Shower Tree,0.9611027836799622,High,Lunalilo Yellow Shower Tree,0.801118016242981,Medium
IMG_1582.jpg,IMG,Maile Library,0,0.7897034287452698,Lunalilo Yellow Shower Tree,0.986889123916626,High,Lunalilo Yellow Shower Tree,0.8455995321273804,Medium
IMG_1592.jpg,IMG,Maile Library,3,0.92172509431839,Lunalilo Yellow Shower Tree,0.9736093878746032,High,Lunalilo Yellow Shower Tree,0.7938241362571716,Medium
IMG_1608.jpg,IMG,Maile Library,1,0.5540682673454285,Lunalilo Yellow Shower Tree,0.9579147696495056,High,Lunalilo Yellow Shower Tree,0.8251461386680603,Medium
IMG_1634.jpg,IMG,Maile Library,3,0.7356208562850952,Lunalilo Yellow Shower Tree,0.968942403793335,High,Lunalilo Yellow Shower Tree,0.752803385257721,Medium
IMG_1657.jpg,IMG,Maile Library,0,0.6855010986328125,Lunalilo Yellow Shower Tree,0.9710001349449158,High,Lunalilo Yellow Shower Tree,0.8323886394500732,Medium
IMG_1672.jpg,IMG,Maile Library,1,0.7106460928916931,Lunalilo Yellow Shower Tree,0.9728315472602844,High,Lunalilo Yellow Shower Tree,0.7494640946388245,Medium
IMG_1688.jpg,IMG,Maile Library,1,0.4117669761180877,Lunalilo Yellow Shower Tree,0.9942256808280944,High,Lunalilo Yellow Shower Tree,0.8388345241546631,Medium
IMG_1755.jpg,IMG,Maile Library,0,0.7672172784805298,Lunalilo Yellow Shower Tree,0.993725836277008,High,Lunalilo Yellow Shower Tree,0.9200063943862916,High
IMG_1758.jpg,IMG,Maile Library,1,0.5113206505775452,Lunalilo Yellow Shower Tree,0.986280918121338,High,Lunalilo Yellow Shower Tree,0.9127694964408876,High
IMG_1824.jpg,IMG,Maile Library,0,0.8680027723312378,Lunalilo Yellow Shower Tree,0.9643389582633972,High,Lunalilo Yellow Shower Tree,0.792701780796051,Medium
IMG_1831.jpg,IMG,Maile Library,0,0.7400462627410889,Lunalilo Yellow Shower Tree,0.9623850584030152,High,Lunalilo Yellow Shower Tree,0.8082373142242432,Medium
IMG_1870.jpg,IMG,Maile Library,0,0.5525172352790833,Lunalilo Yellow Shower Tree,0.9925060868263244,High,Lunalilo Yellow Shower Tree,0.8601470589637756,High
IMG_1877.jpg,IMG,Maile Library,1,0.6695349216461182,Lunalilo Yellow Shower Tree,0.999479591846466,High,Lunalilo Yellow Shower Tree,0.9800753593444824,High
IMG_1940.jpg,IMG,Maile Library,0,0.9805563688278198,Lunalilo Yellow Shower Tree,0.9859938621520996,High,Lunalilo Yellow Shower Tree,0.802556037902832,Medium
IMG_1968.jpg,IMG,Maile Library,0,0.4000550210475921,Lunalilo Yellow Shower Tree,0.986900269985199,High,Lunalilo Yellow Shower Tree,0.6925371289253235,Medium
IMG_1979.jpg,IMG,Maile Library,0,0.739034116268158,Lunalilo Yellow Shower Tree,0.9856866002082824,High,Lunalilo Yellow Shower Tree,0.811606228351593,Medium
IMG_2029.jpg,IMG,Maile Library,1,0.4707452058792114,Lunalilo Yellow Shower Tree,0.977882444858551,High,Lunalilo Yellow Shower Tree,0.8144826889038086,Medium
IMG_2046.jpg,IMG,Maile Library,0,0.835995614528656,Lunalilo Yellow Shower Tree,0.976522982120514,High,Lunalilo Yellow Shower Tree,0.798780083656311,Medium
IMG_2063.jpg,IMG,Maile Library,0,0.8326398134231567,Lunalilo Yellow Shower Tree,0.6857394576072693,Medium,Rainbow Shower Tree,0.5065567493438721,Low
IMG_2098.jpg,IMG,Maile Library,0,0.984557032585144,Lunalilo Yellow Shower Tree,0.9410279989242554,High,Lunalilo Yellow Shower Tree,0.6825258731842041,Medium
IMG_2112.jpg,IMG,Maile Library,0,0.8825105428695679,Lunalilo Yellow Shower Tree,0.9323543906211852,High,Lunalilo Yellow Shower Tree,0.5339892506599426,Low
IMG_2157.jpg,IMG,Maile Library,0,0.6829939484596252,Lunalilo Yellow Shower Tree,0.9984739422798156,High,Lunalilo Yellow Shower Tree,0.9695910811424256,High
IMG_2180.jpg,IMG,Maile Library,0,0.8227994441986084,Lunalilo Yellow Shower Tree,0.9902003407478333,High,Lunalilo Yellow Shower Tree,0.8032621741294861,Medium
IMG_2219.jpg,IMG,Maile Library,0,0.9076616168022156,Lunalilo Yellow Shower Tree,0.9450114965438844,High,Lunalilo Yellow Shower Tree,0.6962145566940308,Medium
IMG_2221.jpg,IMG,Maile Library,0,0.8698462843894958,Lunalilo Yellow Shower Tree,0.9740066528320312,High,Lunalilo Yellow Shower Tree,0.725398600101471,Medium
IMG_2264.jpg,IMG,Maile Library,0,0.9723016023635864,Lunalilo Yellow Shower Tree,0.9513497352600098,High,Lunalilo Yellow Shower Tree,0.7779726386070251,Medium
IMG_2307.jpg,IMG,Maile Library,0,0.6298522353172302,Lunalilo Yellow Shower Tree,0.9941383600234984,High,Lunalilo Yellow Shower Tree,0.8832026720046997,High
IMG_2322.jpg,IMG,Maile Library,0,0.486107587814331,Lunalilo Yellow Shower Tree,0.988636314868927,High,Lunalilo Yellow Shower Tree,0.8673761487007141,High
IMG_2368.jpg,IMG,Maile Library,0,0.9486548900604248,Lunalilo Yellow Shower Tree,0.7541971802711487,Medium,Rainbow Shower Tree,0.4079584181308746,Low
IMG_2377.jpg,IMG,Maile Library,0,0.8485578894615173,Lunalilo Yellow Shower Tree,0.9407200813293456,High,Lunalilo Yellow Shower Tree,0.6765722632408142,Medium
IMG_2433.jpg,IMG,Maile Library,0,0.7631743550300598,Lunalilo Yellow Shower Tree,0.9381556510925292,High,Lunalilo Yellow Shower Tree,0.6403858065605164,Medium
IMG_2446.jpg,IMG,Maile Library,0,0.7902113795280457,Lunalilo Yellow Shower Tree,0.9992583394050598,High,Lunalilo Yellow Shower Tree,0.9838809370994568,High
IMG_2518.jpg,IMG,Maile Library,0,0.8943149447441101,Lunalilo Yellow Shower Tree,0.9812443852424622,High,Lunalilo Yellow Shower Tree,0.8650866746902466,High
IMG_2524.jpg,IMG,Maile Library,1,0.6235959529876709,Lunalilo Yellow Shower Tree,0.9944683313369752,High,Lunalilo Yellow Shower Tree,0.9112602472305298,High
IMG_2600.jpg,IMG,Maile Library,1,0.5377474427223206,Lunalilo Yellow Shower Tree,0.8005843162536621,Medium,Rainbow Shower Tree,0.638077437877655,Medium
IMG_2672.jpg,IMG,Maile Library,0,0.4955409169197082,Lunalilo Yellow Shower Tree,0.964496612548828,High,Lunalilo Yellow Shower Tree,0.7923440933227539,Medium
IMG_2679.jpg,IMG,Maile Library,0,0.721510648727417,Lunalilo Yellow Shower Tree,0.9857583045959472,High,Lunalilo Yellow Shower Tree,0.8412750363349915,Medium
IMG_2755.jpg,IMG,Maile Library,1,0.693036675453186,Lunalilo Yellow Shower Tree,0.8407848477363586,Medium,Lunalilo Yellow Shower Tree,0.5491253733634949,Low
IMG_2820.jpg,IMG,Maile Library,0,0.9485818147659302,Lunalilo Yellow Shower Tree,0.5969630479812622,Low,Rainbow Shower Tree,0.5944706797599792,Low
IMG_2843.jpg,IMG,Maile Library,0,0.5224646925926208,Lunalilo Yellow Shower Tree,0.993047058582306,High,Lunalilo Yellow Shower Tree,0.9049688577651978,High
IMG_2892.jpg,IMG,Maile Library,1,0.6040489077568054,Lunalilo Yellow Shower Tree,0.8539701104164124,High,Lunalilo Yellow Shower Tree,0.405313640832901,Low
IMG_2965.jpg,IMG,Maile Library,1,0.6262109875679016,Lunalilo Yellow Shower Tree,0.9714396595954896,High,Lunalilo Yellow Shower Tree,0.6563434600830078,Medium
IMG_3022.jpg,IMG,Maile Library,1,0.5538762211799622,Lunalilo Yellow Shower Tree,0.9948262572288512,High,Lunalilo Yellow Shower Tree,0.9073686003684998,High
IMG_3063.jpg,IMG,Maile Library,2,0.4229547083377838,Lunalilo Yellow Shower Tree,0.9942978024482728,High,Lunalilo Yellow Shower Tree,0.9136635065078736,High
IMG_3108.jpg,IMG,Maile Library,1,0.6436198949813843,Lunalilo Yellow Shower Tree,0.9831205606460572,High,Lunalilo Yellow Shower Tree,0.8224571943283081,Medium
IMG_3150.jpg,IMG,Maile Library,2,0.4195513129234314,Lunalilo Yellow Shower Tree,0.9809415340423584,High,Lunalilo Yellow Shower Tree,0.6952020525932312,Medium
IMG_3193.jpg,IMG,Maile Library,1,0.433288425207138,Lunalilo Yellow Shower Tree,0.9882093667984008,High,Lunalilo Yellow Shower Tree,0.8408228754997253,Medium
IMG_3237.jpg,IMG,Maile Library,2,0.578495979309082,Lunalilo Yellow Shower Tree,0.9784902930259703,High,Lunalilo Yellow Shower Tree,0.7371536493301392,Medium
IMG_3238.jpg,IMG,Maile Library,2,0.5793914794921875,Lunalilo Yellow Shower Tree,0.8982370495796204,High,Lunalilo Yellow Shower Tree,0.8209698796272278,Medium
IMG_3290.jpg,IMG,Maile Library,2,0.6707675457000732,Lunalilo Yellow Shower Tree,0.9585734009742736,High,Lunalilo Yellow Shower Tree,0.5519552230834961,Low
IMG_3339.jpg,IMG,Maile Library,2,0.5778694152832031,Lunalilo Yellow Shower Tree,0.9946200847625732,High,Lunalilo Yellow Shower Tree,0.9205406308174132,High
IMG_3387.jpg,IMG,Maile Library,2,0.6112678050994873,Lunalilo Yellow Shower Tree,0.9907359480857848,High,Lunalilo Yellow Shower Tree,0.8741761445999146,High
IMG_3537.jpg,IMG,Maile Library,3,0.5682762861251831,Lunalilo Yellow Shower Tree,0.9012038111686708,High,Lunalilo Yellow Shower Tree,0.5206801295280457,Low
IMG_3574.jpg,IMG,Maile Library,3,0.5045287609100342,Lunalilo Yellow Shower Tree,0.9869427680969238,High,Lunalilo Yellow Shower Tree,0.8372208476066589,Medium
IMG_3621.jpg,IMG,Maile Library,3,0.6295526623725891,Lunalilo Yellow Shower Tree,0.993674635887146,High,Lunalilo Yellow Shower Tree,0.880098819732666,High
IMG_3662.jpg,IMG,Maile Library,3,0.6420032978057861,Lunalilo Yellow Shower Tree,0.9959850311279296,High,Lunalilo Yellow Shower Tree,0.9142688512802124,High
IMG_3705.jpg,IMG,Maile Library,3,0.8729022145271301,Lunalilo Yellow Shower Tree,0.9988812804222108,High,Lunalilo Yellow Shower Tree,0.9196016192436218,High
IMG_3751.jpg,IMG,Maile Library,3,0.5623395442962646,Lunalilo Yellow Shower Tree,0.9318339824676514,High,Lunalilo Yellow Shower Tree,0.5906082391738892,Low
IMG_3793.jpg,IMG,Maile Library,2,0.5919010043144226,Lunalilo Yellow Shower Tree,0.9970456957817078,High,Lunalilo Yellow Shower Tree,0.9372776746749878,High
IMG_3835.jpg,IMG,Maile Library,3,0.614224374294281,Lunalilo Yellow Shower Tree,0.9987911581993104,High,Lunalilo Yellow Shower Tree,0.9727769494056702,High
IMG_3876.jpg,IMG,Maile Library,3,0.5733639597892761,Lunalilo Yellow Shower Tree,0.9933144450187684,High,Lunalilo Yellow Shower Tree,0.929419755935669,High
IMG_3922.jpg,IMG,Maile Library,2,0.7157437205314636,Lunalilo Yellow Shower Tree,0.9976352453231812,High,Lunalilo Yellow Shower Tree,0.9606227278709412,High
IMG_3961.jpg,IMG,Maile Library,2,0.754734218120575,Lunalilo Yellow Shower Tree,0.6444878578186035,Medium,Rainbow Shower Tree,0.8870989084243774,High
IMG_3999.jpg,IMG,Maile Library,2,0.7329816222190857,Lunalilo Yellow Shower Tree,0.999323844909668,High,Lunalilo Yellow Shower Tree,0.9740443229675292,High
IMG_4112.jpg,IMG,Maile Library,2,0.612948477268219,Lunalilo Yellow Shower Tree,0.9965866804122924,High,Lunalilo Yellow Shower Tree,0.8915939331054688,High
IMG_4148.jpg,IMG,Maile Library,2,0.7089086771011353,Lunalilo Yellow Shower Tree,0.9938752055168152,High,Lunalilo Yellow Shower Tree,0.8913342952728271,High
IMG_4191.jpg,IMG,Maile Library,2,0.6089667677879333,Lunalilo Yellow Shower Tree,0.9944814443588256,High,Lunalilo Yellow Shower Tree,0.8950603008270264,High
IMG_4237.jpg,IMG,Maile Library,2,0.6497426629066467,Lunalilo Yellow Shower Tree,0.9931163191795348,High,Lunalilo Yellow Shower Tree,0.8988008499145508,High
IMG_4285.jpg,IMG,Maile Library,2,0.6858222484588623,Lunalilo Yellow Shower Tree,0.984684407711029,High,Lunalilo Yellow Shower Tree,0.8109722137451172,Medium
IMG_4329.jpg,IMG,Maile Library,2,0.5175673365592957,Lunalilo Yellow Shower Tree,0.9883769154548644,High,Lunalilo Yellow Shower Tree,0.8184160590171814,Medium
IMG_4370.jpg,IMG,Maile Library,2,0.5846318006515503,Lunalilo Yellow Shower Tree,0.9961788654327391,High,Lunalilo Yellow Shower Tree,0.948148787021637,High
IMG_4419.jpg,IMG,Maile Library,1,0.4185137152671814,Lunalilo Yellow Shower Tree,0.9978033900260924,High,Lunalilo Yellow Shower Tree,0.952018678188324,High
IMG_4424.jpg,IMG,Maile Library,0,0.8318440914154053,Lunalilo Yellow Shower Tree,0.8562871217727661,High,Lunalilo Yellow Shower Tree,0.4757626950740814,Low
IMG_4462.jpg,IMG,Maile Library,0,0.8463195562362671,Rainbow Shower Tree,0.54844069480896,Low,Rainbow Shower Tree,0.5972406268119812,Low
IMG_4465.jpg,IMG,Maile Library,1,0.5973628163337708,Lunalilo Yellow Shower Tree,0.914248526096344,High,Rainbow Shower Tree,0.5204085111618042,Low
IMG_4506.jpg,IMG,Maile Library,2,0.5789399147033691,Lunalilo Yellow Shower Tree,0.9989792108535768,High,Lunalilo Yellow Shower Tree,0.9426802396774292,High
IMG_4521.jpg,IMG,Maile Library,0,0.9440789818763732,Lunalilo Yellow Shower Tree,0.6765093207359314,Medium,Rainbow Shower Tree,0.6635603308677673,Medium
IMG_4553.jpg,IMG,Maile Library,2,0.5546077489852905,Lunalilo Yellow Shower Tree,0.9985259175300598,High,Lunalilo Yellow Shower Tree,0.9855491518974304,High
IMG_4570.jpg,IMG,Maile Library,0,0.8115022778511047,Lunalilo Yellow Shower Tree,0.9839104413986206,High,Lunalilo Yellow Shower Tree,0.7902871966362,Medium
IMG_4599.jpg,IMG,Maile Library,1,0.5584688186645508,Lunalilo Yellow Shower Tree,0.9957755208015442,High,Lunalilo Yellow Shower Tree,0.89239501953125,High
IMG_4632.jpg,IMG,Maile Library,0,0.9409064054489136,Lunalilo Yellow Shower Tree,0.844754159450531,Medium,Rainbow Shower Tree,0.5363626480102539,Low
IMG_4645.jpg,IMG,Maile Library,2,0.788214385509491,Lunalilo Yellow Shower Tree,0.8479250073432922,Medium,Rainbow Shower Tree,0.55129075050354,Low
IMG_4691.jpg,IMG,Maile Library,0,0.7203058004379272,Lunalilo Yellow Shower Tree,0.937433123588562,High,Lunalilo Yellow Shower Tree,0.5182482600212097,Low
IMG_4701.jpg,IMG,Maile Library,2,0.5759078860282898,Lunalilo Yellow Shower Tree,0.9992751479148864,High,Lunalilo Yellow Shower Tree,0.9902494549751282,High
IMG_4751 (1).jpg,IMG,Maile Library,2,0.7897830009460449,Lunalilo Yellow Shower Tree,0.990921139717102,High,Lunalilo Yellow Shower Tree,0.6919713020324707,Medium
IMG_4751.jpg,IMG,Maile Library,1,0.652444064617157,Lunalilo Yellow Shower Tree,0.9900304079055786,High,Lunalilo Yellow Shower Tree,0.7648003101348877,Medium
IMG_4801.jpg,IMG,Maile Library,1,0.6155717372894287,Lunalilo Yellow Shower Tree,0.9965973496437072,High,Lunalilo Yellow Shower Tree,0.9122003316879272,High
IMG_4811.jpg,IMG,Maile Library,1,0.5064257383346558,Lunalilo Yellow Shower Tree,0.9970442652702332,High,Lunalilo Yellow Shower Tree,0.9232081174850464,High
IMG_4856.jpg,IMG,Maile Library,2,0.7053261995315552,Lunalilo Yellow Shower Tree,0.9886789917945862,High,Lunalilo Yellow Shower Tree,0.7233457565307617,Medium
IMG_4864.jpg,IMG,Maile Library,0,0.4708070158958435,Lunalilo Yellow Shower Tree,0.9952217936515808,High,Lunalilo Yellow Shower Tree,0.9184726476669312,High
IMG_4882.jpg,IMG,Maile Library,2,0.5883304476737976,Lunalilo Yellow Shower Tree,0.9938206076622008,High,Lunalilo Yellow Shower Tree,0.9161003232002258,High
IMG_4925.jpg,IMG,Maile Library,0,0.4720757305622101,Lunalilo Yellow Shower Tree,0.9977084398269652,High,Lunalilo Yellow Shower Tree,0.9223686456680298,High
IMG_4929.jpg,IMG,Maile Library,2,0.5161461234092712,Lunalilo Yellow Shower Tree,0.994204580783844,High,Lunalilo Yellow Shower Tree,0.94756680727005,High
IMG_4981.jpg,IMG,Maile Library,1,0.4974286556243896,Lunalilo Yellow Shower Tree,0.9813763499259948,High,Lunalilo Yellow Shower Tree,0.793346643447876,Medium
IMG_4982.jpg,IMG,Maile Library,1,0.4393218457698822,Lunalilo Yellow Shower Tree,0.9760613441467284,High,Lunalilo Yellow Shower Tree,0.6828911900520325,Medium
IMG_5023.jpg,IMG,Maile Library,2,0.6827948093414307,Lunalilo Yellow Shower Tree,0.9957751631736756,High,Lunalilo Yellow Shower Tree,0.9324692487716676,High
IMG_5048.jpg,IMG,Maile Library,1,0.712134599685669,Lunalilo Yellow Shower Tree,0.9961612224578856,High,Lunalilo Yellow Shower Tree,0.9589571356773376,High
IMG_5079.jpg,IMG,Maile Library,1,0.419486939907074,Lunalilo Yellow Shower Tree,0.9561778903007508,High,Lunalilo Yellow Shower Tree,0.5765750408172607,Low
IMG_5112.jpg,IMG,Maile Library,1,0.3499001264572143,Lunalilo Yellow Shower Tree,0.9951950907707214,High,Lunalilo Yellow Shower Tree,0.9215470552444458,High
IMG_5128.jpg,IMG,Maile Library,1,0.5262308716773987,Lunalilo Yellow Shower Tree,0.99741131067276,High,Lunalilo Yellow Shower Tree,0.9442119002342224,High
IMG_5175.jpg,IMG,Maile Library,1,0.5978235602378845,Lunalilo Yellow Shower Tree,0.9937645196914672,High,Lunalilo Yellow Shower Tree,0.9329310059547424,High
IMG_5206.jpg,IMG,Maile Library,0,0.8341115117073059,Lunalilo Yellow Shower Tree,0.9426771998405457,High,Lunalilo Yellow Shower Tree,0.5545445680618286,Low
IMG_5237.jpg,IMG,Maile Library,1,0.4789024591445923,Lunalilo Yellow Shower Tree,0.963735580444336,High,Lunalilo Yellow Shower Tree,0.7356976270675659,Medium
IMG_5272.jpg,IMG,Maile Library,0,0.7831905484199524,Lunalilo Yellow Shower Tree,0.9927425384521484,High,Lunalilo Yellow Shower Tree,0.8227366209030151,Medium
IMG_5296.jpg,IMG,Maile Library,1,0.5172719955444336,Lunalilo Yellow Shower Tree,0.9952073693275452,High,Lunalilo Yellow Shower Tree,0.8711785674095154,High
IMG_5317.jpg,IMG,Maile Library,1,0.4712450802326202,Lunalilo Yellow Shower Tree,0.9006847143173218,High,Lunalilo Yellow Shower Tree,0.6434665322303772,Medium
IMG_5357.jpg,IMG,Maile Library,0,0.7589388489723206,Lunalilo Yellow Shower Tree,0.9462819695472716,High,Lunalilo Yellow Shower Tree,0.5922775268554688,Low
IMG_5361.jpg,IMG,Maile Library,1,0.604563295841217,Lunalilo Yellow Shower Tree,0.996217668056488,High,Lunalilo Yellow Shower Tree,0.8823075890541077,High
IMG_5410.jpg,IMG,Maile Library,1,0.6664155721664429,Lunalilo Yellow Shower Tree,0.988757073879242,High,Lunalilo Yellow Shower Tree,0.9271650314331056,High
IMG_5432.jpg,IMG,Maile Library,1,0.6871368885040283,Lunalilo Yellow Shower Tree,0.904087483882904,High,Lunalilo Yellow Shower Tree,0.4867404699325561,Low
IMG_5458.jpg,IMG,Maile Library,0,0.6678515076637268,Lunalilo Yellow Shower Tree,0.9790166020393372,High,Lunalilo Yellow Shower Tree,0.8224220871925354,Medium
IMG_5498.jpg,IMG,Maile Library,1,0.7812268137931824,Lunalilo Yellow Shower Tree,0.9534329175949096,High,Lunalilo Yellow Shower Tree,0.5697327852249146,Low
IMG_5506.jpg,IMG,Maile Library,0,0.964852511882782,Lunalilo Yellow Shower Tree,0.774724543094635,Medium,Rainbow Shower Tree,0.4786881506443023,Low
IMG_5562.jpg,IMG,Maile Library,0,0.9161104559898376,Lunalilo Yellow Shower Tree,0.8953694701194763,High,Lunalilo Yellow Shower Tree,0.6632922291755676,Medium
IMG_5584.jpg,IMG,Maile Library,2,0.4145351946353912,Lunalilo Yellow Shower Tree,0.9843367338180542,High,Lunalilo Yellow Shower Tree,0.6798824667930603,Medium
IMG_5622.jpg,IMG,Maile Library,1,0.7466274499893188,Lunalilo Yellow Shower Tree,0.9806419014930724,High,Lunalilo Yellow Shower Tree,0.8300647735595703,Medium
IMG_5659.jpg,IMG,Maile Library,1,0.770818293094635,Lunalilo Yellow Shower Tree,0.9897239208221436,High,Lunalilo Yellow Shower Tree,0.8076573014259338,Medium
IMG_5698.jpg,IMG,Maile Library,2,0.7069443464279175,Lunalilo Yellow Shower Tree,0.9995997548103333,High,Lunalilo Yellow Shower Tree,0.972515106201172,High
IMG_5713.jpg,IMG,Maile Library,0,0.7713032960891724,Lunalilo Yellow Shower Tree,0.9976853132247924,High,Lunalilo Yellow Shower Tree,0.9469928741455078,High
IMG_5741.jpg,IMG,Maile Library,1,0.5371925234794617,Lunalilo Yellow Shower Tree,0.9792449474334716,High,Lunalilo Yellow Shower Tree,0.7706410884857178,Medium
IMG_5780.jpg,IMG,Maile Library,0,0.9481942057609558,Lunalilo Yellow Shower Tree,0.9972243309020996,High,Lunalilo Yellow Shower Tree,0.9050731658935548,High
IMG_5795.jpg,IMG,Maile Library,1,0.4946281909942627,Lunalilo Yellow Shower Tree,0.983007550239563,High,Lunalilo Yellow Shower Tree,0.8771330714225769,High
IMG_5844.jpg,IMG,Maile Library,2,0.499303251504898,Lunalilo Yellow Shower Tree,0.9909433722496032,High,Lunalilo Yellow Shower Tree,0.8418340682983398,Medium
IMG_5854.jpg,IMG,Maile Library,0,0.977517545223236,Lunalilo Yellow Shower Tree,0.8826966881752014,High,Lunalilo Yellow Shower Tree,0.5032269954681396,Low
IMG_5886.jpg,IMG,Maile Library,1,0.4694423377513885,Lunalilo Yellow Shower Tree,0.972111165523529,High,Lunalilo Yellow Shower Tree,0.7743906378746033,Medium
IMG_5925.jpg,IMG,Maile Library,2,0.5648646950721741,Lunalilo Yellow Shower Tree,0.9983003735542296,High,Lunalilo Yellow Shower Tree,0.910491943359375,High
IMG_5934.jpg,IMG,Maile Library,0,0.9610881209373474,Lunalilo Yellow Shower Tree,0.9390497803688048,High,Lunalilo Yellow Shower Tree,0.7424658536911011,Medium
IMG_5964.jpg,IMG,Maile Library,2,0.3642639517784118,Lunalilo Yellow Shower Tree,0.9976209998130798,High,Lunalilo Yellow Shower Tree,0.947868824005127,High
IMG_5984.jpg,IMG,Maile Library,0,0.6358363032341003,Lunalilo Yellow Shower Tree,0.9966602325439452,High,Lunalilo Yellow Shower Tree,0.9447111487388612,High
IMG_5999.jpg,IMG,Maile Library,3,0.4699279069900512,Lunalilo Yellow Shower Tree,0.9850672483444214,High,Lunalilo Yellow Shower Tree,0.8684535026550293,High
IMG_6041.jpg,IMG,Maile Library,0,0.6172367930412292,Lunalilo Yellow Shower Tree,0.9719347953796388,High,Lunalilo Yellow Shower Tree,0.9131081700325012,High
IMG_6042.jpg,IMG,Maile Library,2,0.4583992958068847,Lunalilo Yellow Shower Tree,0.997353196144104,High,Lunalilo Yellow Shower Tree,0.91031813621521,High
IMG_6068.jpg,IMG,Maile Library,3,0.8729477524757385,Lunalilo Yellow Shower Tree,0.996393382549286,High,Lunalilo Yellow Shower Tree,0.9478024244308472,High
IMG_6100.jpg,IMG,Maile Library,0,0.4980140328407287,Lunalilo Yellow Shower Tree,0.9967340230941772,High,Lunalilo Yellow Shower Tree,0.9600215554237366,High
IMG_6114.jpg,IMG,Maile Library,3,0.8885526657104492,Lunalilo Yellow Shower Tree,0.9907310605049132,High,Lunalilo Yellow Shower Tree,0.8113570809364319,Medium
IMG_6154.jpg,IMG,Maile Library,3,0.9897282719612122,Lunalilo Yellow Shower Tree,0.9719452857971193,High,Lunalilo Yellow Shower Tree,0.834632396697998,Medium
IMG_6168.jpg,IMG,Maile Library,0,0.8889760971069336,Lunalilo Yellow Shower Tree,0.9558398127555848,High,Lunalilo Yellow Shower Tree,0.4626401960849762,Low
IMG_6193.jpg,IMG,Maile Library,3,0.9027807712554932,Lunalilo Yellow Shower Tree,0.9978888630867004,High,Lunalilo Yellow Shower Tree,0.91127347946167,High
IMG_6237.jpg,IMG,Maile Library,3,0.9713551998138428,Lunalilo Yellow Shower Tree,0.9834061861038208,High,Lunalilo Yellow Shower Tree,0.7928457260131836,Medium
IMG_6280.jpg,IMG,Maile Library,3,0.9918853044509888,Lunalilo Yellow Shower Tree,0.9746812582015992,High,Lunalilo Yellow Shower Tree,0.6873142123222351,Medium
IMG_6309.jpg,IMG,Maile Library,0,0.9355682730674744,Lunalilo Yellow Shower Tree,0.9889384508132936,High,Lunalilo Yellow Shower Tree,0.8638612031936646,High
IMG_6319.jpg,IMG,Maile Library,3,0.9661844968795776,Lunalilo Yellow Shower Tree,0.9962401390075684,High,Lunalilo Yellow Shower Tree,0.9080702662467957,High
IMG_6362.jpg,IMG,Maile Library,3,0.9943565726280212,Lunalilo Yellow Shower Tree,0.9822258949279784,High,Lunalilo Yellow Shower Tree,0.8281998038291931,Medium
IMG_6372.jpg,IMG,Maile Library,0,0.5219675898551941,Lunalilo Yellow Shower Tree,0.999037504196167,High,Lunalilo Yellow Shower Tree,0.972542643547058,High
IMG_6388.jpg,IMG,Maile Library,3,0.9832773804664612,Lunalilo Yellow Shower Tree,0.9923208355903624,High,Lunalilo Yellow Shower Tree,0.8643589615821838,High
IMG_6431.jpg,IMG,Maile Library,3,0.988658845424652,Lunalilo Yellow Shower Tree,0.9921175837516784,High,Lunalilo Yellow Shower Tree,0.9157065153121948,High
IMG_6434.jpg,IMG,Maile Library,0,0.4704974293708801,Lunalilo Yellow Shower Tree,0.9836032390594482,High,Lunalilo Yellow Shower Tree,0.8739638924598694,High
IMG_6473.jpg,IMG,Maile Library,3,0.9826360940933228,Lunalilo Yellow Shower Tree,0.9957270622253418,High,Lunalilo Yellow Shower Tree,0.9205286502838136,High
IMG_6493.jpg,IMG,Maile Library,0,0.7535234689712524,Lunalilo Yellow Shower Tree,0.9958479404449464,High,Lunalilo Yellow Shower Tree,0.869061291217804,High
IMG_6510.jpg,IMG,Maile Library,3,0.993388056755066,Lunalilo Yellow Shower Tree,0.9701060652732848,High,Lunalilo Yellow Shower Tree,0.7161141633987427,Medium
IMG_6549.jpg,IMG,Maile Library,3,0.9909118413925172,Lunalilo Yellow Shower Tree,0.9777504205703736,High,Lunalilo Yellow Shower Tree,0.8379496335983276,Medium
IMG_6594.jpg,IMG,Maile Library,3,0.9840816259384156,Lunalilo Yellow Shower Tree,0.9961624145507812,High,Lunalilo Yellow Shower Tree,0.8955563306808472,High
IMG_6608.jpg,IMG,Maile Library,0,0.5596515536308289,Lunalilo Yellow Shower Tree,0.9879937171936036,High,Lunalilo Yellow Shower Tree,0.8894830346107483,High
IMG_6631.jpg,IMG,Maile Library,3,0.955581545829773,Lunalilo Yellow Shower Tree,0.9974493384361268,High,Lunalilo Yellow Shower Tree,0.9390051364898682,High
IMG_6670.jpg,IMG,Maile Library,3,0.906791925430298,Lunalilo Yellow Shower Tree,0.9891330599784852,High,Lunalilo Yellow Shower Tree,0.8115227222442627,Medium
IMG_6688.jpg,IMG,Maile Library,0,0.5661787390708923,Lunalilo Yellow Shower Tree,0.9811345338821412,High,Lunalilo Yellow Shower Tree,0.8219766616821289,Medium
IMG_6709.jpg,IMG,Maile Library,3,0.7625088095664978,Lunalilo Yellow Shower Tree,0.9989919066429138,High,Lunalilo Yellow Shower Tree,0.975200891494751,High
IMG_6747.jpg,IMG,Maile Library,3,0.4929537177085876,Lunalilo Yellow Shower Tree,0.9877389073371888,High,Lunalilo Yellow Shower Tree,0.8143209218978882,Medium
IMG_6762.jpg,IMG,Maile Library,0,0.5741246342658997,Lunalilo Yellow Shower Tree,0.9956250786781312,High,Lunalilo Yellow Shower Tree,0.8238369822502136,Medium
IMG_6785.jpg,IMG,Maile Library,2,0.7004432082176208,Lunalilo Yellow Shower Tree,0.9919773936271667,High,Lunalilo Yellow Shower Tree,0.8624559640884399,High
IMG_6825.jpg,IMG,Maile Library,2,0.6103013753890991,Lunalilo Yellow Shower Tree,0.9992154836654664,High,Lunalilo Yellow Shower Tree,0.965606153011322,High
IMG_6836.jpg,IMG,Maile Library,1,0.492466002702713,Lunalilo Yellow Shower Tree,0.9971286654472352,High,Lunalilo Yellow Shower Tree,0.939783811569214,High
IMG_6863.jpg,IMG,Maile Library,2,0.5173508524894714,Lunalilo Yellow Shower Tree,0.9973936080932616,High,Lunalilo Yellow Shower Tree,0.9279893636703492,High
IMG_6902.jpg,IMG,Maile Library,2,0.6656057238578796,Lunalilo Yellow Shower Tree,0.998608648777008,High,Lunalilo Yellow Shower Tree,0.9404942989349364,High
IMG_6911.jpg,IMG,Maile Library,1,0.5633140206336975,Lunalilo Yellow Shower Tree,0.9968103766441344,High,Lunalilo Yellow Shower Tree,0.9427658319473268,High
IMG_6942.jpg,IMG,Maile Library,2,0.5262084603309631,Lunalilo Yellow Shower Tree,0.9953527450561525,High,Lunalilo Yellow Shower Tree,0.8153758645057678,Medium
IMG_6962.jpg,IMG,Maile Library,0,0.6375028491020203,Lunalilo Yellow Shower Tree,0.996638298034668,High,Lunalilo Yellow Shower Tree,0.8908211588859558,High
IMG_6983.jpg,IMG,Maile Library,2,0.4401930868625641,Lunalilo Yellow Shower Tree,0.9740899205207824,High,Lunalilo Yellow Shower Tree,0.5949393510818481,Low
IMG_7009.jpg,IMG,Maile Library,1,0.498525857925415,Lunalilo Yellow Shower Tree,0.9919800758361816,High,Lunalilo Yellow Shower Tree,0.9549993276596068,High
IMG_7028.jpg,IMG,Maile Library,2,0.7063074111938477,Lunalilo Yellow Shower Tree,0.9986982345581056,High,Lunalilo Yellow Shower Tree,0.9237654805183412,High
IMG_7060.jpg,IMG,Maile Library,1,0.6570408940315247,Lunalilo Yellow Shower Tree,0.9783890843391418,High,Lunalilo Yellow Shower Tree,0.703147828578949,Medium
IMG_7067.jpg,IMG,Maile Library,2,0.4756771922111511,Lunalilo Yellow Shower Tree,0.9912528395652772,High,Lunalilo Yellow Shower Tree,0.675976574420929,Medium
IMG_7107.jpg,IMG,Maile Library,2,0.5967031717300415,Lunalilo Yellow Shower Tree,0.99560284614563,High,Lunalilo Yellow Shower Tree,0.7437314391136169,Medium
IMG_7117.jpg,IMG,Maile Library,1,0.5048092603683472,Lunalilo Yellow Shower Tree,0.9908445477485656,High,Lunalilo Yellow Shower Tree,0.8964020013809204,High
IMG_7150.jpg,IMG,Maile Library,2,0.5274637341499329,Lunalilo Yellow Shower Tree,0.9873486757278442,High,Lunalilo Yellow Shower Tree,0.7347558736801147,Medium
IMG_7163.jpg,IMG,Maile Library,1,0.5204617381095886,Lunalilo Yellow Shower Tree,0.9991810917854308,High,Lunalilo Yellow Shower Tree,0.9870772361755372,High
IMG_7187.jpg,IMG,Maile Library,2,0.4449214041233063,Lunalilo Yellow Shower Tree,0.97319757938385,High,Lunalilo Yellow Shower Tree,0.5585805773735046,Low
IMG_7205.jpg,IMG,Maile Library,1,0.5864660143852234,Lunalilo Yellow Shower Tree,0.9800029993057252,High,Lunalilo Yellow Shower Tree,0.7858244180679321,Medium
IMG_7226.jpg,IMG,Maile Library,2,0.566848874092102,Lunalilo Yellow Shower Tree,0.9773319363594056,High,Lunalilo Yellow Shower Tree,0.7893491387367249,Medium
IMG_7247.jpg,IMG,Maile Library,1,0.4143657684326172,Lunalilo Yellow Shower Tree,0.9915956854820251,High,Lunalilo Yellow Shower Tree,0.8977206349372864,High
IMG_7266.jpg,IMG,Maile Library,3,0.4273860156536102,Lunalilo Yellow Shower Tree,0.9963709115982056,High,Lunalilo Yellow Shower Tree,0.8633572459220886,High
IMG_7307.jpg,IMG,Maile Library,2,0.5455471277236938,Lunalilo Yellow Shower Tree,0.9872745275497437,High,Lunalilo Yellow Shower Tree,0.8262035250663757,Medium
IMG_7345.jpg,IMG,Maile Library,2,0.8072848916053772,Lunalilo Yellow Shower Tree,0.9988054037094116,High,Lunalilo Yellow Shower Tree,0.9538184404373168,High
IMG_7381.jpg,IMG,Maile Library,2,0.5050588846206665,Lunalilo Yellow Shower Tree,0.9944790601730348,High,Lunalilo Yellow Shower Tree,0.7890655398368835,Medium
IMG_7410.jpg,IMG,Maile Library,2,0.6049982309341431,Lunalilo Yellow Shower Tree,0.989481806755066,High,Lunalilo Yellow Shower Tree,0.8253605365753174,Medium
IMG_7420.jpg,IMG,Maile Library,1,0.4866456985473633,Lunalilo Yellow Shower Tree,0.9950239658355712,High,Lunalilo Yellow Shower Tree,0.9329413175582886,High
IMG_7453.jpg,IMG,Maile Library,2,0.7113410234451294,Lunalilo Yellow Shower Tree,0.997721254825592,High,Lunalilo Yellow Shower Tree,0.8562234044075012,High
IMG_7458.jpg,IMG,Maile Library,2,0.5066440105438232,Lunalilo Yellow Shower Tree,0.9694557189941406,High,Lunalilo Yellow Shower Tree,0.6724109649658203,Medium
IMG_7497.jpg,IMG,Maile Library,1,0.4707967638969421,Lunalilo Yellow Shower Tree,0.9986238479614258,High,Lunalilo Yellow Shower Tree,0.9328341484069824,High
IMG_7511.jpg,IMG,Maile Library,2,0.5709424614906311,Lunalilo Yellow Shower Tree,0.9961336851119996,High,Lunalilo Yellow Shower Tree,0.9392267465591432,High
IMG_7536.jpg,IMG,Maile Library,0,0.6570349335670471,Lunalilo Yellow Shower Tree,0.9884117245674132,High,Lunalilo Yellow Shower Tree,0.7553253173828125,Medium
IMG_7556.jpg,IMG,Maile Library,2,0.6223921775817871,Lunalilo Yellow Shower Tree,0.992221176624298,High,Lunalilo Yellow Shower Tree,0.8462863564491272,Medium
IMG_7575.jpg,IMG,Maile Library,1,0.5305168032646179,Lunalilo Yellow Shower Tree,0.9974809288978576,High,Lunalilo Yellow Shower Tree,0.9268913865089417,High
IMG_7599.jpg,IMG,Maile Library,3,0.7022111415863037,Lunalilo Yellow Shower Tree,0.998763918876648,High,Lunalilo Yellow Shower Tree,0.9469599723815918,High
IMG_7613.jpg,IMG,Maile Library,1,0.4970459043979645,Lunalilo Yellow Shower Tree,0.9967849254608154,High,Lunalilo Yellow Shower Tree,0.8524224162101746,High
IMG_7649.jpg,IMG,Maile Library,0,0.8671579957008362,Lunalilo Yellow Shower Tree,0.9911051392555236,High,Lunalilo Yellow Shower Tree,0.7978280186653137,Medium
IMG_7685.jpg,IMG,Maile Library,0,0.9263017177581788,Lunalilo Yellow Shower Tree,0.9824095964431764,High,Lunalilo Yellow Shower Tree,0.7987025380134583,Medium
IMG_7690.jpg,IMG,Maile Library,3,0.7147251963615417,Lunalilo Yellow Shower Tree,0.9920253753662108,High,Lunalilo Yellow Shower Tree,0.9105889797210692,High
IMG_7723.jpg,IMG,Maile Library,0,0.7698319554328918,Lunalilo Yellow Shower Tree,0.9795098900794984,High,Lunalilo Yellow Shower Tree,0.6963781118392944,Medium
IMG_7737.jpg,IMG,Maile Library,3,0.7648631930351257,Lunalilo Yellow Shower Tree,0.9666151404380798,High,Lunalilo Yellow Shower Tree,0.7036179304122925,Medium
IMG_7765.jpg,IMG,Maile Library,0,0.8119380474090576,Lunalilo Yellow Shower Tree,0.9971923232078552,High,Lunalilo Yellow Shower Tree,0.9392738938331604,High
IMG_7780.jpg,IMG,Maile Library,3,0.8670462965965271,Lunalilo Yellow Shower Tree,0.9983680844306946,High,Lunalilo Yellow Shower Tree,0.9542225003242492,High
IMG_7808.jpg,IMG,Maile Library,0,0.9535105228424072,Lunalilo Yellow Shower Tree,0.8873026371002197,High,Lunalilo Yellow Shower Tree,0.5985180139541626,Low
IMG_7824.jpg,IMG,Maile Library,3,0.8434425592422485,Lunalilo Yellow Shower Tree,0.9875217080116272,High,Lunalilo Yellow Shower Tree,0.8652793169021606,High
IMG_7849.jpg,IMG,Maile Library,0,0.8686902523040771,Lunalilo Yellow Shower Tree,0.9783226251602172,High,Lunalilo Yellow Shower Tree,0.8138527870178223,Medium
IMG_7868.jpg,IMG,Maile Library,3,0.9387402534484864,Lunalilo Yellow Shower Tree,0.9932900667190552,High,Lunalilo Yellow Shower Tree,0.9475130438804626,High
IMG_7887.jpg,IMG,Maile Library,0,0.8589195609092712,Lunalilo Yellow Shower Tree,0.9925795197486876,High,Lunalilo Yellow Shower Tree,0.8804145455360413,High
IMG_7913.jpg,IMG,Maile Library,3,0.9105527997016908,Lunalilo Yellow Shower Tree,0.9926131963729858,High,Lunalilo Yellow Shower Tree,0.8587602376937866,High
IMG_7915.jpg,IMG,Maile Library,0,0.97519850730896,Lunalilo Yellow Shower Tree,0.9724326729774476,High,Lunalilo Yellow Shower Tree,0.6950171589851379,Medium
IMG_7948.jpg,IMG,Maile Library,0,0.9286475777626038,Lunalilo Yellow Shower Tree,0.9952115416526794,High,Lunalilo Yellow Shower Tree,0.8747513890266418,High
IMG_7965.jpg,IMG,Maile Library,3,0.9753817915916444,Lunalilo Yellow Shower Tree,0.9763466119766236,High,Lunalilo Yellow Shower Tree,0.8912308812141418,High
IMG_7997.jpg,IMG,Maile Library,3,0.9616223573684692,Lunalilo Yellow Shower Tree,0.9958860278129578,High,Lunalilo Yellow Shower Tree,0.9243923425674438,High
IMG_8019.jpg,IMG,Maile Library,0,0.8937373161315918,Lunalilo Yellow Shower Tree,0.9955000281333924,High,Lunalilo Yellow Shower Tree,0.9162079691886902,High
IMG_8041.jpg,IMG,Maile Library,3,0.9795134663581848,Lunalilo Yellow Shower Tree,0.9886643290519714,High,Lunalilo Yellow Shower Tree,0.8022066950798035,Medium
IMG_8077.jpg,IMG,Maile Library,1,0.4766840040683746,Lunalilo Yellow Shower Tree,0.9885462522506714,High,Lunalilo Yellow Shower Tree,0.9110219478607178,High
IMG_8081.jpg,IMG,Maile Library,3,0.9056035876274108,Lunalilo Yellow Shower Tree,0.9956886172294616,High,Lunalilo Yellow Shower Tree,0.9278401136398317,High
IMG_8125.jpg,IMG,Maile Library,3,0.9081781506538392,Lunalilo Yellow Shower Tree,0.9949324727058412,High,Lunalilo Yellow Shower Tree,0.8279942274093628,Medium
IMG_8169.jpg,IMG,Maile Library,0,0.961864173412323,Lunalilo Yellow Shower Tree,0.8134784698486328,Medium,Rainbow Shower Tree,0.4481631815433502,Low
IMG_8189.jpg,IMG,Maile Library,3,0.8923088312149048,Lunalilo Yellow Shower Tree,0.9966475367546082,High,Lunalilo Yellow Shower Tree,0.892739474773407,High
IMG_8233.jpg,IMG,Maile Library,3,0.9363236427307128,Lunalilo Yellow Shower Tree,0.9894015192985536,High,Lunalilo Yellow Shower Tree,0.8922496438026428,High
IMG_8246.jpg,IMG,Maile Library,0,0.8368201851844788,Lunalilo Yellow Shower Tree,0.9362452030181884,High,Lunalilo Yellow Shower Tree,0.6356778144836426,Medium
IMG_8356.jpg,IMG,Maile Library,3,0.6812083721160889,Lunalilo Yellow Shower Tree,0.971036970615387,High,Lunalilo Yellow Shower Tree,0.6918553709983826,Medium
IMG_8396.jpg,IMG,Maile Library,2,0.6591640114784241,Lunalilo Yellow Shower Tree,0.9977355003356934,High,Lunalilo Yellow Shower Tree,0.9586326479911804,High
IMG_8443.jpg,IMG,Maile Library,2,0.7597721815109253,Lunalilo Yellow Shower Tree,0.9992735981941224,High,Lunalilo Yellow Shower Tree,0.9551920294761658,High
IMG_8478.jpg,IMG,Maile Library,0,0.9741386771202089,Lunalilo Yellow Shower Tree,0.9501600861549376,High,Lunalilo Yellow Shower Tree,0.7134816646575928,Medium
IMG_8488.jpg,IMG,Maile Library,2,0.6722574234008789,Lunalilo Yellow Shower Tree,0.871829628944397,High,Rainbow Shower Tree,0.5373395681381226,Low
IMG_8519.jpg,IMG,Maile Library,0,0.921172261238098,Lunalilo Yellow Shower Tree,0.9830029606819152,High,Lunalilo Yellow Shower Tree,0.7697499394416809,Medium
IMG_8527.jpg,IMG,Maile Library,2,0.6682112812995911,Lunalilo Yellow Shower Tree,0.974179744720459,High,Lunalilo Yellow Shower Tree,0.739726185798645,Medium
IMG_8566.jpg,IMG,Maile Library,2,0.594893217086792,Lunalilo Yellow Shower Tree,0.9896408915519714,High,Lunalilo Yellow Shower Tree,0.805273175239563,Medium
IMG_8590.jpg,IMG,Maile Library,0,0.975227117538452,Lunalilo Yellow Shower Tree,0.9907733201980592,High,Lunalilo Yellow Shower Tree,0.858254611492157,High
IMG_8614.jpg,IMG,Maile Library,2,0.545940637588501,Lunalilo Yellow Shower Tree,0.9499422907829284,High,Lunalilo Yellow Shower Tree,0.6690866351127625,Medium
IMG_8649.jpg,IMG,Maile Library,2,0.4950729310512543,Lunalilo Yellow Shower Tree,0.983164370059967,High,Lunalilo Yellow Shower Tree,0.8007479310035706,Medium
IMG_8660.jpg,IMG,Maile Library,0,0.8521563410758972,Lunalilo Yellow Shower Tree,0.9867597222328186,High,Lunalilo Yellow Shower Tree,0.8609721064567566,High
IMG_8721.jpg,IMG,Maile Library,0,0.8548457026481628,Lunalilo Yellow Shower Tree,0.9675112366676332,High,Lunalilo Yellow Shower Tree,0.7873941659927368,Medium
IMG_8722.jpg,IMG,Maile Library,2,0.5028467774391174,Lunalilo Yellow Shower Tree,0.9823399782180786,High,Lunalilo Yellow Shower Tree,0.8264979720115662,Medium
IMG_8762.jpg,IMG,Maile Library,0,0.7281988263130188,Lunalilo Yellow Shower Tree,0.9970607161521912,High,Lunalilo Yellow Shower Tree,0.9394962787628174,High
IMG_8779.jpg,IMG,Maile Library,2,0.6118174195289612,Lunalilo Yellow Shower Tree,0.9988781809806824,High,Lunalilo Yellow Shower Tree,0.9818397164344788,High
IMG_8804.jpg,IMG,Maile Library,0,0.9215359091758728,Lunalilo Yellow Shower Tree,0.8585503697395325,High,Rainbow Shower Tree,0.5295507311820984,Low
IMG_8830.jpg,IMG,Maile Library,2,0.6739866137504578,Lunalilo Yellow Shower Tree,0.9961642026901244,High,Lunalilo Yellow Shower Tree,0.8568037152290344,High
IMG_8847.jpg,IMG,Maile Library,0,0.9709787964820862,Lunalilo Yellow Shower Tree,0.8653697371482849,High,Lunalilo Yellow Shower Tree,0.4887958467006683,Low
IMG_8882.jpg,IMG,Maile Library,0,0.5760288834571838,Lunalilo Yellow Shower Tree,0.9292463660240172,High,Lunalilo Yellow Shower Tree,0.6106826066970825,Medium
IMG_8916.jpg,IMG,Maile Library,0,0.9362004399299622,Lunalilo Yellow Shower Tree,0.9897223114967346,High,Lunalilo Yellow Shower Tree,0.8582935333251953,High
IMG_8921.jpg,IMG,Maile Library,0,0.4280434548854828,Lunalilo Yellow Shower Tree,0.915709912776947,High,Lunalilo Yellow Shower Tree,0.6556618213653564,Medium
IMG_8958.jpg,IMG,Maile Library,0,0.8984803557395935,Lunalilo Yellow Shower Tree,0.971059262752533,High,Lunalilo Yellow Shower Tree,0.7368756532669067,Medium
IMG_9002.jpg,IMG,Maile Library,0,0.7852895259857178,Lunalilo Yellow Shower Tree,0.9910920262336732,High,Lunalilo Yellow Shower Tree,0.8451409339904785,Medium
IMG_9021.jpg,IMG,Maile Library,0,0.8758261799812317,Lunalilo Yellow Shower Tree,0.979546070098877,High,Lunalilo Yellow Shower Tree,0.8300102949142456,Medium
IMG_9063.jpg,IMG,Maile Library,0,0.881698489189148,Lunalilo Yellow Shower Tree,0.5080189108848572,Low,Rainbow Shower Tree,0.326208233833313,Low
IMG_9071.jpg,IMG,Maile Library,0,0.8555363416671753,Lunalilo Yellow Shower Tree,0.9960399866104126,High,Lunalilo Yellow Shower Tree,0.9033370018005372,High
IMG_9104.jpg,IMG,Maile Library,0,0.7282553315162659,Lunalilo Yellow Shower Tree,0.9906685948371888,High,Lunalilo Yellow Shower Tree,0.8200644254684448,Medium
IMG_9136.jpg,IMG,Maile Library,0,0.8917121291160583,Lunalilo Yellow Shower Tree,0.9945196509361268,High,Lunalilo Yellow Shower Tree,0.8648079633712769,High
IMG_9155.jpg,IMG,Maile Library,0,0.7823881506919861,Lunalilo Yellow Shower Tree,0.952279269695282,High,Lunalilo Yellow Shower Tree,0.8071674704551697,Medium
IMG_9205.jpg,IMG,Maile Library,0,0.9640008211135864,Lunalilo Yellow Shower Tree,0.8921719789505005,High,Lunalilo Yellow Shower Tree,0.3943300247192383,Low
IMG_9223.jpg,IMG,Maile Library,0,0.7035134434700012,Lunalilo Yellow Shower Tree,0.9939529299736024,High,Lunalilo Yellow Shower Tree,0.8799489736557007,High
IMG_9266.jpg,IMG,Maile Library,0,0.9401585459709167,Lunalilo Yellow Shower Tree,0.9688339233398438,High,Lunalilo Yellow Shower Tree,0.7897701263427734,Medium
IMG_9289.jpg,IMG,Maile Library,0,0.3954521715641022,Lunalilo Yellow Shower Tree,0.9626584649086,High,Lunalilo Yellow Shower Tree,0.5821889638900757,Low
IMG_9313.jpg,IMG,Maile Library,0,0.8352758884429932,Lunalilo Yellow Shower Tree,0.9554097056388856,High,Lunalilo Yellow Shower Tree,0.6903043985366821,Medium
IMG_9365.jpg,IMG,Maile Library,0,0.7392876744270325,Lunalilo Yellow Shower Tree,0.9967129230499268,High,Lunalilo Yellow Shower Tree,0.8789613842964172,High
IMG_9370.jpg,IMG,Maile Library,0,0.537321925163269,Lunalilo Yellow Shower Tree,0.9718189239501952,High,Lunalilo Yellow Shower Tree,0.8846197724342346,High
IMG_9423.jpg,IMG,Maile Library,0,0.6535130143165588,Lunalilo Yellow Shower Tree,0.9945594668388368,High,Lunalilo Yellow Shower Tree,0.9117419719696044,High
IMG_9433.jpg,IMG,Maile Library,0,0.8757749795913696,Lunalilo Yellow Shower Tree,0.9968098998069764,High,Lunalilo Yellow Shower Tree,0.9473916292190552,High
IMG_9467.jpg,IMG,Maile Library,0,0.6536292433738708,Lunalilo Yellow Shower Tree,0.5929394364356995,Low,Rainbow Shower Tree,0.6620408296585083,Medium
IMG_9471.jpg,IMG,Maile Library,0,0.7198194861412048,Lunalilo Yellow Shower Tree,0.985135853290558,High,Lunalilo Yellow Shower Tree,0.7794525623321533,Medium
IMG_9505.jpg,IMG,Maile Library,0,0.4548102617263794,Lunalilo Yellow Shower Tree,0.9674041271209716,High,Lunalilo Yellow Shower Tree,0.5593146681785583,Low
IMG_9524.jpg,IMG,Maile Library,0,0.9168612957000732,Lunalilo Yellow Shower Tree,0.9655473828315736,High,Lunalilo Yellow Shower Tree,0.8859761953353882,High
IMG_9543.jpg,IMG,Maile Library,0,0.4569923877716064,Lunalilo Yellow Shower Tree,0.9958635568618774,High,Lunalilo Yellow Shower Tree,0.8131456971168518,Medium
IMG_9561.jpg,IMG,Maile Library,0,0.8977879285812378,Lunalilo Yellow Shower Tree,0.8277092576026917,Medium,Lunalilo Yellow Shower Tree,0.4313831329345703,Low
IMG_9588.jpg,IMG,Maile Library,1,0.5956295132637024,Lunalilo Yellow Shower Tree,0.9962916374206544,High,Lunalilo Yellow Shower Tree,0.9209073781967164,High
IMG_9589.jpg,IMG,Maile Library,1,0.4030742645263672,Lunalilo Yellow Shower Tree,0.9539899230003356,High,Lunalilo Yellow Shower Tree,0.910763382911682,High
IMG_9603.jpg,IMG,Maile Library,0,0.8060833811759949,Lunalilo Yellow Shower Tree,0.8724339008331299,High,Lunalilo Yellow Shower Tree,0.6264129877090454,Medium
IMG_9629.jpg,IMG,Maile Library,0,0.7227307558059692,Lunalilo Yellow Shower Tree,0.9263677000999452,High,Lunalilo Yellow Shower Tree,0.4976078271865845,Low
IMG_9647.jpg,IMG,Maile Library,0,0.7489040493965149,Lunalilo Yellow Shower Tree,0.9009822607040404,High,Lunalilo Yellow Shower Tree,0.7252999544143677,Medium
IMG_9669.jpg,IMG,Maile Library,1,0.3507733643054962,Lunalilo Yellow Shower Tree,0.984001874923706,High,Lunalilo Yellow Shower Tree,0.607732892036438,Medium
IMG_9707.jpg,IMG,Maile Library,0,0.759704053401947,Lunalilo Yellow Shower Tree,0.9426304697990416,High,Lunalilo Yellow Shower Tree,0.65744948387146,Medium
IMG_9708.jpg,IMG,Maile Library,2,0.5837206840515137,Lunalilo Yellow Shower Tree,0.7480896711349487,Medium,Lunalilo Yellow Shower Tree,0.4761267006397247,Low
IMG_9750.jpg,IMG,Maile Library,2,0.5439165234565735,Lunalilo Yellow Shower Tree,0.9916280508041382,High,Lunalilo Yellow Shower Tree,0.8728744387626648,High
IMG_9769.jpg,IMG,Maile Library,0,0.9169946908950806,Lunalilo Yellow Shower Tree,0.9911789298057556,High,Lunalilo Yellow Shower Tree,0.8082187175750732,Medium
IMG_9793.jpg,IMG,Maile Library,2,0.3967275023460388,Lunalilo Yellow Shower Tree,0.9906443357467652,High,Lunalilo Yellow Shower Tree,0.8065506219863892,Medium
IMG_9810.jpg,IMG,Maile Library,0,0.4969095289707184,Lunalilo Yellow Shower Tree,0.984953999519348,High,Lunalilo Yellow Shower Tree,0.8123690485954285,Medium
IMG_9839.jpg,IMG,Maile Library,2,0.73638516664505,Lunalilo Yellow Shower Tree,0.99708491563797,High,Lunalilo Yellow Shower Tree,0.9265530109405518,High
IMG_9882.jpg,IMG,Maile Library,3,0.7469805479049683,Lunalilo Yellow Shower Tree,0.9942312240600586,High,Lunalilo Yellow Shower Tree,0.873136579990387,High
IMG_9885.jpg,IMG,Maile Library,0,0.7277502417564392,Lunalilo Yellow Shower Tree,0.9418946504592896,High,Lunalilo Yellow Shower Tree,0.6852990388870239,Medium
IMG_9927.jpg,IMG,Maile Library,3,0.762628436088562,Lunalilo Yellow Shower Tree,0.977393388748169,High,Lunalilo Yellow Shower Tree,0.6772530674934387,Medium
IMG_9929.jpg,IMG,Maile Library,1,0.4321683347225189,Lunalilo Yellow Shower Tree,0.9919964671134948,High,Lunalilo Yellow Shower Tree,0.945164144039154,High
IMG_9954.jpg,IMG,Maile Library,3,0.9301093816757202,Lunalilo Yellow Shower Tree,0.9939045310020448,High,Lunalilo Yellow Shower Tree,0.9503717422485352,High
IMG_9986.jpg,IMG,Maile Library,0,0.5807813405990601,Lunalilo Yellow Shower Tree,0.9699808955192566,High,Lunalilo Yellow Shower Tree,0.8782117366790771,High
IMG_9992.jpg,IMG,Maile Library,3,0.9825130701065063,Lunalilo Yellow Shower Tree,0.9951501488685608,High,Lunalilo Yellow Shower Tree,0.8458893895149231,Medium
IMG_0001.jpg,IMG,Maile West Corner,0,0.9650068879127502,Rainbow Shower Tree,0.9998389482498168,High,Rainbow Shower Tree,0.9945334196090698,High
IMG_0025.jpg,IMG,Maile West Corner,1,0.6316446661949158,Rainbow Shower Tree,0.996369481086731,High,Rainbow Shower Tree,0.955521047115326,High
IMG_0067.jpg,IMG,Maile West Corner,2,0.6416917443275452,Rainbow Shower Tree,0.9986187219619752,High,Rainbow Shower Tree,0.9658090472221376,High
IMG_0072.jpg,IMG,Maile West Corner,0,0.7449442148208618,Rainbow Shower Tree,0.9999709129333496,High,Rainbow Shower Tree,0.9963237047195436,High
IMG_0107.jpg,IMG,Maile West Corner,2,0.7505710124969482,Rainbow Shower Tree,0.9996823072433472,High,Rainbow Shower Tree,0.99209725856781,High
IMG_0138.jpg,IMG,Maile West Corner,0,0.9903653264045716,Rainbow Shower Tree,0.9956272840499878,High,Rainbow Shower Tree,0.9345976114273072,High
IMG_0150.jpg,IMG,Maile West Corner,2,0.7813957333564758,Rainbow Shower Tree,0.998989999294281,High,Rainbow Shower Tree,0.97538822889328,High
IMG_0172.jpg,IMG,Maile West Corner,0,0.9932326078414916,Rainbow Shower Tree,0.999502182006836,High,Rainbow Shower Tree,0.986806571483612,High
IMG_0191.jpg,IMG,Maile West Corner,3,0.6152841448783875,Rainbow Shower Tree,0.99949312210083,High,Rainbow Shower Tree,0.9902719855308532,High
IMG_0233.jpg,IMG,Maile West Corner,3,0.5675167441368103,Rainbow Shower Tree,0.9983224272727966,High,Rainbow Shower Tree,0.9719668030738832,High
IMG_0239.jpg,IMG,Maile West Corner,0,0.9707438349723816,Rainbow Shower Tree,0.99856036901474,High,Rainbow Shower Tree,0.9736369848251344,High
IMG_0286.jpg,IMG,Maile West Corner,0,0.9873007535934448,Rainbow Shower Tree,0.9945574998855592,High,Rainbow Shower Tree,0.9251719117164612,High
IMG_0343.jpg,IMG,Maile West Corner,0,0.9290214776992798,Rainbow Shower Tree,0.9992963075637816,High,Rainbow Shower Tree,0.9883978962898254,High
IMG_0352.jpg,IMG,Maile West Corner,2,0.6432744860649109,Rainbow Shower Tree,0.999875545501709,High,Rainbow Shower Tree,0.9958263039588928,High
IMG_0377.jpg,IMG,Maile West Corner,0,0.6974755525588989,Rainbow Shower Tree,0.9914088845252992,High,Rainbow Shower Tree,0.9219778180122375,High
IMG_0397.jpg,IMG,Maile West Corner,2,0.7763755321502686,Rainbow Shower Tree,0.9996033310890198,High,Rainbow Shower Tree,0.9891507625579834,High
IMG_0435.jpg,IMG,Maile West Corner,2,0.7674855589866638,Rainbow Shower Tree,0.9982513785362244,High,Rainbow Shower Tree,0.9651952981948853,High
IMG_0488.jpg,IMG,Maile West Corner,2,0.7071172595024109,Rainbow Shower Tree,0.999448835849762,High,Rainbow Shower Tree,0.98428875207901,High
IMG_0502.jpg,IMG,Maile West Corner,0,0.840318500995636,Rainbow Shower Tree,0.9997981190681458,High,Rainbow Shower Tree,0.996082365512848,High
IMG_0533.jpg,IMG,Maile West Corner,2,0.5251093506813049,Rainbow Shower Tree,0.9971314668655396,High,Rainbow Shower Tree,0.9048353433609008,High
IMG_0550.jpg,IMG,Maile West Corner,1,0.7182936668395996,Rainbow Shower Tree,0.999750792980194,High,Rainbow Shower Tree,0.9920960664749146,High
IMG_0576.jpg,IMG,Maile West Corner,1,0.7754917740821838,Rainbow Shower Tree,0.9998314380645752,High,Rainbow Shower Tree,0.9938998222351074,High
IMG_0593.jpg,IMG,Maile West Corner,1,0.7168933153152466,Rainbow Shower Tree,0.9990045428276062,High,Rainbow Shower Tree,0.9594634175300598,High
IMG_0622.jpg,IMG,Maile West Corner,1,0.4972521066665649,Rainbow Shower Tree,0.9991025924682616,High,Rainbow Shower Tree,0.9635764956474304,High
IMG_0623.jpg,IMG,Maile West Corner,1,0.7330556511878967,Rainbow Shower Tree,0.9995081424713136,High,Rainbow Shower Tree,0.9779356718063354,High
IMG_0665.jpg,IMG,Maile West Corner,1,0.6636328101158142,Rainbow Shower Tree,0.9999477863311768,High,Rainbow Shower Tree,0.9984747767448424,High
IMG_0672.jpg,IMG,Maile West Corner,1,0.6917075514793396,Rainbow Shower Tree,0.9988377690315248,High,Rainbow Shower Tree,0.974097490310669,High
IMG_0703.jpg,IMG,Maile West Corner,2,0.5462471842765808,Rainbow Shower Tree,0.9998225569725036,High,Rainbow Shower Tree,0.9905969500541688,High
IMG_0709.jpg,IMG,Maile West Corner,1,0.811373233795166,Rainbow Shower Tree,0.998062551021576,High,Rainbow Shower Tree,0.9461100101470948,High
IMG_0757.jpg,IMG,Maile West Corner,1,0.9293638467788696,Rainbow Shower Tree,0.9999874830245972,High,Rainbow Shower Tree,0.9996278285980223,High
IMG_0784.jpg,IMG,Maile West Corner,2,0.7454115152359009,Rainbow Shower Tree,0.9915165901184082,High,Rainbow Shower Tree,0.8988772034645081,High
IMG_0796.jpg,IMG,Maile West Corner,1,0.9467211961746216,Rainbow Shower Tree,0.9999501705169678,High,Rainbow Shower Tree,0.9967888593673706,High
IMG_0823.jpg,IMG,Maile West Corner,3,0.5377320647239685,Rainbow Shower Tree,0.9966484904289246,High,Rainbow Shower Tree,0.9493874311447144,High
IMG_0839.jpg,IMG,Maile West Corner,1,0.9388547539711,Rainbow Shower Tree,0.9997214674949646,High,Rainbow Shower Tree,0.9874920845031738,High
IMG_0856.jpg,IMG,Maile West Corner,3,0.6274598240852356,Rainbow Shower Tree,0.99969482421875,High,Rainbow Shower Tree,0.9864938259124756,High
IMG_0885.jpg,IMG,Maile West Corner,1,0.9000149369239807,Rainbow Shower Tree,0.9998979568481444,High,Rainbow Shower Tree,0.996442973613739,High
IMG_0887.jpg,IMG,Maile West Corner,3,0.6241552829742432,Rainbow Shower Tree,0.998430073261261,High,Rainbow Shower Tree,0.9690144658088684,High
IMG_0921.jpg,IMG,Maile West Corner,3,0.8633127808570862,Rainbow Shower Tree,0.998063623905182,High,Rainbow Shower Tree,0.9570015072822572,High
IMG_0928.jpg,IMG,Maile West Corner,1,0.9134815335273744,Rainbow Shower Tree,0.9997033476829528,High,Rainbow Shower Tree,0.9858437776565552,High
IMG_0965 (1).jpg,IMG,Maile West Corner,3,0.6066071391105652,Rainbow Shower Tree,0.9950863718986512,High,Rainbow Shower Tree,0.9514588117599488,High
IMG_0965.jpg,IMG,Maile West Corner,1,0.8531004786491394,Rainbow Shower Tree,0.9996309280395508,High,Rainbow Shower Tree,0.993046224117279,High
IMG_1002.jpg,IMG,Maile West Corner,3,0.9260783791542052,Rainbow Shower Tree,0.9949654936790466,High,Rainbow Shower Tree,0.9079557061195374,High
IMG_1003.jpg,IMG,Maile West Corner,1,0.7912335395812988,Rainbow Shower Tree,0.9999632835388184,High,Rainbow Shower Tree,0.998626947402954,High
IMG_1039.jpg,IMG,Maile West Corner,1,0.9344161748886108,Rainbow Shower Tree,0.9999721050262452,High,Rainbow Shower Tree,0.9988141059875488,High
IMG_1041.jpg,IMG,Maile West Corner,3,0.8458892107009888,Rainbow Shower Tree,0.996513307094574,High,Rainbow Shower Tree,0.9297628998756408,High
IMG_1077.jpg,IMG,Maile West Corner,1,0.6478977203369141,Rainbow Shower Tree,0.9996867179870604,High,Rainbow Shower Tree,0.9922983050346376,High
IMG_1121.jpg,IMG,Maile West Corner,1,0.7907701730728149,Rainbow Shower Tree,0.9995326995849608,High,Rainbow Shower Tree,0.9900013208389282,High
IMG_1132.jpg,IMG,Maile West Corner,3,0.4956810176372528,Rainbow Shower Tree,0.9912981986999512,High,Rainbow Shower Tree,0.8927966356277466,High
IMG_1192.jpg,IMG,Maile West Corner,1,0.7418037056922913,Rainbow Shower Tree,0.9999035596847534,High,Rainbow Shower Tree,0.9963189363479614,High
IMG_1231.jpg,IMG,Maile West Corner,1,0.4616239368915558,Rainbow Shower Tree,0.99886155128479,High,Rainbow Shower Tree,0.9816323518753052,High
IMG_1280.jpg,IMG,Maile West Corner,1,0.7483408451080322,Rainbow Shower Tree,0.9998390674591064,High,Rainbow Shower Tree,0.9952808022499084,High
IMG_1304.jpg,IMG,Maile West Corner,1,0.6894251704216003,Rainbow Shower Tree,0.999860405921936,High,Rainbow Shower Tree,0.9979063272476196,High
IMG_1348.jpg,IMG,Maile West Corner,1,0.8521624803543091,Rainbow Shower Tree,0.9999693632125854,High,Rainbow Shower Tree,0.9991911053657532,High
IMG_1359.jpg,IMG,Maile West Corner,1,0.8762074112892151,Rainbow Shower Tree,0.9930349588394164,High,Rainbow Shower Tree,0.8758609294891357,High
IMG_1382.jpg,IMG,Maile West Corner,0,0.7148792743682861,Rainbow Shower Tree,0.9999834299087524,High,Rainbow Shower Tree,0.9993984699249268,High
IMG_1400.jpg,IMG,Maile West Corner,1,0.7686517834663391,Rainbow Shower Tree,0.9967193007469176,High,Rainbow Shower Tree,0.9456119537353516,High
IMG_1420.jpg,IMG,Maile West Corner,0,0.5191324353218079,Rainbow Shower Tree,0.99994158744812,High,Rainbow Shower Tree,0.9983031749725342,High
IMG_1450.jpg,IMG,Maile West Corner,1,0.9306607842445374,Rainbow Shower Tree,0.9938331842422484,High,Rainbow Shower Tree,0.9252456426620485,High
IMG_1479.jpg,IMG,Maile West Corner,0,0.8087602853775024,Rainbow Shower Tree,0.9998657703399658,High,Rainbow Shower Tree,0.9982774257659912,High
IMG_1488.jpg,IMG,Maile West Corner,1,0.7341727018356323,Rainbow Shower Tree,0.9994810223579408,High,Rainbow Shower Tree,0.975339949131012,High
IMG_1499.jpg,IMG,Maile West Corner,0,0.9643660187721252,Rainbow Shower Tree,0.9998775720596312,High,Rainbow Shower Tree,0.9917879700660706,High
IMG_1533.jpg,IMG,Maile West Corner,0,0.998525321483612,Rainbow Shower Tree,0.9997950196266174,High,Rainbow Shower Tree,0.9953989386558532,High
IMG_1539.jpg,IMG,Maile West Corner,1,0.7553449273109436,Rainbow Shower Tree,0.9993698000907898,High,Rainbow Shower Tree,0.973111093044281,High
IMG_1574.jpg,IMG,Maile West Corner,0,0.9923582673072816,Rainbow Shower Tree,0.999990940093994,High,Rainbow Shower Tree,0.9994221925735474,High
IMG_1585.jpg,IMG,Maile West Corner,2,0.5721758604049683,Rainbow Shower Tree,0.9979926347732544,High,Rainbow Shower Tree,0.9395291805267334,High
IMG_1621.jpg,IMG,Maile West Corner,0,0.9932036399841307,Rainbow Shower Tree,0.9999552965164183,High,Rainbow Shower Tree,0.9962807297706604,High
IMG_1626.jpg,IMG,Maile West Corner,1,0.5950679779052734,Rainbow Shower Tree,0.9992974996566772,High,Rainbow Shower Tree,0.9670977592468262,High
IMG_1645.jpg,IMG,Maile West Corner,0,0.982719659805298,Rainbow Shower Tree,0.9998250603675842,High,Rainbow Shower Tree,0.9966074228286744,High
IMG_1665.jpg,IMG,Maile West Corner,1,0.7109047174453735,Rainbow Shower Tree,0.9987195730209352,High,Rainbow Shower Tree,0.9736859202384948,High
IMG_1700.jpg,IMG,Maile West Corner,0,0.9923294186592102,Rainbow Shower Tree,0.9999721050262452,High,Rainbow Shower Tree,0.9991687536239624,High
IMG_1730.jpg,IMG,Maile West Corner,0,0.9938613176345824,Rainbow Shower Tree,0.9999918937683104,High,Rainbow Shower Tree,0.9995664954185486,High
IMG_1747.jpg,IMG,Maile West Corner,0,0.8713942170143127,Rainbow Shower Tree,0.998709797859192,High,Rainbow Shower Tree,0.9726440906524658,High
IMG_1769.jpg,IMG,Maile West Corner,0,0.9877701997756958,Rainbow Shower Tree,0.9999964237213136,High,Rainbow Shower Tree,0.9997926354408264,High
IMG_1811.jpg,IMG,Maile West Corner,0,0.9937549829483032,Rainbow Shower Tree,0.9999655485153198,High,Rainbow Shower Tree,0.9988957643508912,High
IMG_1823.jpg,IMG,Maile West Corner,0,0.9876698851585388,Rainbow Shower Tree,0.9989469647407532,High,Rainbow Shower Tree,0.9741644263267516,High
IMG_1857.jpg,IMG,Maile West Corner,0,0.9477820992469788,Rainbow Shower Tree,0.999990463256836,High,Rainbow Shower Tree,0.999395489692688,High
IMG_1869.jpg,IMG,Maile West Corner,0,0.973372757434845,Rainbow Shower Tree,0.9998960494995116,High,Rainbow Shower Tree,0.9931968450546264,High
IMG_1927.jpg,IMG,Maile West Corner,0,0.9895517230033876,Rainbow Shower Tree,0.99981290102005,High,Rainbow Shower Tree,0.9954162836074828,High
IMG_1961.jpg,IMG,Maile West Corner,0,0.9477400183677672,Rainbow Shower Tree,0.9998875856399536,High,Rainbow Shower Tree,0.9911707639694214,High
IMG_1966.jpg,IMG,Maile West Corner,0,0.9951468110084534,Rainbow Shower Tree,0.999986171722412,High,Rainbow Shower Tree,0.999553382396698,High
IMG_2019.jpg,IMG,Maile West Corner,0,0.9829062223434448,Rainbow Shower Tree,0.9995236396789552,High,Rainbow Shower Tree,0.9871364831924438,High
IMG_2033.jpg,IMG,Maile West Corner,0,0.9790109992027284,Rainbow Shower Tree,0.9997223019599916,High,Rainbow Shower Tree,0.9929454922676086,High
IMG_2068.jpg,IMG,Maile West Corner,0,0.9692603349685668,Rainbow Shower Tree,0.9997429251670836,High,Rainbow Shower Tree,0.9920375347137452,High
IMG_2104.jpg,IMG,Maile West Corner,0,0.9955599308013916,Rainbow Shower Tree,0.9998841285705566,High,Rainbow Shower Tree,0.9977008700370787,High
IMG_2112.jpg,IMG,Maile West Corner,0,0.9946470856666564,Rainbow Shower Tree,0.9997081160545348,High,Rainbow Shower Tree,0.9954392313957214,High
IMG_2171.jpg,IMG,Maile West Corner,0,0.9905381202697754,Rainbow Shower Tree,0.9999504089355468,High,Rainbow Shower Tree,0.998820960521698,High
IMG_2185.jpg,IMG,Maile West Corner,0,0.9776021838188172,Rainbow Shower Tree,0.9997919201850892,High,Rainbow Shower Tree,0.9938356280326844,High
IMG_2224.jpg,IMG,Maile West Corner,0,0.9885460734367372,Rainbow Shower Tree,0.9998573064804076,High,Rainbow Shower Tree,0.9927391409873962,High
IMG_2237.jpg,IMG,Maile West Corner,0,0.9850436449050904,Rainbow Shower Tree,0.9998598098754884,High,Rainbow Shower Tree,0.996882438659668,High
IMG_2271.jpg,IMG,Maile West Corner,0,0.9985437393188475,Rainbow Shower Tree,0.999744474887848,High,Rainbow Shower Tree,0.9926745295524596,High
IMG_2315.jpg,IMG,Maile West Corner,0,0.9960730075836182,Rainbow Shower Tree,0.9996594190597534,High,Rainbow Shower Tree,0.989589273929596,High
IMG_2319.jpg,IMG,Maile West Corner,0,0.9836692214012146,Rainbow Shower Tree,0.998601496219635,High,Rainbow Shower Tree,0.9792532920837402,High
IMG_2361.jpg,IMG,Maile West Corner,0,0.9990826845169068,Rainbow Shower Tree,0.9998134970664978,High,Rainbow Shower Tree,0.9933869242668152,High
IMG_2400.jpg,IMG,Maile West Corner,0,0.9977649450302124,Rainbow Shower Tree,0.9998925924301147,High,Rainbow Shower Tree,0.9980437755584716,High
IMG_2425.jpg,IMG,Maile West Corner,0,0.998331606388092,Rainbow Shower Tree,0.9999756813049316,High,Rainbow Shower Tree,0.9987770915031432,High
IMG_2461.jpg,IMG,Maile West Corner,0,0.998134195804596,Rainbow Shower Tree,0.999842643737793,High,Rainbow Shower Tree,0.997238039970398,High
IMG_2524.jpg,IMG,Maile West Corner,0,0.9826034903526306,Rainbow Shower Tree,0.999935746192932,High,Rainbow Shower Tree,0.9952701926231384,High
IMG_2539.jpg,IMG,Maile West Corner,0,0.9895276427268982,Rainbow Shower Tree,0.9999141693115234,High,Rainbow Shower Tree,0.9986911416053772,High
IMG_2613.jpg,IMG,Maile West Corner,0,0.9923608899116516,Rainbow Shower Tree,0.9996556043624878,High,Rainbow Shower Tree,0.996589422225952,High
IMG_2686.jpg,IMG,Maile West Corner,0,0.9743664264678956,Rainbow Shower Tree,0.999439299106598,High,Rainbow Shower Tree,0.9803637862205504,High
IMG_2688.jpg,IMG,Maile West Corner,0,0.9943839311599731,Rainbow Shower Tree,0.999765694141388,High,Rainbow Shower Tree,0.9961723685264589,High
IMG_2771.jpg,IMG,Maile West Corner,0,0.969787299633026,Rainbow Shower Tree,0.9973100423812866,High,Rainbow Shower Tree,0.9832245111465454,High
IMG_2825.jpg,IMG,Maile West Corner,0,0.9963465332984924,Rainbow Shower Tree,0.9994152784347534,High,Rainbow Shower Tree,0.9788546562194824,High
IMG_2853.jpg,IMG,Maile West Corner,0,0.9914163947105408,Rainbow Shower Tree,0.9997647404670716,High,Rainbow Shower Tree,0.9955722093582152,High
IMG_2907.jpg,IMG,Maile West Corner,0,0.996101975440979,Rainbow Shower Tree,0.9998610019683838,High,Rainbow Shower Tree,0.9981788396835328,High
IMG_2949.jpg,IMG,Maile West Corner,0,0.998448371887207,Rainbow Shower Tree,0.9998492002487184,High,Rainbow Shower Tree,0.996850311756134,High
IMG_3035.jpg,IMG,Maile West Corner,0,0.9961252808570862,Rainbow Shower Tree,0.9965722560882568,High,Rainbow Shower Tree,0.9485988020896912,High
IMG_3076.jpg,IMG,Maile West Corner,0,0.9959927797317504,Rainbow Shower Tree,0.999086618423462,High,Rainbow Shower Tree,0.98537015914917,High
IMG_3122.jpg,IMG,Maile West Corner,0,0.9671859741210938,Rainbow Shower Tree,0.998903751373291,High,Rainbow Shower Tree,0.9833336472511292,High
IMG_3166.jpg,IMG,Maile West Corner,0,0.9908595681190492,Rainbow Shower Tree,0.998123586177826,High,Rainbow Shower Tree,0.9734389185905457,High
IMG_3209.jpg,IMG,Maile West Corner,0,0.973581075668335,Rainbow Shower Tree,0.9970012307167052,High,Rainbow Shower Tree,0.9748950004577636,High
IMG_3254.jpg,IMG,Maile West Corner,0,0.9787639379501344,Rainbow Shower Tree,0.9980839490890504,High,Rainbow Shower Tree,0.977310061454773,High
IMG_3306.jpg,IMG,Maile West Corner,0,0.9871305823326112,Rainbow Shower Tree,0.9954236149787904,High,Rainbow Shower Tree,0.942321240901947,High
IMG_3353.jpg,IMG,Maile West Corner,0,0.99178808927536,Rainbow Shower Tree,0.9981809854507446,High,Rainbow Shower Tree,0.978729009628296,High
IMG_3403.jpg,IMG,Maile West Corner,0,0.9910414814949036,Rainbow Shower Tree,0.999504566192627,High,Rainbow Shower Tree,0.9861627221107484,High
IMG_3549.jpg,IMG,Maile West Corner,0,0.9432812929153442,Rainbow Shower Tree,0.9948059916496276,High,Rainbow Shower Tree,0.9551543593406676,High
IMG_3591.jpg,IMG,Maile West Corner,0,0.7665025591850281,Rainbow Shower Tree,0.9964945912361144,High,Rainbow Shower Tree,0.968206822872162,High
IMG_3634.jpg,IMG,Maile West Corner,0,0.7239363193511963,Rainbow Shower Tree,0.9981576800346376,High,Rainbow Shower Tree,0.9777522683143616,High
IMG_3676.jpg,IMG,Maile West Corner,0,0.8021407127380371,Rainbow Shower Tree,0.9984301924705504,High,Rainbow Shower Tree,0.9710289239883424,High
IMG_3719.jpg,IMG,Maile West Corner,0,0.6311114430427551,Rainbow Shower Tree,0.9995585083961488,High,Rainbow Shower Tree,0.9807060956954956,High
IMG_3765.jpg,IMG,Maile West Corner,1,0.711004376411438,Rainbow Shower Tree,0.9971420168876648,High,Rainbow Shower Tree,0.9588317275047302,High
IMG_3806.jpg,IMG,Maile West Corner,0,0.6792632937431335,Rainbow Shower Tree,0.9970303773880004,High,Rainbow Shower Tree,0.9478468894958496,High
IMG_3849.jpg,IMG,Maile West Corner,2,0.4609057903289795,Rainbow Shower Tree,0.9978744983673096,High,Rainbow Shower Tree,0.9690293669700624,High
IMG_3889.jpg,IMG,Maile West Corner,1,0.6083838939666748,Rainbow Shower Tree,0.9990804195404052,High,Rainbow Shower Tree,0.9705436825752258,High
IMG_3935.jpg,IMG,Maile West Corner,2,0.7447649836540222,Rainbow Shower Tree,0.9986283779144288,High,Rainbow Shower Tree,0.9447611570358276,High
IMG_3977.jpg,IMG,Maile West Corner,2,0.6303586363792419,Rainbow Shower Tree,0.9972149133682252,High,Rainbow Shower Tree,0.964835524559021,High
IMG_4015.jpg,IMG,Maile West Corner,2,0.7632318735122681,Rainbow Shower Tree,0.9986467957496644,High,Rainbow Shower Tree,0.961269199848175,High
IMG_4125.jpg,IMG,Maile West Corner,3,0.7318043112754822,Rainbow Shower Tree,0.997806966304779,High,Rainbow Shower Tree,0.9663297533988952,High
IMG_4164.jpg,IMG,Maile West Corner,3,0.7987684011459351,Rainbow Shower Tree,0.9990310668945312,High,Rainbow Shower Tree,0.9790442585945128,High
IMG_4205.jpg,IMG,Maile West Corner,3,0.4945497214794159,Rainbow Shower Tree,0.9964665174484252,High,Rainbow Shower Tree,0.9507974982261658,High
IMG_4251.jpg,IMG,Maile West Corner,3,0.7148120403289795,Rainbow Shower Tree,0.9980831146240234,High,Rainbow Shower Tree,0.9613041281700134,High
IMG_4298.jpg,IMG,Maile West Corner,1,0.5142024755477905,Rainbow Shower Tree,0.9989485144615172,High,Rainbow Shower Tree,0.9835264086723328,High
IMG_4343.jpg,IMG,Maile West Corner,1,0.6145379543304443,Rainbow Shower Tree,0.9985516667366028,High,Rainbow Shower Tree,0.9773557186126708,High
IMG_4383.jpg,IMG,Maile West Corner,1,0.7904894948005676,Rainbow Shower Tree,0.9986155033111572,High,Rainbow Shower Tree,0.978079915046692,High
IMG_4415.jpg,IMG,Maile West Corner,0,0.9929719567298888,Rainbow Shower Tree,0.9999698400497437,High,Rainbow Shower Tree,0.99906188249588,High
IMG_4433.jpg,IMG,Maile West Corner,1,0.6787749528884888,Rainbow Shower Tree,0.998381733894348,High,Rainbow Shower Tree,0.980834662914276,High
IMG_4450.jpg,IMG,Maile West Corner,0,0.8280947208404541,Rainbow Shower Tree,0.9998934268951416,High,Rainbow Shower Tree,0.991916000843048,High
IMG_4477.jpg,IMG,Maile West Corner,1,0.580415666103363,Rainbow Shower Tree,0.9996007084846495,High,Rainbow Shower Tree,0.991550087928772,High
IMG_4510.jpg,IMG,Maile West Corner,0,0.9910150170326232,Rainbow Shower Tree,0.9998592138290404,High,Rainbow Shower Tree,0.992724597454071,High
IMG_4521.jpg,IMG,Maile West Corner,0,0.7758342623710632,Rainbow Shower Tree,0.9996418952941896,High,Rainbow Shower Tree,0.9868478178977966,High
IMG_4558.jpg,IMG,Maile West Corner,0,0.994147539138794,Rainbow Shower Tree,0.9996782541275024,High,Rainbow Shower Tree,0.987620174884796,High
IMG_4564.jpg,IMG,Maile West Corner,0,0.9036998152732848,Rainbow Shower Tree,0.9957334399223328,High,Rainbow Shower Tree,0.928170084953308,High
IMG_4612.jpg,IMG,Maile West Corner,0,0.5921074748039246,Rainbow Shower Tree,0.9992355108261108,High,Rainbow Shower Tree,0.9838661551475524,High
IMG_4620.jpg,IMG,Maile West Corner,0,0.9957832098007202,Rainbow Shower Tree,0.9998143315315248,High,Rainbow Shower Tree,0.9917200803756714,High
IMG_4659.jpg,IMG,Maile West Corner,0,0.5843032598495483,Rainbow Shower Tree,0.9996498823165894,High,Rainbow Shower Tree,0.994486391544342,High
IMG_4680.jpg,IMG,Maile West Corner,0,0.9409944415092468,Rainbow Shower Tree,0.999902844429016,High,Rainbow Shower Tree,0.9938650727272034,High
IMG_4716.jpg,IMG,Maile West Corner,1,0.7221888899803162,Rainbow Shower Tree,0.9993841648101808,High,Rainbow Shower Tree,0.9901291728019714,High
IMG_4738.jpg,IMG,Maile West Corner,0,0.9932374954223632,Rainbow Shower Tree,0.9999216794967652,High,Rainbow Shower Tree,0.9948203563690186,High
IMG_4766.jpg,IMG,Maile West Corner,1,0.8145598769187927,Rainbow Shower Tree,0.999784290790558,High,Rainbow Shower Tree,0.9920226335525512,High
IMG_4797.jpg,IMG,Maile West Corner,0,0.9840791821479796,Rainbow Shower Tree,0.9999552965164183,High,Rainbow Shower Tree,0.9964612126350404,High
IMG_4814.jpg,IMG,Maile West Corner,1,0.931606948375702,Rainbow Shower Tree,0.9990443587303162,High,Rainbow Shower Tree,0.9760026335716248,High
IMG_4840.jpg,IMG,Maile West Corner,1,0.8495544195175171,Rainbow Shower Tree,0.999862551689148,High,Rainbow Shower Tree,0.993429720401764,High
IMG_4852.jpg,IMG,Maile West Corner,0,0.9728010296821594,Rainbow Shower Tree,0.999733865261078,High,Rainbow Shower Tree,0.9803008437156676,High
IMG_4895.jpg,IMG,Maile West Corner,1,0.90866881608963,Rainbow Shower Tree,0.9999706745147704,High,Rainbow Shower Tree,0.9976524710655212,High
IMG_4914.jpg,IMG,Maile West Corner,0,0.9969410300254822,Rainbow Shower Tree,0.999890685081482,High,Rainbow Shower Tree,0.9965546131134032,High
IMG_4944.jpg,IMG,Maile West Corner,2,0.6062807440757751,Rainbow Shower Tree,0.9998019337654114,High,Rainbow Shower Tree,0.993948459625244,High
IMG_4970.jpg,IMG,Maile West Corner,0,0.988326132297516,Rainbow Shower Tree,0.9999641180038452,High,Rainbow Shower Tree,0.9976155757904052,High
IMG_4993.jpg,IMG,Maile West Corner,1,0.8890106081962585,Rainbow Shower Tree,0.9999016523361206,High,Rainbow Shower Tree,0.9974320530891418,High
IMG_5033.jpg,IMG,Maile West Corner,0,0.9616094827651978,Rainbow Shower Tree,0.9992926120758056,High,Rainbow Shower Tree,0.9801492094993592,High
IMG_5039.jpg,IMG,Maile West Corner,1,0.7710209488868713,Rainbow Shower Tree,0.9982656836509703,High,Rainbow Shower Tree,0.9752902388572692,High
IMG_5094.jpg,IMG,Maile West Corner,1,0.6895197629928589,Rainbow Shower Tree,0.9998948574066162,High,Rainbow Shower Tree,0.9978756904602052,High
IMG_5098.jpg,IMG,Maile West Corner,0,0.9933706521987916,Rainbow Shower Tree,0.999873161315918,High,Rainbow Shower Tree,0.9953319430351256,High
IMG_5143.jpg,IMG,Maile West Corner,1,0.6898881196975708,Rainbow Shower Tree,0.99967360496521,High,Rainbow Shower Tree,0.9931244254112244,High
IMG_5163.jpg,IMG,Maile West Corner,0,0.9789661169052124,Rainbow Shower Tree,0.9998972415924072,High,Rainbow Shower Tree,0.9946349859237672,High
IMG_5220.jpg,IMG,Maile West Corner,1,0.7878491878509521,Rainbow Shower Tree,0.999948024749756,High,Rainbow Shower Tree,0.9974864721298218,High
IMG_5226.jpg,IMG,Maile West Corner,0,0.9564065337181092,Rainbow Shower Tree,0.9961624145507812,High,Rainbow Shower Tree,0.9615691304206848,High
IMG_5284.jpg,IMG,Maile West Corner,0,0.9721747040748596,Rainbow Shower Tree,0.9994749426841736,High,Rainbow Shower Tree,0.980401337146759,High
IMG_5286.jpg,IMG,Maile West Corner,0,0.9317989945411682,Rainbow Shower Tree,0.9990953207015992,High,Rainbow Shower Tree,0.9857284426689148,High
IMG_5330.jpg,IMG,Maile West Corner,0,0.7345353960990906,Rainbow Shower Tree,0.999068796634674,High,Rainbow Shower Tree,0.9874339699745178,High
IMG_5350.jpg,IMG,Maile West Corner,0,0.9527234435081482,Rainbow Shower Tree,0.999333679676056,High,Rainbow Shower Tree,0.99151611328125,High
IMG_5373.jpg,IMG,Maile West Corner,0,0.9494626522064208,Rainbow Shower Tree,0.9991125464439392,High,Rainbow Shower Tree,0.9831238985061646,High
IMG_5420.jpg,IMG,Maile West Corner,0,0.8780078291893005,Rainbow Shower Tree,0.9995885491371156,High,Rainbow Shower Tree,0.978276789188385,High
IMG_5424.jpg,IMG,Maile West Corner,0,0.7676447033882141,Rainbow Shower Tree,0.9981266856193542,High,Rainbow Shower Tree,0.9724958539009094,High
IMG_5472.jpg,IMG,Maile West Corner,0,0.899071216583252,Rainbow Shower Tree,0.9993711113929749,High,Rainbow Shower Tree,0.9881672263145448,High
IMG_5484.jpg,IMG,Maile West Corner,0,0.7896904945373535,Rainbow Shower Tree,0.9998449087142944,High,Rainbow Shower Tree,0.9919873476028442,High
IMG_5519.jpg,IMG,Maile West Corner,0,0.9770755767822266,Rainbow Shower Tree,0.9996885061264038,High,Rainbow Shower Tree,0.9922814965248108,High
IMG_5531.jpg,IMG,Maile West Corner,1,0.7804732322692871,Rainbow Shower Tree,0.9986230134963988,High,Rainbow Shower Tree,0.9726495146751404,High
IMG_5549.jpg,IMG,Maile West Corner,0,0.9816854000091552,Rainbow Shower Tree,0.9997090697288512,High,Rainbow Shower Tree,0.9942558407783508,High
IMG_5573.jpg,IMG,Maile West Corner,1,0.8080998063087463,Rainbow Shower Tree,0.9998393058776855,High,Rainbow Shower Tree,0.9933645725250244,High
IMG_5608.jpg,IMG,Maile West Corner,1,0.9500461220741272,Rainbow Shower Tree,0.99998939037323,High,Rainbow Shower Tree,0.9996424913406372,High
IMG_5646.jpg,IMG,Maile West Corner,1,0.9486925601959229,Rainbow Shower Tree,0.9995071887969972,High,Rainbow Shower Tree,0.9952725768089294,High
IMG_5685.jpg,IMG,Maile West Corner,1,0.7803201079368591,Rainbow Shower Tree,0.999812662601471,High,Rainbow Shower Tree,0.9974219799041748,High
IMG_5726.jpg,IMG,Maile West Corner,0,0.9951170682907104,Rainbow Shower Tree,0.9992666840553284,High,Rainbow Shower Tree,0.9871653318405152,High
IMG_5728.jpg,IMG,Maile West Corner,1,0.8137854933738708,Rainbow Shower Tree,0.999832034111023,High,Rainbow Shower Tree,0.9971042275428772,High
IMG_5780.jpg,IMG,Maile West Corner,0,0.6997228860855103,Rainbow Shower Tree,0.9997076392173768,High,Rainbow Shower Tree,0.98903626203537,High
IMG_5794.jpg,IMG,Maile West Corner,0,0.9837943911552428,Rainbow Shower Tree,0.999630331993103,High,Rainbow Shower Tree,0.9942570328712464,High
IMG_5832.jpg,IMG,Maile West Corner,1,0.6715158820152283,Rainbow Shower Tree,0.999919056892395,High,Rainbow Shower Tree,0.9977644681930542,High
IMG_5868.jpg,IMG,Maile West Corner,0,0.9823125004768372,Rainbow Shower Tree,0.9998598098754884,High,Rainbow Shower Tree,0.995741844177246,High
IMG_5874.jpg,IMG,Maile West Corner,1,0.5108219981193542,Rainbow Shower Tree,0.9996091723442078,High,Rainbow Shower Tree,0.9655249118804932,High
IMG_5911.jpg,IMG,Maile West Corner,1,0.7593910098075867,Rainbow Shower Tree,0.999804437160492,High,Rainbow Shower Tree,0.9936677813529968,High
IMG_5949.jpg,IMG,Maile West Corner,0,0.9952245950698853,Rainbow Shower Tree,0.999850869178772,High,Rainbow Shower Tree,0.9962653517723083,High
IMG_5953.jpg,IMG,Maile West Corner,1,0.9312409162521362,Rainbow Shower Tree,0.9978930354118348,High,Rainbow Shower Tree,0.954695999622345,High
IMG_5987.jpg,IMG,Maile West Corner,1,0.9313732981681824,Rainbow Shower Tree,0.9997666478157043,High,Rainbow Shower Tree,0.9939274787902832,High
IMG_6008.jpg,IMG,Maile West Corner,0,0.9946044087409972,Rainbow Shower Tree,0.996644139289856,High,Rainbow Shower Tree,0.958221673965454,High
IMG_6030.jpg,IMG,Maile West Corner,1,0.9342246055603028,Rainbow Shower Tree,0.9997172951698304,High,Rainbow Shower Tree,0.9699698686599731,High
IMG_6054.jpg,IMG,Maile West Corner,0,0.9240245223045348,Rainbow Shower Tree,0.9999302625656128,High,Rainbow Shower Tree,0.996531307697296,High
IMG_6079.jpg,IMG,Maile West Corner,1,0.5357199311256409,Rainbow Shower Tree,0.998777449131012,High,Rainbow Shower Tree,0.957623302936554,High
IMG_6102.jpg,IMG,Maile West Corner,2,0.5148717164993286,Rainbow Shower Tree,0.99958735704422,High,Rainbow Shower Tree,0.974969446659088,High
IMG_6114.jpg,IMG,Maile West Corner,0,0.8306344747543335,Rainbow Shower Tree,0.9999253749847412,High,Rainbow Shower Tree,0.9975180625915528,High
IMG_6142.jpg,IMG,Maile West Corner,3,0.6371896266937256,Rainbow Shower Tree,0.9980491399765016,High,Rainbow Shower Tree,0.948058009147644,High
IMG_6154.jpg,IMG,Maile West Corner,0,0.9661255478858948,Rainbow Shower Tree,0.999578893184662,High,Rainbow Shower Tree,0.9837756752967834,High
IMG_6180.jpg,IMG,Maile West Corner,2,0.6176276803016663,Rainbow Shower Tree,0.9994712471961976,High,Rainbow Shower Tree,0.9909143447875975,High
IMG_6223.jpg,IMG,Maile West Corner,2,0.681812047958374,Rainbow Shower Tree,0.998427152633667,High,Rainbow Shower Tree,0.9548299312591552,High
IMG_6266.jpg,IMG,Maile West Corner,2,0.4892135858535766,Rainbow Shower Tree,0.997852087020874,High,Rainbow Shower Tree,0.9375195503234864,High
IMG_6307.jpg,IMG,Maile West Corner,3,0.875192403793335,Rainbow Shower Tree,0.9991451501846312,High,Rainbow Shower Tree,0.9720482230186462,High
IMG_6323.jpg,IMG,Maile West Corner,0,0.9387839436531068,Rainbow Shower Tree,0.9987136125564576,High,Rainbow Shower Tree,0.9651136994361876,High
IMG_6352.jpg,IMG,Maile West Corner,3,0.920769214630127,Rainbow Shower Tree,0.9976403713226318,High,Rainbow Shower Tree,0.9223888516426086,High
IMG_6385.jpg,IMG,Maile West Corner,0,0.9487661719322203,Rainbow Shower Tree,0.9994980096817015,High,Rainbow Shower Tree,0.9920656085014344,High
IMG_6398.jpg,IMG,Maile West Corner,3,0.9458574056625366,Rainbow Shower Tree,0.9988834261894226,High,Rainbow Shower Tree,0.962904453277588,High
IMG_6411.jpg,IMG,Maile West Corner,0,0.9861074686050416,Rainbow Shower Tree,0.9998763799667358,High,Rainbow Shower Tree,0.996020257472992,High
IMG_6421.jpg,IMG,Maile West Corner,3,0.9855471849441528,Rainbow Shower Tree,0.9990205764770508,High,Rainbow Shower Tree,0.9842126965522766,High
IMG_6462.jpg,IMG,Maile West Corner,3,0.9857800602912904,Rainbow Shower Tree,0.9970620274543762,High,Rainbow Shower Tree,0.8996134996414185,High
IMG_6498.jpg,IMG,Maile West Corner,3,0.8752351999282837,Rainbow Shower Tree,0.9992291927337646,High,Rainbow Shower Tree,0.9686763286590576,High
IMG_6508.jpg,IMG,Maile West Corner,0,0.8840962648391724,Rainbow Shower Tree,0.9999295473098756,High,Rainbow Shower Tree,0.99653959274292,High
IMG_6538.jpg,IMG,Maile West Corner,3,0.8161005973815918,Rainbow Shower Tree,0.9957008957862854,High,Rainbow Shower Tree,0.8809577226638794,High
IMG_6581.jpg,IMG,Maile West Corner,3,0.843843936920166,Rainbow Shower Tree,0.9990647435188292,High,Rainbow Shower Tree,0.929783284664154,High
IMG_6617.jpg,IMG,Maile West Corner,2,0.5028788447380066,Rainbow Shower Tree,0.9994148015975952,High,Rainbow Shower Tree,0.9607042074203492,High
IMG_6622.jpg,IMG,Maile West Corner,0,0.9640417098999025,Rainbow Shower Tree,0.9990891218185424,High,Rainbow Shower Tree,0.9777969717979432,High
IMG_6658.jpg,IMG,Maile West Corner,2,0.7047954797744751,Rainbow Shower Tree,0.9993683695793152,High,Rainbow Shower Tree,0.9734782576560974,High
IMG_6697.jpg,IMG,Maile West Corner,1,0.6676377654075623,Rainbow Shower Tree,0.999440610408783,High,Rainbow Shower Tree,0.9763122797012328,High
IMG_6704.jpg,IMG,Maile West Corner,0,0.9644734263420104,Rainbow Shower Tree,0.9995805621147156,High,Rainbow Shower Tree,0.9875539541244508,High
IMG_6734.jpg,IMG,Maile West Corner,1,0.8839903473854065,Rainbow Shower Tree,0.99802964925766,High,Rainbow Shower Tree,0.9427649974822998,High
IMG_6772.jpg,IMG,Maile West Corner,1,0.7649532556533813,Rainbow Shower Tree,0.9997082352638244,High,Rainbow Shower Tree,0.984536111354828,High
IMG_6778.jpg,IMG,Maile West Corner,1,0.6993709206581116,Rainbow Shower Tree,0.9997591376304626,High,Rainbow Shower Tree,0.9872689247131348,High
IMG_6811.jpg,IMG,Maile West Corner,1,0.5135480761528015,Rainbow Shower Tree,0.9995471835136414,High,Rainbow Shower Tree,0.990114450454712,High
IMG_6850.jpg,IMG,Maile West Corner,0,0.9423776865005492,Rainbow Shower Tree,0.999624490737915,High,Rainbow Shower Tree,0.9848344326019288,High
IMG_6852.jpg,IMG,Maile West Corner,1,0.637002170085907,Rainbow Shower Tree,0.9993969202041626,High,Rainbow Shower Tree,0.9821881651878356,High
IMG_6891.jpg,IMG,Maile West Corner,1,0.9030625820159912,Rainbow Shower Tree,0.9996647834777832,High,Rainbow Shower Tree,0.992528796195984,High
IMG_6924.jpg,IMG,Maile West Corner,0,0.8621611595153809,Rainbow Shower Tree,0.9996789693832396,High,Rainbow Shower Tree,0.9914668798446656,High
IMG_6930.jpg,IMG,Maile West Corner,1,0.764162003993988,Rainbow Shower Tree,0.999931573867798,High,Rainbow Shower Tree,0.9960759282112122,High
IMG_6970.jpg,IMG,Maile West Corner,1,0.6641542315483093,Rainbow Shower Tree,0.9998950958251952,High,Rainbow Shower Tree,0.9968151450157166,High
IMG_6976.jpg,IMG,Maile West Corner,0,0.8083952069282532,Rainbow Shower Tree,0.9998021721839904,High,Rainbow Shower Tree,0.9920766353607178,High
IMG_7014.jpg,IMG,Maile West Corner,1,0.9019612073898317,Rainbow Shower Tree,0.9998303651809692,High,Rainbow Shower Tree,0.9896386861801147,High
IMG_7024.jpg,IMG,Maile West Corner,0,0.5446487665176392,Rainbow Shower Tree,0.9996390342712402,High,Rainbow Shower Tree,0.9889312386512756,High
IMG_7055.jpg,IMG,Maile West Corner,1,0.7742766737937927,Rainbow Shower Tree,0.9998952150344848,High,Rainbow Shower Tree,0.9975214600563048,High
IMG_7073.jpg,IMG,Maile West Corner,1,0.6118937730789185,Rainbow Shower Tree,0.9998175501823424,High,Rainbow Shower Tree,0.9977155923843384,High
IMG_7094.jpg,IMG,Maile West Corner,1,0.7923834919929504,Rainbow Shower Tree,0.9999452829360962,High,Rainbow Shower Tree,0.9963531494140624,High
IMG_7130.jpg,IMG,Maile West Corner,1,0.5159571170806885,Rainbow Shower Tree,0.9996140599250792,High,Rainbow Shower Tree,0.9901179671287536,High
IMG_7136.jpg,IMG,Maile West Corner,1,0.5897467732429504,Rainbow Shower Tree,0.9999359846115112,High,Rainbow Shower Tree,0.9975197911262512,High
IMG_7176 (1).jpg,IMG,Maile West Corner,0,0.6507709622383118,Rainbow Shower Tree,0.9997276663780212,High,Rainbow Shower Tree,0.9921914935112,High
IMG_7176.jpg,IMG,Maile West Corner,2,0.5352441668510437,Rainbow Shower Tree,0.9998121857643129,High,Rainbow Shower Tree,0.9914780259132384,High
IMG_7214.jpg,IMG,Maile West Corner,2,0.7376623153686523,Rainbow Shower Tree,0.9996774196624756,High,Rainbow Shower Tree,0.9936311841011048,High
IMG_7218.jpg,IMG,Maile West Corner,0,0.6775656342506409,Rainbow Shower Tree,0.9991464614868164,High,Rainbow Shower Tree,0.9839237332344056,High
IMG_7254.jpg,IMG,Maile West Corner,2,0.6167889833450317,Rainbow Shower Tree,0.9999083280563354,High,Rainbow Shower Tree,0.9928547739982604,High
IMG_7260.jpg,IMG,Maile West Corner,1,0.4749132990837097,Rainbow Shower Tree,0.998862624168396,High,Rainbow Shower Tree,0.9822905659675598,High
IMG_7295.jpg,IMG,Maile West Corner,2,0.822295069694519,Rainbow Shower Tree,0.999969720840454,High,Rainbow Shower Tree,0.9987215399742126,High
IMG_7333.jpg,IMG,Maile West Corner,2,0.6452435851097107,Rainbow Shower Tree,0.999922513961792,High,Rainbow Shower Tree,0.994465172290802,High
IMG_7369.jpg,IMG,Maile West Corner,2,0.7980930209159851,Rainbow Shower Tree,0.9998286962509156,High,Rainbow Shower Tree,0.9932697415351868,High
IMG_7408.jpg,IMG,Maile West Corner,1,0.6260116696357727,Rainbow Shower Tree,0.9997351765632628,High,Rainbow Shower Tree,0.991111934185028,High
IMG_7423.jpg,IMG,Maile West Corner,2,0.9009793400764464,Rainbow Shower Tree,0.9991695880889891,High,Rainbow Shower Tree,0.9846370220184326,High
IMG_7446.jpg,IMG,Maile West Corner,2,0.7105207443237305,Rainbow Shower Tree,0.9999579191207886,High,Rainbow Shower Tree,0.997788667678833,High
IMG_7466.jpg,IMG,Maile West Corner,2,0.8457924723625183,Rainbow Shower Tree,0.9995456337928772,High,Rainbow Shower Tree,0.990603506565094,High
IMG_7484.jpg,IMG,Maile West Corner,1,0.6232042908668518,Rainbow Shower Tree,0.9999138116836548,High,Rainbow Shower Tree,0.9946010112762452,High
IMG_7524.jpg,IMG,Maile West Corner,1,0.7872896790504456,Rainbow Shower Tree,0.999951958656311,High,Rainbow Shower Tree,0.9980216026306152,High
IMG_7525.jpg,IMG,Maile West Corner,2,0.8092836141586304,Rainbow Shower Tree,0.9927566647529602,High,Rainbow Shower Tree,0.8983094692230225,High
IMG_7562.jpg,IMG,Maile West Corner,1,0.8112823963165283,Rainbow Shower Tree,0.9999462366104126,High,Rainbow Shower Tree,0.9978938698768616,High
IMG_7570.jpg,IMG,Maile West Corner,2,0.6423869729042053,Rainbow Shower Tree,0.999746024608612,High,Rainbow Shower Tree,0.9964152574539183,High
IMG_7602.jpg,IMG,Maile West Corner,0,0.7386196255683899,Rainbow Shower Tree,0.9999390840530396,High,Rainbow Shower Tree,0.9980859756469728,High
IMG_7612.jpg,IMG,Maile West Corner,2,0.8520032167434692,Rainbow Shower Tree,0.9974695444107056,High,Rainbow Shower Tree,0.9526909589767456,High
IMG_7637.jpg,IMG,Maile West Corner,0,0.9111685156822203,Rainbow Shower Tree,0.9997794032096864,High,Rainbow Shower Tree,0.994722843170166,High
IMG_7674.jpg,IMG,Maile West Corner,0,0.9757442474365234,Rainbow Shower Tree,0.9997822642326356,High,Rainbow Shower Tree,0.9955920577049256,High
IMG_7703.jpg,IMG,Maile West Corner,2,0.8713973760604858,Rainbow Shower Tree,0.9924263954162598,High,Rainbow Shower Tree,0.9251278638839722,High
IMG_7709.jpg,IMG,Maile West Corner,0,0.936638116836548,Rainbow Shower Tree,0.9997972846031188,High,Rainbow Shower Tree,0.9915111660957336,High
IMG_7750.jpg,IMG,Maile West Corner,2,0.7218560576438904,Rainbow Shower Tree,0.9961426854133606,High,Rainbow Shower Tree,0.9536538124084472,High
IMG_7753.jpg,IMG,Maile West Corner,0,0.9568374156951904,Rainbow Shower Tree,0.9999914169311525,High,Rainbow Shower Tree,0.9991248250007628,High
IMG_7794 (1).jpg,IMG,Maile West Corner,3,0.7804692983627319,Rainbow Shower Tree,0.9971068501472472,High,Rainbow Shower Tree,0.934123694896698,High
IMG_7794.jpg,IMG,Maile West Corner,0,0.8948855400085449,Rainbow Shower Tree,0.9998793601989746,High,Rainbow Shower Tree,0.9944689273834229,High
IMG_7839.jpg,IMG,Maile West Corner,3,0.7452206611633301,Rainbow Shower Tree,0.999359667301178,High,Rainbow Shower Tree,0.9879459142684937,High
IMG_7840.jpg,IMG,Maile West Corner,0,0.8262878656387329,Rainbow Shower Tree,0.999984622001648,High,Rainbow Shower Tree,0.999081254005432,High
IMG_7872.jpg,IMG,Maile West Corner,0,0.9211063981056212,Rainbow Shower Tree,0.9999358654022216,High,Rainbow Shower Tree,0.9967479705810548,High
IMG_7882.jpg,IMG,Maile West Corner,3,0.875257670879364,Rainbow Shower Tree,0.9960818886756896,High,Rainbow Shower Tree,0.9143465161323548,High
IMG_7926.jpg,IMG,Maile West Corner,3,0.761325478553772,Rainbow Shower Tree,0.9990299940109252,High,Rainbow Shower Tree,0.9867008328437804,High
IMG_7934.jpg,IMG,Maile West Corner,0,0.8341063261032104,Rainbow Shower Tree,0.9999589920043944,High,Rainbow Shower Tree,0.9982736110687256,High
IMG_7943.jpg,IMG,Maile West Corner,3,0.6513308882713318,Rainbow Shower Tree,0.9997478127479552,High,Rainbow Shower Tree,0.9960783123970032,High
IMG_8006.jpg,IMG,Maile West Corner,0,0.9931135773658752,Rainbow Shower Tree,0.9999425411224364,High,Rainbow Shower Tree,0.998548686504364,High
IMG_8012.jpg,IMG,Maile West Corner,2,0.8035151958465576,Rainbow Shower Tree,0.997524082660675,High,Rainbow Shower Tree,0.9668945670127868,High
IMG_8061.jpg,IMG,Maile West Corner,2,0.6586380004882812,Rainbow Shower Tree,0.9997112154960632,High,Rainbow Shower Tree,0.9952894449234008,High
IMG_8063.jpg,IMG,Maile West Corner,0,0.960660457611084,Rainbow Shower Tree,0.999991536140442,High,Rainbow Shower Tree,0.9996021389961244,High
IMG_8096.jpg,IMG,Maile West Corner,2,0.6842029690742493,Rainbow Shower Tree,0.9971248507499696,High,Rainbow Shower Tree,0.9090644121170044,High
IMG_8131.jpg,IMG,Maile West Corner,0,0.9916860461235046,Rainbow Shower Tree,0.9999663829803468,High,Rainbow Shower Tree,0.9986097812652588,High
IMG_8137.jpg,IMG,Maile West Corner,1,0.7318187952041626,Rainbow Shower Tree,0.9994820952415466,High,Rainbow Shower Tree,0.9884254932403564,High
IMG_8156.jpg,IMG,Maile West Corner,0,0.9924752116203308,Rainbow Shower Tree,0.9998125433921814,High,Rainbow Shower Tree,0.9916201829910278,High
IMG_8198.jpg,IMG,Maile West Corner,1,0.8519777655601501,Rainbow Shower Tree,0.9936100840568542,High,Rainbow Shower Tree,0.8428592681884766,Medium
IMG_8234.jpg,IMG,Maile West Corner,0,0.996222734451294,Rainbow Shower Tree,0.9999468326568604,High,Rainbow Shower Tree,0.9980535507202148,High
IMG_8242.jpg,IMG,Maile West Corner,1,0.7132768034934998,Rainbow Shower Tree,0.998097002506256,High,Rainbow Shower Tree,0.965877115726471,High
IMG_8305.jpg,IMG,Maile West Corner,1,0.9093958139419556,Rainbow Shower Tree,0.9977228045463562,High,Rainbow Shower Tree,0.9435556530952454,High
IMG_8366.jpg,IMG,Maile West Corner,1,0.8098254203796387,Rainbow Shower Tree,0.9989929795265198,High,Rainbow Shower Tree,0.9694393277168274,High
IMG_8405.jpg,IMG,Maile West Corner,1,0.9361586570739746,Rainbow Shower Tree,0.9983856678009032,High,Rainbow Shower Tree,0.9520009756088256,High
IMG_8453.jpg,IMG,Maile West Corner,1,0.8415976166725159,Rainbow Shower Tree,0.9992244243621826,High,Rainbow Shower Tree,0.9736594557762146,High
IMG_8462.jpg,IMG,Maile West Corner,0,0.994079887866974,Rainbow Shower Tree,0.9999409914016724,High,Rainbow Shower Tree,0.9963435530662536,High
IMG_8495.jpg,IMG,Maile West Corner,1,0.8724743723869324,Rainbow Shower Tree,0.9998940229415894,High,Rainbow Shower Tree,0.996915340423584,High
IMG_8506.jpg,IMG,Maile West Corner,0,0.990706503391266,Rainbow Shower Tree,0.999964475631714,High,Rainbow Shower Tree,0.997284173965454,High
IMG_8537.jpg,IMG,Maile West Corner,1,0.642637312412262,Rainbow Shower Tree,0.9989240765571594,High,Rainbow Shower Tree,0.9725269675254822,High
IMG_8547.jpg,IMG,Maile West Corner,0,0.9981890320777892,Rainbow Shower Tree,0.9999887943267822,High,Rainbow Shower Tree,0.9992489218711852,High
IMG_8575.jpg,IMG,Maile West Corner,1,0.6840626001358032,Rainbow Shower Tree,0.9998177886009216,High,Rainbow Shower Tree,0.9905329942703248,High
IMG_8577.jpg,IMG,Maile West Corner,0,0.9981595873832704,Rainbow Shower Tree,0.9998089671134948,High,Rainbow Shower Tree,0.9901097416877748,High
IMG_8623.jpg,IMG,Maile West Corner,1,0.561835765838623,Rainbow Shower Tree,0.9996707439422609,High,Rainbow Shower Tree,0.9874069094657898,High
IMG_8647.jpg,IMG,Maile West Corner,0,0.9934413433074952,Rainbow Shower Tree,0.9989288449287416,High,Rainbow Shower Tree,0.9656458497047424,High
IMG_8658.jpg,IMG,Maile West Corner,1,0.5609921813011169,Rainbow Shower Tree,0.9957131147384644,High,Rainbow Shower Tree,0.9666646122932434,High
IMG_8708.jpg,IMG,Maile West Corner,0,0.9785948395729064,Rainbow Shower Tree,0.999479591846466,High,Rainbow Shower Tree,0.9862840175628662,High
IMG_8732.jpg,IMG,Maile West Corner,2,0.5515708327293396,Rainbow Shower Tree,0.999625325202942,High,Rainbow Shower Tree,0.9896682500839232,High
IMG_8749.jpg,IMG,Maile West Corner,0,0.9785617589950562,Rainbow Shower Tree,0.999680757522583,High,Rainbow Shower Tree,0.9859150648117064,High
IMG_8769.jpg,IMG,Maile West Corner,1,0.8345854878425598,Rainbow Shower Tree,0.9992997646331788,High,Rainbow Shower Tree,0.9824876189231871,High
IMG_8788.jpg,IMG,Maile West Corner,0,0.8415437936782837,Rainbow Shower Tree,0.999837040901184,High,Rainbow Shower Tree,0.992137610912323,High
IMG_8834.jpg,IMG,Maile West Corner,0,0.95750492811203,Rainbow Shower Tree,0.999836802482605,High,Rainbow Shower Tree,0.98918217420578,High
IMG_8841.jpg,IMG,Maile West Corner,1,0.6731846332550049,Rainbow Shower Tree,0.999567210674286,High,Rainbow Shower Tree,0.9878427982330322,High
IMG_8870.jpg,IMG,Maile West Corner,0,0.8716661930084229,Rainbow Shower Tree,0.9997218251228333,High,Rainbow Shower Tree,0.9920661449432372,High
IMG_8903.jpg,IMG,Maile West Corner,0,0.9693571925163268,Rainbow Shower Tree,0.999909520149231,High,Rainbow Shower Tree,0.9964817762374878,High
IMG_8931.jpg,IMG,Maile West Corner,0,0.9575238823890686,Rainbow Shower Tree,0.9998475313186646,High,Rainbow Shower Tree,0.990361213684082,High
IMG_8967.jpg,IMG,Maile West Corner,0,0.9930498600006104,Rainbow Shower Tree,0.9999871253967284,High,Rainbow Shower Tree,0.9983727931976318,High
IMG_8985.jpg,IMG,Maile West Corner,0,0.8561615943908691,Rainbow Shower Tree,0.9999489784240724,High,Rainbow Shower Tree,0.994506061077118,High
IMG_9030.jpg,IMG,Maile West Corner,0,0.9969208240509032,Rainbow Shower Tree,0.9999486207962036,High,Rainbow Shower Tree,0.997890293598175,High
IMG_9056.jpg,IMG,Maile West Corner,0,0.928318202495575,Rainbow Shower Tree,0.9999690055847168,High,Rainbow Shower Tree,0.9962092638015748,High
IMG_9072.jpg,IMG,Maile West Corner,0,0.9899851083755492,Rainbow Shower Tree,0.9995854496955872,High,Rainbow Shower Tree,0.9836028814315796,High
IMG_9114.jpg,IMG,Maile West Corner,0,0.9974494576454164,Rainbow Shower Tree,0.9999812841415404,High,Rainbow Shower Tree,0.9989381432533264,High
IMG_9123.jpg,IMG,Maile West Corner,0,0.98629629611969,Rainbow Shower Tree,0.999992847442627,High,Rainbow Shower Tree,0.9984757304191588,High
IMG_9164.jpg,IMG,Maile West Corner,0,0.9797570109367372,Rainbow Shower Tree,0.999609649181366,High,Rainbow Shower Tree,0.9875404238700868,High
IMG_9210.jpg,IMG,Maile West Corner,0,0.9579908847808838,Rainbow Shower Tree,0.9997016787528992,High,Rainbow Shower Tree,0.992472529411316,High
IMG_9214.jpg,IMG,Maile West Corner,0,0.992290198802948,Rainbow Shower Tree,0.999943733215332,High,Rainbow Shower Tree,0.9969275593757628,High
IMG_9275.jpg,IMG,Maile West Corner,0,0.9726024866104126,Rainbow Shower Tree,0.9997574687004088,High,Rainbow Shower Tree,0.9933322072029114,High
IMG_9276.jpg,IMG,Maile West Corner,0,0.994177222251892,Rainbow Shower Tree,0.9998657703399658,High,Rainbow Shower Tree,0.9873347282409668,High
IMG_9322.jpg,IMG,Maile West Corner,0,0.9510452151298524,Rainbow Shower Tree,0.9993407130241394,High,Rainbow Shower Tree,0.955101728439331,High
IMG_9351.jpg,IMG,Maile West Corner,0,0.8166159987449646,Rainbow Shower Tree,0.999796450138092,High,Rainbow Shower Tree,0.994288206100464,High
IMG_9352.jpg,IMG,Maile West Corner,0,0.9270544648170472,Rainbow Shower Tree,0.999886989593506,High,Rainbow Shower Tree,0.995936393737793,High
IMG_9379.jpg,IMG,Maile West Corner,0,0.9364609122276306,Rainbow Shower Tree,0.9992278814315796,High,Rainbow Shower Tree,0.9775250554084778,High
IMG_9418.jpg,IMG,Maile West Corner,0,0.7750499248504639,Rainbow Shower Tree,0.9998569488525392,High,Rainbow Shower Tree,0.9917355179786682,High
IMG_9432.jpg,IMG,Maile West Corner,0,0.8139480352401733,Rainbow Shower Tree,0.9998561143875122,High,Rainbow Shower Tree,0.9928929209709167,High
IMG_9460.jpg,IMG,Maile West Corner,0,0.9287960529327391,Rainbow Shower Tree,0.9996285438537598,High,Rainbow Shower Tree,0.9856826663017272,High
IMG_9476.jpg,IMG,Maile West Corner,0,0.96648508310318,Rainbow Shower Tree,0.9972304701805116,High,Rainbow Shower Tree,0.9562429785728456,High
IMG_9491.jpg,IMG,Maile West Corner,0,0.8963901400566101,Rainbow Shower Tree,0.999836802482605,High,Rainbow Shower Tree,0.9908113479614258,High
IMG_9530.jpg,IMG,Maile West Corner,0,0.9776248931884766,Rainbow Shower Tree,0.9996936321258544,High,Rainbow Shower Tree,0.9867201447486876,High
IMG_9533.jpg,IMG,Maile West Corner,0,0.9816771745681764,Rainbow Shower Tree,0.999718964099884,High,Rainbow Shower Tree,0.9924503564834596,High
IMG_9570.jpg,IMG,Maile West Corner,0,0.9995844960212708,Rainbow Shower Tree,0.999870538711548,High,Rainbow Shower Tree,0.9930598735809326,High
IMG_9573.jpg,IMG,Maile West Corner,0,0.9701610207557678,Rainbow Shower Tree,0.9996548891067504,High,Rainbow Shower Tree,0.9892102479934692,High
IMG_9612.jpg,IMG,Maile West Corner,0,0.99872225522995,Rainbow Shower Tree,0.999902367591858,High,Rainbow Shower Tree,0.996978998184204,High
IMG_9617.jpg,IMG,Maile West Corner,0,0.984306573867798,Rainbow Shower Tree,0.9994149208068848,High,Rainbow Shower Tree,0.9872859120368958,High
IMG_9656.jpg,IMG,Maile West Corner,1,0.6051462292671204,Rainbow Shower Tree,0.999669909477234,High,Rainbow Shower Tree,0.9846791625022888,High
IMG_9657.jpg,IMG,Maile West Corner,0,0.9914337396621704,Rainbow Shower Tree,0.9999089241027832,High,Rainbow Shower Tree,0.9941085577011108,High
IMG_9696.jpg,IMG,Maile West Corner,0,0.9288155436515808,Rainbow Shower Tree,0.9998674392700196,High,Rainbow Shower Tree,0.9924907088279724,High
IMG_9717.jpg,IMG,Maile West Corner,0,0.9824730157852172,Rainbow Shower Tree,0.9996834993362428,High,Rainbow Shower Tree,0.986041247844696,High
IMG_9737.jpg,IMG,Maile West Corner,0,0.8350868821144104,Rainbow Shower Tree,0.999947428703308,High,Rainbow Shower Tree,0.994296133518219,High
IMG_9779.jpg,IMG,Maile West Corner,0,0.9866983890533448,Rainbow Shower Tree,0.9997408986091614,High,Rainbow Shower Tree,0.991657018661499,High
IMG_9780.jpg,IMG,Maile West Corner,1,0.5359498262405396,Rainbow Shower Tree,0.9994487166404724,High,Rainbow Shower Tree,0.9861766695976256,High
IMG_9819.jpg,IMG,Maile West Corner,0,0.9405328631401062,Rainbow Shower Tree,0.9998558759689332,High,Rainbow Shower Tree,0.9928261041641236,High
IMG_9868.jpg,IMG,Maile West Corner,1,0.8220696449279785,Rainbow Shower Tree,0.997633695602417,High,Rainbow Shower Tree,0.9590736031532288,High
IMG_9895.jpg,IMG,Maile West Corner,0,0.9591935276985168,Rainbow Shower Tree,0.9996733665466307,High,Rainbow Shower Tree,0.9862641096115112,High
IMG_9914.jpg,IMG,Maile West Corner,1,0.5425937175750732,Rainbow Shower Tree,0.9996684789657592,High,Rainbow Shower Tree,0.9876754283905028,High
IMG_9939.jpg,IMG,Maile West Corner,0,0.9297834038734436,Rainbow Shower Tree,0.9993816614151,High,Rainbow Shower Tree,0.9689879417419434,High
IMG_9948.jpg,IMG,Maile West Corner,1,0.8692051768302917,Rainbow Shower Tree,0.9988806843757628,High,Rainbow Shower Tree,0.969302535057068,High
IMG_9979.jpg,IMG,Maile West Corner,1,0.7474497556686401,Rainbow Shower Tree,0.998551070690155,High,Rainbow Shower Tree,0.9614115357398988,High
