image,site,model1_class,model1_conf,model1_intensity,model2_class,model2_conf,model2_intensity
IMG_0004.jpg,Bombax_SE,Bombax Ceiba,0.9938940405845642,High,Bombax Ceiba,0.864898681640625,High
IMG_0049.jpg,Bombax_SE,Bombax Ceiba,0.9623629450798035,High,Bombax Ceiba,0.507872462272644,Low
IMG_0052.jpg,Bombax_SE,Bombax Ceiba,0.9989557266235352,High,Bombax Ceiba,0.9228735566139221,High
IMG_0090.jpg,Bombax_SE,Bombax Ceiba,0.9834250807762146,High,Bombax Ceiba,0.8096670508384705,Medium
IMG_0118.jpg,Bombax_SE,Bombax Ceiba,0.9911296367645264,High,Bombax Ceiba,0.8632393479347229,High
IMG_0131.jpg,Bombax_SE,Bombax Ceiba,0.9715082049369812,High,Bombax Ceiba,0.7979767322540283,Medium
IMG_0172.jpg,Bombax_SE,Bombax Ceiba,0.9929822683334351,High,Bombax Ceiba,0.9066216945648193,High
IMG_0193.jpg,Bombax_SE,Bombax Ceiba,0.9969874024391174,High,Bombax Ceiba,0.7975418567657471,Medium
IMG_0214.jpg,Bombax_SE,Bombax Ceiba,0.9882388114929199,High,Bombax Ceiba,0.7259901165962219,Medium
IMG_0259.jpg,Bombax_SE,Bombax Ceiba,0.9883884787559509,High,Bombax Ceiba,0.7763298153877258,Medium
IMG_0260.jpg,Bombax_SE,Bombax Ceiba,0.9906671643257141,High,Bombax Ceiba,0.7049603462219238,Medium
IMG_0305.jpg,Bombax_SE,Bombax Ceiba,0.9815705418586731,High,Bombax Ceiba,0.7240726947784424,Medium
IMG_0323.jpg,Bombax_SE,Bombax Ceiba,0.9953792095184326,High,Bombax Ceiba,0.8649309277534485,High
IMG_0378.jpg,Bombax_SE,Bombax Ceiba,0.981619119644165,High,Bombax Ceiba,0.8250686526298523,Medium
IMG_0396.jpg,Bombax_SE,Bombax Ceiba,0.873386800289154,High,Lunalilo Yellow Shower Tree,0.5141669511795044,Low
IMG_0421.jpg,Bombax_SE,Bombax Ceiba,0.9954853057861328,High,Bombax Ceiba,0.7674622535705566,Medium
IMG_0470.jpg,Bombax_SE,Bombax Ceiba,0.9782869219779968,High,Bombax Ceiba,0.7293124198913574,Medium
IMG_0515.jpg,Bombax_SE,Bombax Ceiba,0.9516118764877319,High,Bombax Ceiba,0.5342990756034851,Low
IMG_0521.jpg,Bombax_SE,Bombax Ceiba,0.947849690914154,High,Bombax Ceiba,0.6249855756759644,Medium
IMG_0533.jpg,Bombax_SE,Bombax Ceiba,0.9972100853919983,High,Bombax Ceiba,0.8701439499855042,High
IMG_0558.jpg,Bombax_SE,Bombax Ceiba,0.9623553156852722,High,Bombax Ceiba,0.55840665102005,Low
IMG_0574.jpg,Bombax_SE,Bombax Ceiba,0.9939223527908325,High,Bombax Ceiba,0.8195204734802246,Medium
IMG_0600.jpg,Bombax_SE,Bombax Ceiba,0.9952483773231506,High,Bombax Ceiba,0.8947774171829224,High
IMG_0641.jpg,Bombax_SE,Bombax Ceiba,0.9935674071311951,High,Bombax Ceiba,0.8706862926483154,High
IMG_0647.jpg,Bombax_SE,Bombax Ceiba,0.993362307548523,High,Bombax Ceiba,0.8244422078132629,Medium
IMG_0688.jpg,Bombax_SE,Bombax Ceiba,0.9622313976287842,High,Bombax Ceiba,0.70540452003479,Medium
IMG_0690.jpg,Bombax_SE,Bombax Ceiba,0.9904037714004517,High,Bombax Ceiba,0.664361834526062,Medium
IMG_0733.jpg,Bombax_SE,Bombax Ceiba,0.9890519976615906,High,Bombax Ceiba,0.8598181009292603,High
IMG_0737.jpg,Bombax_SE,Bombax Ceiba,0.9916960597038269,High,Bombax Ceiba,0.7380285263061523,Medium
IMG_0768.jpg,Bombax_SE,Bombax Ceiba,0.9459477663040161,High,Bombax Ceiba,0.6358444690704346,Medium
IMG_0780.jpg,Bombax_SE,Bombax Ceiba,0.9969456791877747,High,Bombax Ceiba,0.9056729078292847,High
IMG_0804.jpg,Bombax_SE,Bombax Ceiba,0.9793375730514526,High,Bombax Ceiba,0.6297950744628906,Medium
IMG_0819.jpg,Bombax_SE,Bombax Ceiba,0.9833975434303284,High,Bombax Ceiba,0.6236103773117065,Medium
IMG_0860.jpg,Bombax_SE,Bombax Ceiba,0.9973481893539429,High,Bombax Ceiba,0.8310245871543884,Medium
IMG_0871.jpg,Bombax_SE,Bombax Ceiba,0.9771721959114075,High,Bombax Ceiba,0.6958644986152649,Medium
IMG_0910.jpg,Bombax_SE,Bombax Ceiba,0.9910303354263306,High,Bombax Ceiba,0.7369171380996704,Medium
IMG_0946.jpg,Bombax_SE,Bombax Ceiba,0.9895548820495605,High,Bombax Ceiba,0.7311075925827026,Medium
IMG_0949.jpg,Bombax_SE,Bombax Ceiba,0.9882949590682983,High,Bombax Ceiba,0.6284387707710266,Medium
IMG_0987.jpg,Bombax_SE,Bombax Ceiba,0.9253359436988831,High,Bombax Ceiba,0.4375116527080536,Low
IMG_1016.jpg,Bombax_SE,Bombax Ceiba,0.973726749420166,High,Bombax Ceiba,0.6357701420783997,Medium
IMG_1025.jpg,Bombax_SE,Bombax Ceiba,0.959916353225708,High,Bombax Ceiba,0.6670164465904236,Medium
IMG_1062.jpg,Bombax_SE,Bombax Ceiba,0.9964183568954468,High,Bombax Ceiba,0.8657028675079346,High
IMG_1099.jpg,Bombax_SE,Bombax Ceiba,0.9955511093139648,High,Bombax Ceiba,0.8671393394470215,High
IMG_1116.jpg,Bombax_SE,Bombax Ceiba,0.9858204126358032,High,Bombax Ceiba,0.670373797416687,Medium
IMG_1144.jpg,Bombax_SE,Bombax Ceiba,0.9640903472900391,High,Lunalilo Yellow Shower Tree,0.4973445534706116,Low
IMG_1173.jpg,Bombax_SE,Bombax Ceiba,0.9709692001342773,High,Bombax Ceiba,0.6949188709259033,Medium
IMG_1215.jpg,Bombax_SE,Bombax Ceiba,0.9984561204910278,High,Bombax Ceiba,0.8770092725753784,High
IMG_1244.jpg,Bombax_SE,Bombax Ceiba,0.9520202279090881,High,Bombax Ceiba,0.642534613609314,Medium
IMG_1257.jpg,Bombax_SE,Bombax Ceiba,0.999211311340332,High,Bombax Ceiba,0.9613689184188843,High
IMG_1311.jpg,Bombax_SE,Bombax Ceiba,0.9996994733810425,High,Bombax Ceiba,0.980061948299408,High
IMG_1325.jpg,Bombax_SE,Bombax Ceiba,0.9997894167900085,High,Bombax Ceiba,0.9339103698730469,High
IMG_1343.jpg,Bombax_SE,Bombax Ceiba,0.9928324222564697,High,Bombax Ceiba,0.8040879368782043,Medium
IMG_1403.jpg,Bombax_SE,Bombax Ceiba,0.9986361861228943,High,Bombax Ceiba,0.8890743851661682,High
IMG_1417.jpg,Bombax_SE,Bombax Ceiba,0.9816771745681763,High,Bombax Ceiba,0.6194509863853455,Medium
IMG_1434.jpg,Bombax_SE,Bombax Ceiba,0.9995145797729492,High,Bombax Ceiba,0.9797461628913879,High
IMG_1454.jpg,Bombax_SE,Bombax Ceiba,0.9905638694763184,High,Bombax Ceiba,0.6848234534263611,Medium
IMG_1505.jpg,Bombax_SE,Bombax Ceiba,0.951015293598175,High,Bombax Ceiba,0.4404154419898987,Low
IMG_1511.jpg,Bombax_SE,Bombax Ceiba,0.9967421889305115,High,Bombax Ceiba,0.8371205925941467,Medium
IMG_1554.jpg,Bombax_SE,Bombax Ceiba,0.9933778643608093,High,Bombax Ceiba,0.6971846222877502,Medium
IMG_1558.jpg,Bombax_SE,Bombax Ceiba,0.993504524230957,High,Bombax Ceiba,0.6364133358001709,Medium
IMG_1598.jpg,Bombax_SE,Bombax Ceiba,0.9992077946662903,High,Bombax Ceiba,0.8586885929107666,High
IMG_1601.jpg,Bombax_SE,Bombax Ceiba,0.9828715324401855,High,Bombax Ceiba,0.7303876876831055,Medium
IMG_1642.jpg,Bombax_SE,Bombax Ceiba,0.9811107516288757,High,Bombax Ceiba,0.6122968792915344,Medium
IMG_1663.jpg,Bombax_SE,Bombax Ceiba,0.9965469241142273,High,Bombax Ceiba,0.8218514919281006,Medium
IMG_1677.jpg,Bombax_SE,Bombax Ceiba,0.9978189468383789,High,Bombax Ceiba,0.8653673529624939,High
IMG_1680.jpg,Bombax_SE,Bombax Ceiba,0.9972163438796997,High,Bombax Ceiba,0.9447726607322693,High
IMG_1717.jpg,Bombax_SE,Bombax Ceiba,0.9983398914337158,High,Bombax Ceiba,0.8608143329620361,High
IMG_1748.jpg,Bombax_SE,Bombax Ceiba,0.9967522621154785,High,Bombax Ceiba,0.8137369751930237,Medium
IMG_1766.jpg,Bombax_SE,Bombax Ceiba,0.9986948370933533,High,Bombax Ceiba,0.9413167238235474,High
IMG_1794.jpg,Bombax_SE,Bombax Ceiba,0.9996263980865479,High,Bombax Ceiba,0.9687846899032593,High
IMG_1834.jpg,Bombax_SE,Bombax Ceiba,0.9978113770484924,High,Bombax Ceiba,0.9293375015258789,High
IMG_1840.jpg,Bombax_SE,Bombax Ceiba,0.876943826675415,High,Lunalilo Yellow Shower Tree,0.6690549850463867,Medium
IMG_1879.jpg,Bombax_SE,Bombax Ceiba,0.9988117218017578,High,Bombax Ceiba,0.8953719139099121,High
IMG_1885.jpg,Bombax_SE,Bombax Ceiba,0.9962677359580994,High,Bombax Ceiba,0.8413411378860474,Medium
IMG_1902.jpg,Bombax_SE,Bombax Ceiba,0.9996285438537598,High,Bombax Ceiba,0.9656084179878235,High
IMG_1948.jpg,Bombax_SE,Bombax Ceiba,0.9927337169647217,High,Bombax Ceiba,0.7852842807769775,Medium
IMG_1979.jpg,Bombax_SE,Bombax Ceiba,0.9980079531669617,High,Bombax Ceiba,0.921554446220398,High
IMG_1988.jpg,Bombax_SE,Bombax Ceiba,0.9757357239723206,High,Bombax Ceiba,0.5785025954246521,Low
IMG_2012.jpg,Bombax_SE,Bombax Ceiba,0.9994182586669922,High,Bombax Ceiba,0.9332419633865356,High
IMG_2037.jpg,Bombax_SE,Bombax Ceiba,0.9922945499420166,High,Bombax Ceiba,0.6176077723503113,Medium
IMG_2052.jpg,Bombax_SE,Bombax Ceiba,0.9361506104469299,High,Lunalilo Yellow Shower Tree,0.550271213054657,Low
IMG_2055.jpg,Bombax_SE,Bombax Ceiba,0.9991063475608826,High,Bombax Ceiba,0.9205486178398132,High
IMG_2074.jpg,Bombax_SE,Bombax Ceiba,0.9800384640693665,High,Bombax Ceiba,0.8086749315261841,Medium
IMG_2088.jpg,Bombax_SE,Bombax Ceiba,0.9984000325202942,High,Bombax Ceiba,0.9429346919059753,High
IMG_2119.jpg,Bombax_SE,Bombax Ceiba,0.9888806343078613,High,Bombax Ceiba,0.7005375623703003,Medium
IMG_2135.jpg,Bombax_SE,Bombax Ceiba,0.9998290538787842,High,Bombax Ceiba,0.955693781375885,High
IMG_2146.jpg,Bombax_SE,Bombax Ceiba,0.9991278052330017,High,Bombax Ceiba,0.9544009566307068,High
IMG_2170.jpg,Bombax_SE,Bombax Ceiba,0.9943892359733582,High,Bombax Ceiba,0.7561324834823608,Medium
IMG_2184.jpg,Bombax_SE,Bombax Ceiba,0.9992140531539917,High,Bombax Ceiba,0.909974217414856,High
IMG_2200.jpg,Bombax_SE,Bombax Ceiba,0.9942474365234375,High,Bombax Ceiba,0.8613541126251221,High
IMG_2207.jpg,Bombax_SE,Bombax Ceiba,0.9984922409057617,High,Bombax Ceiba,0.8840575218200684,High
IMG_2212.jpg,Bombax_SE,Bombax Ceiba,0.9979967474937439,High,Bombax Ceiba,0.8279724717140198,Medium
IMG_2255.jpg,Bombax_SE,Bombax Ceiba,0.975906491279602,High,Bombax Ceiba,0.5187004208564758,Low
IMG_2263.jpg,Bombax_SE,Bombax Ceiba,0.9989734888076782,High,Bombax Ceiba,0.948411762714386,High
IMG_2287.jpg,Bombax_SE,Bombax Ceiba,0.9996028542518616,High,Bombax Ceiba,0.9439744353294373,High
IMG_2299.jpg,Bombax_SE,Bombax Ceiba,0.9982919096946716,High,Bombax Ceiba,0.8222988247871399,Medium
IMG_2339.jpg,Bombax_SE,Bombax Ceiba,0.9932299852371216,High,Bombax Ceiba,0.9205992221832275,High
IMG_2342.jpg,Bombax_SE,Bombax Ceiba,0.9912018775939941,High,Bombax Ceiba,0.7622058987617493,Medium
IMG_2369.jpg,Bombax_SE,Bombax Ceiba,0.9996968507766724,High,Bombax Ceiba,0.9560614228248596,High
IMG_2377.jpg,Bombax_SE,Bombax Ceiba,0.9474694132804871,High,Lunalilo Yellow Shower Tree,0.6122438907623291,Medium
IMG_2424.jpg,Bombax_SE,Bombax Ceiba,0.9988032579421997,High,Bombax Ceiba,0.887525200843811,High
IMG_2437.jpg,Bombax_SE,Bombax Ceiba,0.9938979744911194,High,Bombax Ceiba,0.6851581931114197,Medium
IMG_2442.jpg,Bombax_SE,Bombax Ceiba,0.996749997138977,High,Bombax Ceiba,0.8014248609542847,Medium
IMG_2489.jpg,Bombax_SE,Bombax Ceiba,0.9992850422859192,High,Bombax Ceiba,0.9106268286705017,High
IMG_2493.jpg,Bombax_SE,Bombax Ceiba,0.9955196380615234,High,Bombax Ceiba,0.8339921236038208,Medium
IMG_2507.jpg,Bombax_SE,Bombax Ceiba,0.996980607509613,High,Bombax Ceiba,0.8966333270072937,High
IMG_2515.jpg,Bombax_SE,Bombax Ceiba,0.9915724992752075,High,Bombax Ceiba,0.712652325630188,Medium
IMG_2575.jpg,Bombax_SE,Bombax Ceiba,0.9985009431838989,High,Bombax Ceiba,0.8763793110847473,High
IMG_2588.jpg,Bombax_SE,Bombax Ceiba,0.9971604347229004,High,Bombax Ceiba,0.8293308019638062,Medium
IMG_2650.jpg,Bombax_SE,Bombax Ceiba,0.9974400997161865,High,Bombax Ceiba,0.8344582915306091,Medium
IMG_2661.jpg,Bombax_SE,Bombax Ceiba,0.9991207718849182,High,Bombax Ceiba,0.9325692653656006,High
IMG_2662.jpg,Bombax_SE,Bombax Ceiba,0.9980477094650269,High,Bombax Ceiba,0.894574761390686,High
IMG_2671.jpg,Bombax_SE,Bombax Ceiba,0.9988982677459717,High,Bombax Ceiba,0.9471029043197632,High
IMG_2712.jpg,Bombax_SE,Bombax Ceiba,0.9987632036209106,High,Bombax Ceiba,0.905118465423584,High
IMG_2746.jpg,Bombax_SE,Bombax Ceiba,0.9473187327384949,High,Bombax Ceiba,0.6523563265800476,Medium
IMG_2797.jpg,Bombax_SE,Bombax Ceiba,0.999137282371521,High,Bombax Ceiba,0.9137446284294128,High
IMG_2800.jpg,Bombax_SE,Bombax Ceiba,0.9945427179336548,High,Bombax Ceiba,0.8546159863471985,High
IMG_2811.jpg,Bombax_SE,Bombax Ceiba,0.9973251819610596,High,Bombax Ceiba,0.8988021016120911,High
IMG_2820.jpg,Bombax_SE,Bombax Ceiba,0.9932354092597961,High,Bombax Ceiba,0.6838492751121521,Medium
IMG_2834.jpg,Bombax_SE,Bombax Ceiba,0.9975593090057373,High,Bombax Ceiba,0.922366201877594,High
IMG_2884.jpg,Bombax_SE,Bombax Ceiba,0.9879092574119568,High,Bombax Ceiba,0.48002293705940247,Low
IMG_2926.jpg,Bombax_SE,Bombax Ceiba,0.959665060043335,High,Bombax Ceiba,0.4698460102081299,Low
IMG_3012.jpg,Bombax_SE,Bombax Ceiba,0.9553849101066589,High,Lunalilo Yellow Shower Tree,0.4501199722290039,Low
IMG_3053.jpg,Bombax_SE,Bombax Ceiba,0.8708793520927429,High,Bombax Ceiba,0.5233115553855896,Low
IMG_3097.jpg,Bombax_SE,Bombax Ceiba,0.9394974112510681,High,Bombax Ceiba,0.5159502625465393,Low
IMG_3143.jpg,Bombax_SE,Bombax Ceiba,0.9807547330856323,High,Bombax Ceiba,0.668781578540802,Medium
IMG_3186.jpg,Bombax_SE,Bombax Ceiba,0.9975301623344421,High,Bombax Ceiba,0.8491137027740479,Medium
IMG_3228.jpg,Bombax_SE,Bombax Ceiba,0.9259029030799866,High,Bombax Ceiba,0.6127538084983826,Medium
IMG_3278.jpg,Bombax_SE,Bombax Ceiba,0.9990772008895874,High,Bombax Ceiba,0.9378313422203064,High
IMG_3330.jpg,Bombax_SE,Bombax Ceiba,0.9684873223304749,High,Bombax Ceiba,0.5725806355476379,Low
IMG_3378.jpg,Bombax_SE,Bombax Ceiba,0.998971700668335,High,Bombax Ceiba,0.9165487289428711,High
IMG_3527.jpg,Bombax_SE,Bombax Ceiba,0.9811418652534485,High,Bombax Ceiba,0.8214488625526428,Medium
IMG_3566.jpg,Bombax_SE,Bombax Ceiba,0.952075719833374,High,Bombax Ceiba,0.5008916854858398,Low
IMG_3612.jpg,Bombax_SE,Bombax Ceiba,0.9764093160629272,High,Bombax Ceiba,0.6959391236305237,Medium
IMG_3652.jpg,Bombax_SE,Bombax Ceiba,0.9744746088981628,High,Bombax Ceiba,0.7147660255432129,Medium
IMG_3695.jpg,Bombax_SE,Bombax Ceiba,0.9804962277412415,High,Bombax Ceiba,0.7284332513809204,Medium
IMG_3742.jpg,Bombax_SE,Bombax Ceiba,0.9926786422729492,High,Bombax Ceiba,0.8582425117492676,High
IMG_3783.jpg,Bombax_SE,Bombax Ceiba,0.9307915568351746,High,Bombax Ceiba,0.5852596759796143,Low
IMG_3825.jpg,Bombax_SE,Bombax Ceiba,0.9560985565185547,High,Bombax Ceiba,0.5501964688301086,Low
IMG_3866.jpg,Bombax_SE,Bombax Ceiba,0.991387665271759,High,Bombax Ceiba,0.806215226650238,Medium
IMG_3912.jpg,Bombax_SE,Bombax Ceiba,0.9803526401519775,High,Bombax Ceiba,0.6272953748703003,Medium
IMG_3951.jpg,Bombax_SE,Bombax Ceiba,0.9929400682449341,High,Bombax Ceiba,0.833418071269989,Medium
IMG_3990.jpg,Bombax_SE,Bombax Ceiba,0.9855285286903381,High,Bombax Ceiba,0.6427115201950073,Medium
IMG_4101.jpg,Bombax_SE,Bombax Ceiba,0.9970012307167053,High,Bombax Ceiba,0.8952318429946899,High
IMG_4139.jpg,Bombax_SE,Bombax Ceiba,0.9934459328651428,High,Bombax Ceiba,0.822098433971405,Medium
IMG_4181.jpg,Bombax_SE,Bombax Ceiba,0.989143431186676,High,Bombax Ceiba,0.7146381139755249,Medium
IMG_4227.jpg,Bombax_SE,Bombax Ceiba,0.9945462942123413,High,Bombax Ceiba,0.8251621127128601,Medium
IMG_4275.jpg,Bombax_SE,Bombax Ceiba,0.9782887697219849,High,Bombax Ceiba,0.8110553622245789,Medium
IMG_4318.jpg,Bombax_SE,Bombax Ceiba,0.9977084398269653,High,Bombax Ceiba,0.9071669578552246,High
IMG_4359.jpg,Bombax_SE,Bombax Ceiba,0.986534595489502,High,Bombax Ceiba,0.7406718730926514,Medium
IMG_4407.jpg,Bombax_SE,Bombax Ceiba,0.9986207485198975,High,Bombax Ceiba,0.898189902305603,High
IMG_4433.jpg,Bombax_SE,Bombax Ceiba,0.9172470569610596,High,Lunalilo Yellow Shower Tree,0.5943014025688171,Low
IMG_4454.jpg,Bombax_SE,Bombax Ceiba,0.9729700088500977,High,Bombax Ceiba,0.6029024720191956,Medium
IMG_4495.jpg,Bombax_SE,Bombax Ceiba,0.9970192909240723,High,Bombax Ceiba,0.8306396007537842,Medium
IMG_4541.jpg,Bombax_SE,Bombax Ceiba,0.9984831213951111,High,Bombax Ceiba,0.921963632106781,High
IMG_4544.jpg,Bombax_SE,Bombax Ceiba,0.9854812026023865,High,Bombax Ceiba,0.6750127673149109,Medium
IMG_4589.jpg,Bombax_SE,Bombax Ceiba,0.9989985823631287,High,Bombax Ceiba,0.9454454779624939,High
IMG_4635.jpg,Bombax_SE,Bombax Ceiba,0.9873024225234985,High,Bombax Ceiba,0.698355495929718,Medium
IMG_4691.jpg,Bombax_SE,Bombax Ceiba,0.9974015951156616,High,Bombax Ceiba,0.8805829286575317,High
IMG_4741.jpg,Bombax_SE,Bombax Ceiba,0.9986932873725891,High,Bombax Ceiba,0.9131509065628052,High
IMG_4791.jpg,Bombax_SE,Bombax Ceiba,0.9980449676513672,High,Bombax Ceiba,0.9020991325378418,High
IMG_4863.jpg,Bombax_SE,Bombax Ceiba,0.9771164059638977,High,Bombax Ceiba,0.6749686002731323,Medium
IMG_4873.jpg,Bombax_SE,Bombax Ceiba,0.9974387884140015,High,Bombax Ceiba,0.9304050207138062,High
IMG_4921.jpg,Bombax_SE,Bombax Ceiba,0.9913210272789001,High,Bombax Ceiba,0.7350049614906311,Medium
IMG_4972.jpg,Bombax_SE,Bombax Ceiba,0.9954924583435059,High,Bombax Ceiba,0.8063333034515381,Medium
IMG_5013.jpg,Bombax_SE,Bombax Ceiba,0.9947745203971863,High,Bombax Ceiba,0.8247156739234924,Medium
IMG_5066.jpg,Bombax_SE,Bombax Ceiba,0.9830900430679321,High,Bombax Ceiba,0.6189294457435608,Medium
IMG_5118.jpg,Bombax_SE,Bombax Ceiba,0.9985030889511108,High,Bombax Ceiba,0.8452150225639343,Medium
IMG_5195.jpg,Bombax_SE,Bombax Ceiba,0.9944538474082947,High,Bombax Ceiba,0.7311404943466187,Medium
IMG_5261.jpg,Bombax_SE,Bombax Ceiba,0.9990222454071045,High,Bombax Ceiba,0.9308793544769287,High
IMG_5306.jpg,Bombax_SE,Bombax Ceiba,0.9948745369911194,High,Bombax Ceiba,0.8155698180198669,Medium
IMG_5348.jpg,Bombax_SE,Bombax Ceiba,0.9816532731056213,High,Bombax Ceiba,0.5088184475898743,Low
IMG_5400.jpg,Bombax_SE,Bombax Ceiba,0.9979327917098999,High,Bombax Ceiba,0.8913676142692566,High
IMG_5447.jpg,Bombax_SE,Bombax Ceiba,0.9993494153022766,High,Bombax Ceiba,0.9122376441955566,High
IMG_5495.jpg,Bombax_SE,Bombax Ceiba,0.9998471736907959,High,Bombax Ceiba,0.9808041453361511,High
IMG_5573.jpg,Bombax_SE,Bombax Ceiba,0.9978815913200378,High,Bombax Ceiba,0.8676251173019409,High
IMG_5690.jpg,Bombax_SE,Bombax Ceiba,0.9987444877624512,High,Bombax Ceiba,0.9154984354972839,High
IMG_5702.jpg,Bombax_SE,Bombax Ceiba,0.9995717406272888,High,Bombax Ceiba,0.933617889881134,High
IMG_5744.jpg,Bombax_SE,Bombax Ceiba,0.9912126660346985,High,Bombax Ceiba,0.7158850431442261,Medium
IMG_5768.jpg,Bombax_SE,Bombax Ceiba,0.9988161325454712,High,Bombax Ceiba,0.9068173170089722,High
IMG_5810.jpg,Bombax_SE,Bombax Ceiba,0.9709684252738953,High,Bombax Ceiba,0.6833453178405762,Medium
IMG_5821.jpg,Bombax_SE,Bombax Ceiba,0.996040940284729,High,Bombax Ceiba,0.7848466634750366,Medium
IMG_5843.jpg,Bombax_SE,Bombax Ceiba,0.9988141059875488,High,Bombax Ceiba,0.9123052954673767,High
IMG_5901.jpg,Bombax_SE,Bombax Ceiba,0.9993928670883179,High,Bombax Ceiba,0.9388920664787292,High
IMG_5924.jpg,Bombax_SE,Bombax Ceiba,0.9943201541900635,High,Bombax Ceiba,0.7605897188186646,Medium
IMG_5964.jpg,Bombax_SE,Bombax Ceiba,0.9990512728691101,High,Bombax Ceiba,0.8126084208488464,Medium
IMG_5973.jpg,Bombax_SE,Bombax Ceiba,0.9997169375419617,High,Bombax Ceiba,0.9703388214111328,High
IMG_6022.jpg,Bombax_SE,Bombax Ceiba,0.9923679232597351,High,Bombax Ceiba,0.8829493522644043,High
IMG_6023.jpg,Bombax_SE,Bombax Ceiba,0.9986646175384521,High,Bombax Ceiba,0.9341195225715637,High
IMG_6030.jpg,Bombax_SE,Bombax Ceiba,0.9940894842147827,High,Bombax Ceiba,0.7931756973266602,Medium
IMG_6088.jpg,Bombax_SE,Bombax Ceiba,0.9996026158332825,High,Bombax Ceiba,0.9077585935592651,High
IMG_6090.jpg,Bombax_SE,Bombax Ceiba,0.9993041753768921,High,Bombax Ceiba,0.8995874524116516,High
IMG_6179.jpg,Bombax_SE,Bombax Ceiba,0.9928439259529114,High,Bombax Ceiba,0.9308682680130005,High
IMG_6299.jpg,Bombax_SE,Bombax Ceiba,0.9992096424102783,High,Bombax Ceiba,0.9132899045944214,High
IMG_6342.jpg,Bombax_SE,Bombax Ceiba,0.9990444779396057,High,Bombax Ceiba,0.910203754901886,High
IMG_6361.jpg,Bombax_SE,Bombax Ceiba,0.9995903372764587,High,Bombax Ceiba,0.9671470522880554,High
IMG_6446.jpg,Bombax_SE,Bombax Ceiba,0.9984949827194214,High,Bombax Ceiba,0.8650484085083008,High
IMG_6454.jpg,Bombax_SE,Bombax Ceiba,0.9992638230323792,High,Bombax Ceiba,0.9520342350006104,High
IMG_6483.jpg,Bombax_SE,Bombax Ceiba,0.999480664730072,High,Bombax Ceiba,0.9528307914733887,High
IMG_6569.jpg,Bombax_SE,Bombax Ceiba,0.9961342811584473,High,Bombax Ceiba,0.8536788821220398,High
IMG_6597.jpg,Bombax_SE,Bombax Ceiba,0.9981094598770142,High,Bombax Ceiba,0.8293805718421936,Medium
IMG_6642.jpg,Bombax_SE,Bombax Ceiba,0.9996817111968994,High,Bombax Ceiba,0.9343503713607788,High
IMG_6679.jpg,Bombax_SE,Bombax Ceiba,0.9952778816223145,High,Bombax Ceiba,0.7575130462646484,Medium
IMG_6726.jpg,Bombax_SE,Bombax Ceiba,0.9973275661468506,High,Bombax Ceiba,0.8133498430252075,Medium
IMG_6751.jpg,Bombax_SE,Bombax Ceiba,0.981913149356842,High,Bombax Ceiba,0.6109718084335327,Medium
IMG_6798.jpg,Bombax_SE,Bombax Ceiba,0.9982665777206421,High,Bombax Ceiba,0.8025447130203247,Medium
IMG_6826.jpg,Bombax_SE,Bombax Ceiba,0.9987499713897705,High,Bombax Ceiba,0.9347622394561768,High
IMG_6877.jpg,Bombax_SE,Bombax Ceiba,0.856139600276947,High,Lunalilo Yellow Shower Tree,0.6044256687164307,Medium
IMG_6901.jpg,Bombax_SE,Bombax Ceiba,0.9983687996864319,High,Bombax Ceiba,0.9074341654777527,High
IMG_6951.jpg,Bombax_SE,Bombax Ceiba,0.991463840007782,High,Bombax Ceiba,0.6814888715744019,Medium
IMG_7001.jpg,Bombax_SE,Bombax Ceiba,0.9971145391464233,High,Bombax Ceiba,0.8340487480163574,Medium
IMG_7051.jpg,Bombax_SE,Bombax Ceiba,0.9987818598747253,High,Bombax Ceiba,0.8756834864616394,High
IMG_7107.jpg,Bombax_SE,Bombax Ceiba,0.9922709465026855,High,Bombax Ceiba,0.7927513122558594,Medium
IMG_7153.jpg,Bombax_SE,Bombax Ceiba,0.9860355854034424,High,Bombax Ceiba,0.6058856248855591,Medium
IMG_7195.jpg,Bombax_SE,Bombax Ceiba,0.9966779947280884,High,Bombax Ceiba,0.8966798782348633,High
IMG_7237.jpg,Bombax_SE,Bombax Ceiba,0.9964290261268616,High,Bombax Ceiba,0.8788750767707825,High
IMG_7400.jpg,Bombax_SE,Bombax Ceiba,0.995541512966156,High,Bombax Ceiba,0.8226156830787659,Medium
IMG_7443.jpg,Bombax_SE,Bombax Ceiba,0.9960839748382568,High,Bombax Ceiba,0.7851305603981018,Medium
IMG_7501.jpg,Bombax_SE,Bombax Ceiba,0.9671114683151245,High,Bombax Ceiba,0.592943012714386,Low
IMG_7545.jpg,Bombax_SE,Bombax Ceiba,0.9735681414604187,High,Bombax Ceiba,0.6460235714912415,Medium
IMG_7589.jpg,Bombax_SE,Bombax Ceiba,0.9503283500671387,High,Lunalilo Yellow Shower Tree,0.43989452719688416,Low
IMG_7677.jpg,Bombax_SE,Bombax Ceiba,0.9727150201797485,High,Bombax Ceiba,0.6356269121170044,Medium
IMG_7727.jpg,Bombax_SE,Bombax Ceiba,0.9835789203643799,High,Bombax Ceiba,0.6240504384040833,Medium
IMG_7770.jpg,Bombax_SE,Bombax Ceiba,0.9912331700325012,High,Bombax Ceiba,0.6148204207420349,Medium
IMG_7776.jpg,Bombax_SE,Bombax Ceiba,0.9980019927024841,High,Bombax Ceiba,0.8914883136749268,High
IMG_7813.jpg,Bombax_SE,Bombax Ceiba,0.9840331673622131,High,Bombax Ceiba,0.6714192628860474,Medium
IMG_7818.jpg,Bombax_SE,Bombax Ceiba,0.9893354773521423,High,Bombax Ceiba,0.5975157022476196,Low
IMG_7854.jpg,Bombax_SE,Bombax Ceiba,0.9925121068954468,High,Bombax Ceiba,0.6767451763153076,Medium
IMG_7857.jpg,Bombax_SE,Bombax Ceiba,0.9962342381477356,High,Bombax Ceiba,0.8109163641929626,Medium
IMG_7896.jpg,Bombax_SE,Bombax Ceiba,0.9971938133239746,High,Bombax Ceiba,0.8390332460403442,Medium
IMG_7903.jpg,Bombax_SE,Bombax Ceiba,0.9907569289207458,High,Bombax Ceiba,0.8144387006759644,Medium
IMG_7919.jpg,Bombax_SE,Bombax Ceiba,0.9960615038871765,High,Bombax Ceiba,0.8988490700721741,High
IMG_7958.jpg,Bombax_SE,Bombax Ceiba,0.9986391663551331,High,Bombax Ceiba,0.8243283629417419,Medium
IMG_7974.jpg,Bombax_SE,Bombax Ceiba,0.9825605750083923,High,Bombax Ceiba,0.7511423826217651,Medium
IMG_7983.jpg,Bombax_SE,Bombax Ceiba,0.9992200136184692,High,Bombax Ceiba,0.8772209882736206,High
IMG_7987.jpg,Bombax_SE,Bombax Ceiba,0.9858646392822266,High,Bombax Ceiba,0.6594157218933105,Medium
IMG_8028.jpg,Bombax_SE,Bombax Ceiba,0.9987612962722778,High,Bombax Ceiba,0.8750261664390564,High
IMG_8031.jpg,Bombax_SE,Bombax Ceiba,0.9958887696266174,High,Bombax Ceiba,0.6711257100105286,Medium
IMG_8045.jpg,Bombax_SE,Bombax Ceiba,0.9997496008872986,High,Bombax Ceiba,0.9746993780136108,High
IMG_8071.jpg,Bombax_SE,Bombax Ceiba,0.9968029260635376,High,Bombax Ceiba,0.9062539935112,High
IMG_8086.jpg,Bombax_SE,Bombax Ceiba,0.9821057319641113,High,Bombax Ceiba,0.6161928772926331,Medium
IMG_8108.jpg,Bombax_SE,Bombax Ceiba,0.9988071918487549,High,Bombax Ceiba,0.9421982765197754,High
IMG_8116.jpg,Bombax_SE,Bombax Ceiba,0.9952064156532288,High,Bombax Ceiba,0.8013168573379517,Medium
IMG_8138.jpg,Bombax_SE,Bombax Ceiba,0.9846712350845337,High,Bombax Ceiba,0.5484459400177002,Low
IMG_8178.jpg,Bombax_SE,Bombax Ceiba,0.9974714517593384,High,Bombax Ceiba,0.8571792244911194,High
IMG_8179.jpg,Bombax_SE,Bombax Ceiba,0.9978006482124329,High,Bombax Ceiba,0.8995152115821838,High
IMG_8213.jpg,Bombax_SE,Bombax Ceiba,0.9951699376106262,High,Bombax Ceiba,0.8198674321174622,Medium
IMG_8223.jpg,Bombax_SE,Bombax Ceiba,0.9988773465156555,High,Bombax Ceiba,0.8500815629959106,High
IMG_8255.jpg,Bombax_SE,Bombax Ceiba,0.9744147658348083,High,Bombax Ceiba,0.5546271204948425,Low
IMG_8286.jpg,Bombax_SE,Bombax Ceiba,0.9770525693893433,High,Bombax Ceiba,0.5354415774345398,Low
IMG_8344.jpg,Bombax_SE,Bombax Ceiba,0.9606845378875732,High,Bombax Ceiba,0.5544164180755615,Low
IMG_8386.jpg,Bombax_SE,Bombax Ceiba,0.9657492637634277,High,Bombax Ceiba,0.5561206340789795,Low
IMG_8433.jpg,Bombax_SE,Bombax Ceiba,0.970660924911499,High,Bombax Ceiba,0.7207196950912476,Medium
IMG_8447.jpg,Bombax_SE,Bombax Ceiba,0.8206263780593872,Medium,Bombax Ceiba,0.3457314372062683,Low
IMG_8478.jpg,Bombax_SE,Bombax Ceiba,0.9941978454589844,High,Bombax Ceiba,0.8348089456558228,Medium
IMG_8487.jpg,Bombax_SE,Bombax Ceiba,0.9996132254600525,High,Bombax Ceiba,0.9666770696640015,High
IMG_8518.jpg,Bombax_SE,Bombax Ceiba,0.9832874536514282,High,Bombax Ceiba,0.6115543842315674,Medium
IMG_8529.jpg,Bombax_SE,Bombax Ceiba,0.999936580657959,High,Bombax Ceiba,0.9842942953109741,High
IMG_8556.jpg,Bombax_SE,Bombax Ceiba,0.9977943897247314,High,Bombax Ceiba,0.8994874358177185,High
IMG_8558.jpg,Bombax_SE,Bombax Ceiba,0.9995051622390747,High,Bombax Ceiba,0.9692835211753845,High
IMG_8596.jpg,Bombax_SE,Bombax Ceiba,0.9755932092666626,High,Bombax Ceiba,0.6715616583824158,Medium
IMG_8599.jpg,Bombax_SE,Bombax Ceiba,0.999799907207489,High,Bombax Ceiba,0.9791234731674194,High
IMG_8604.jpg,Bombax_SE,Bombax Ceiba,0.9900926947593689,High,Bombax Ceiba,0.7813872694969177,Medium
IMG_8627.jpg,Bombax_SE,Bombax Ceiba,0.9998140931129456,High,Bombax Ceiba,0.9598231911659241,High
IMG_8640.jpg,Bombax_SE,Bombax Ceiba,0.9287926554679871,High,Bombax Ceiba,0.4567357897758484,Low
IMG_8669.jpg,Bombax_SE,Bombax Ceiba,0.9982367753982544,High,Bombax Ceiba,0.9280136823654175,High
IMG_8688.jpg,Bombax_SE,Bombax Ceiba,0.9907689690589905,High,Bombax Ceiba,0.8940616846084595,High
IMG_8712.jpg,Bombax_SE,Bombax Ceiba,0.9788630604743958,High,Bombax Ceiba,0.5034162402153015,Low
IMG_8731.jpg,Bombax_SE,Bombax Ceiba,0.9895516037940979,High,Bombax Ceiba,0.6903548240661621,Medium
IMG_8771.jpg,Bombax_SE,Bombax Ceiba,0.9990214109420776,High,Bombax Ceiba,0.9112768769264221,High
IMG_8789.jpg,Bombax_SE,Bombax Ceiba,0.9941337704658508,High,Bombax Ceiba,0.7730844020843506,Medium
IMG_8803.jpg,Bombax_SE,Bombax Ceiba,0.9924928545951843,High,Bombax Ceiba,0.8150121569633484,Medium
IMG_8814.jpg,Bombax_SE,Bombax Ceiba,0.9987503290176392,High,Bombax Ceiba,0.8713268041610718,High
IMG_8820.jpg,Bombax_SE,Bombax Ceiba,0.9877766370773315,High,Bombax Ceiba,0.5820645093917847,Low
IMG_8856.jpg,Bombax_SE,Bombax Ceiba,0.9994916915893555,High,Bombax Ceiba,0.9557859301567078,High
IMG_8885.jpg,Bombax_SE,Bombax Ceiba,0.9990882873535156,High,Bombax Ceiba,0.8834296464920044,High
IMG_8891.jpg,Bombax_SE,Bombax Ceiba,0.9937083721160889,High,Bombax Ceiba,0.7632542848587036,Medium
IMG_8911.jpg,Bombax_SE,Bombax Ceiba,0.9809603691101074,High,Bombax Ceiba,0.6425034403800964,Medium
IMG_8925.jpg,Bombax_SE,Bombax Ceiba,0.9999363422393799,High,Bombax Ceiba,0.9621632695198059,High
IMG_8945.jpg,Bombax_SE,Bombax Ceiba,0.9945502877235413,High,Bombax Ceiba,0.8213986754417419,Medium
IMG_8948.jpg,Bombax_SE,Bombax Ceiba,0.9948285222053528,High,Bombax Ceiba,0.758194625377655,Medium
IMG_8971.jpg,Bombax_SE,Bombax Ceiba,0.9962819218635559,High,Bombax Ceiba,0.7387068867683411,Medium
IMG_9010.jpg,Bombax_SE,Bombax Ceiba,0.995310366153717,High,Bombax Ceiba,0.7392692565917969,Medium
IMG_9011.jpg,Bombax_SE,Bombax Ceiba,0.9981897473335266,High,Bombax Ceiba,0.8588342666625977,High
IMG_9036.jpg,Bombax_SE,Bombax Ceiba,0.992583155632019,High,Bombax Ceiba,0.5947945713996887,Low
IMG_9053.jpg,Bombax_SE,Bombax Ceiba,0.9867603778839111,High,Bombax Ceiba,0.6972270011901855,Medium
IMG_9080.jpg,Bombax_SE,Bombax Ceiba,0.9822860360145569,High,Bombax Ceiba,0.5744864344596863,Low
IMG_9093.jpg,Bombax_SE,Bombax Ceiba,0.9998610019683838,High,Bombax Ceiba,0.9737920761108398,High
IMG_9106.jpg,Bombax_SE,Bombax Ceiba,0.9956556558609009,High,Bombax Ceiba,0.776755154132843,Medium
IMG_9145.jpg,Bombax_SE,Bombax Ceiba,0.9971235394477844,High,Bombax Ceiba,0.7424247860908508,Medium
IMG_9147.jpg,Bombax_SE,Bombax Ceiba,0.9978418350219727,High,Bombax Ceiba,0.8620705008506775,High
IMG_9176.jpg,Bombax_SE,Bombax Ceiba,0.937773585319519,High,Rainbow Shower Tree,0.6302056312561035,Medium
IMG_9192.jpg,Bombax_SE,Bombax Ceiba,0.9838340878486633,High,Bombax Ceiba,0.7581892609596252,Medium
IMG_9232.jpg,Bombax_SE,Bombax Ceiba,0.9725680947303772,High,Bombax Ceiba,0.43892696499824524,Low
IMG_9256 (1).jpg,Bombax_SE,Bombax Ceiba,0.9996218681335449,High,Bombax Ceiba,0.9419625401496887,High
IMG_9256.jpg,Bombax_SE,Bombax Ceiba,0.9310333728790283,High,Bombax Ceiba,0.7595397233963013,Medium
IMG_9292.jpg,Bombax_SE,Bombax Ceiba,0.9796984195709229,High,Bombax Ceiba,0.5748996138572693,Low
IMG_9293.jpg,Bombax_SE,Bombax Ceiba,0.9983299374580383,High,Bombax Ceiba,0.8775380253791809,High
IMG_9298.jpg,Bombax_SE,Bombax Ceiba,0.9924668669700623,High,Bombax Ceiba,0.7504748702049255,Medium
IMG_9303.jpg,Bombax_SE,Bombax Ceiba,0.9995576739311218,High,Bombax Ceiba,0.9009788632392883,High
IMG_9322.jpg,Bombax_SE,Bombax Ceiba,0.9754489064216614,High,Bombax Ceiba,0.5608245134353638,Low
IMG_9336.jpg,Bombax_SE,Bombax Ceiba,0.9916131496429443,High,Bombax Ceiba,0.654075026512146,Medium
IMG_9340.jpg,Bombax_SE,Bombax Ceiba,0.9992340803146362,High,Bombax Ceiba,0.9360318779945374,High
IMG_9342.jpg,Bombax_SE,Bombax Ceiba,0.9988307356834412,High,Bombax Ceiba,0.8945814967155457,High
IMG_9359.jpg,Bombax_SE,Bombax Ceiba,0.9956632256507874,High,Bombax Ceiba,0.7474566698074341,Medium
IMG_9376.jpg,Bombax_SE,Bombax Ceiba,0.9970641732215881,High,Bombax Ceiba,0.857893168926239,High
IMG_9402.jpg,Bombax_SE,Bombax Ceiba,0.9736855626106262,High,Bombax Ceiba,0.6047294735908508,Medium
IMG_9411.jpg,Bombax_SE,Bombax Ceiba,0.9988454580307007,High,Bombax Ceiba,0.8706862330436707,High
IMG_9442.jpg,Bombax_SE,Bombax Ceiba,0.9798915982246399,High,Bombax Ceiba,0.619925320148468,Medium
IMG_9455.jpg,Bombax_SE,Bombax Ceiba,0.9990563988685608,High,Bombax Ceiba,0.8995776176452637,High
IMG_9475.jpg,Bombax_SE,Bombax Ceiba,0.9867210388183594,High,Bombax Ceiba,0.7744447588920593,Medium
IMG_9492.jpg,Bombax_SE,Bombax Ceiba,0.9950951337814331,High,Bombax Ceiba,0.8385840654373169,Medium
IMG_9505.jpg,Bombax_SE,Bombax Ceiba,0.9979676604270935,High,Bombax Ceiba,0.9018077254295349,High
IMG_9514 (1).jpg,Bombax_SE,Bombax Ceiba,0.9955257773399353,High,Bombax Ceiba,0.7898594737052917,Medium
IMG_9514.jpg,Bombax_SE,Bombax Ceiba,0.9675989747047424,High,Bombax Ceiba,0.7247912883758545,Medium
IMG_9551.jpg,Bombax_SE,Bombax Ceiba,0.994756817817688,High,Bombax Ceiba,0.7477491497993469,Medium
IMG_9552.jpg,Bombax_SE,Bombax Ceiba,0.9852723479270935,High,Bombax Ceiba,0.7523231506347656,Medium
IMG_9591.jpg,Bombax_SE,Bombax Ceiba,0.9959864020347595,High,Bombax Ceiba,0.8446747064590454,Medium
IMG_9599.jpg,Bombax_SE,Bombax Ceiba,0.9708182215690613,High,Bombax Ceiba,0.5097955465316772,Low
IMG_9638.jpg,Bombax_SE,Bombax Ceiba,0.9519016146659851,High,Bombax Ceiba,0.5440503358840942,Low
IMG_9672.jpg,Bombax_SE,Bombax Ceiba,0.9944731593132019,High,Bombax Ceiba,0.7139914035797119,Medium
IMG_9677.jpg,Bombax_SE,Bombax Ceiba,0.9877297282218933,High,Bombax Ceiba,0.7882164120674133,Medium
IMG_9695.jpg,Bombax_SE,Bombax Ceiba,0.9925328493118286,High,Bombax Ceiba,0.7717957496643066,Medium
IMG_9719.jpg,Bombax_SE,Bombax Ceiba,0.990807831287384,High,Bombax Ceiba,0.8361251950263977,Medium
IMG_9743.jpg,Bombax_SE,Bombax Ceiba,0.9996603727340698,High,Bombax Ceiba,0.970361590385437,High
IMG_9759.jpg,Bombax_SE,Bombax Ceiba,0.9991477727890015,High,Bombax Ceiba,0.8998370170593262,High
IMG_9761.jpg,Bombax_SE,Bombax Ceiba,0.9854972958564758,High,Bombax Ceiba,0.7724019289016724,Medium
IMG_9800.jpg,Bombax_SE,Bombax Ceiba,0.9830120205879211,High,Bombax Ceiba,0.7007042169570923,Medium
IMG_9802.jpg,Bombax_SE,Bombax Ceiba,0.9321848154067993,High,Bombax Ceiba,0.6024513840675354,Medium
IMG_9848.jpg,Bombax_SE,Bombax Ceiba,0.98911452293396,High,Bombax Ceiba,0.7808355689048767,Medium
IMG_9874.jpg,Bombax_SE,Bombax Ceiba,0.9971952438354492,High,Bombax Ceiba,0.8026703000068665,Medium
IMG_9893.jpg,Bombax_SE,Bombax Ceiba,0.9543056488037109,High,Bombax Ceiba,0.7382652163505554,Medium
IMG_9919.jpg,Bombax_SE,Bombax Ceiba,0.9969274401664734,High,Bombax Ceiba,0.9457691311836243,High
IMG_9936.jpg,Bombax_SE,Bombax Ceiba,0.9443773031234741,High,Bombax Ceiba,0.6537797451019287,Medium
IMG_9976.jpg,Bombax_SE,Bombax Ceiba,0.9957292675971985,High,Bombax Ceiba,0.8251082301139832,Medium
IMG_0046.jpg,East-West-Maile,Queen's White Shower Tree,0.8914781808853149,High,Lunalilo Yellow Shower Tree,0.31719619035720825,Low
IMG_0055.jpg,East-West-Maile,Queen's White Shower Tree,0.7933695912361145,Medium,Lunalilo Yellow Shower Tree,0.47130250930786133,Low
IMG_0086.jpg,East-West-Maile,Queen's White Shower Tree,0.993843674659729,High,Queen's White Shower Tree,0.6636120080947876,Medium
IMG_0121.jpg,East-West-Maile,Queen's White Shower Tree,0.9338938593864441,High,Queen's White Shower Tree,0.586358904838562,Low
IMG_0126.jpg,East-West-Maile,Queen's White Shower Tree,0.9931778907775879,High,Queen's White Shower Tree,0.7220553159713745,Medium
IMG_0169.jpg,East-West-Maile,Queen's White Shower Tree,0.9991191029548645,High,Queen's White Shower Tree,0.940913736820221,High
IMG_0189.jpg,East-West-Maile,Queen's White Shower Tree,0.9723783731460571,High,Queen's White Shower Tree,0.740837037563324,Medium
IMG_0210.jpg,East-West-Maile,Queen's White Shower Tree,0.9911733269691467,High,Queen's White Shower Tree,0.6924349665641785,Medium
IMG_0254.jpg,East-West-Maile,Queen's White Shower Tree,0.9959551095962524,High,Queen's White Shower Tree,0.7477468252182007,Medium
IMG_0256.jpg,East-West-Maile,Queen's White Shower Tree,0.994608998298645,High,Queen's White Shower Tree,0.8219232559204102,Medium
IMG_0302.jpg,East-West-Maile,Queen's White Shower Tree,0.9849972724914551,High,Queen's White Shower Tree,0.5108028054237366,Low
IMG_0326.jpg,East-West-Maile,Queen's White Shower Tree,0.8576001524925232,High,Rainbow Shower Tree,0.34140273928642273,Low
IMG_0373.jpg,East-West-Maile,Queen's White Shower Tree,0.9816423654556274,High,Queen's White Shower Tree,0.4102652668952942,Low
IMG_0392.jpg,East-West-Maile,Queen's White Shower Tree,0.9643357396125793,High,Queen's White Shower Tree,0.61037278175354,Medium
IMG_0419.jpg,East-West-Maile,Queen's White Shower Tree,0.9917805790901184,High,Queen's White Shower Tree,0.6966149806976318,Medium
IMG_0465.jpg,East-West-Maile,Queen's White Shower Tree,0.931203305721283,High,Rainbow Shower Tree,0.49232548475265503,Low
IMG_0466.jpg,East-West-Maile,Queen's White Shower Tree,0.942865788936615,High,Queen's White Shower Tree,0.5866546630859375,Low
IMG_0510.jpg,East-West-Maile,Rainbow Shower Tree,0.8195027709007263,Medium,Rainbow Shower Tree,0.6881573796272278,Medium
IMG_0511.jpg,East-West-Maile,Rainbow Shower Tree,0.9671711325645447,High,Rainbow Shower Tree,0.8935626745223999,High
IMG_0512.jpg,East-West-Maile,Queen's White Shower Tree,0.9157984852790833,High,Rainbow Shower Tree,0.6043433547019958,Medium
IMG_0517.jpg,East-West-Maile,Queen's White Shower Tree,0.9777538776397705,High,Queen's White Shower Tree,0.614931046962738,Medium
IMG_0535.jpg,East-West-Maile,Queen's White Shower Tree,0.9865002036094666,High,Queen's White Shower Tree,0.6565148234367371,Medium
IMG_0554.jpg,East-West-Maile,Queen's White Shower Tree,0.9945177435874939,High,Queen's White Shower Tree,0.6950415968894958,Medium
IMG_0578.jpg,East-West-Maile,Queen's White Shower Tree,0.8767848014831543,High,Lunalilo Yellow Shower Tree,0.5938087105751038,Low
IMG_0595.jpg,East-West-Maile,Queen's White Shower Tree,0.9364262819290161,High,Queen's White Shower Tree,0.5873062014579773,Low
IMG_0608.jpg,East-West-Maile,Queen's White Shower Tree,0.9982129335403442,High,Queen's White Shower Tree,0.8854085803031921,High
IMG_0637.jpg,East-West-Maile,Queen's White Shower Tree,0.9997879862785339,High,Queen's White Shower Tree,0.9861088395118713,High
IMG_0643.jpg,East-West-Maile,Queen's White Shower Tree,0.987539529800415,High,Queen's White Shower Tree,0.4396430253982544,Low
IMG_0684.jpg,East-West-Maile,Queen's White Shower Tree,0.9549732208251953,High,Queen's White Shower Tree,0.6940128207206726,Medium
IMG_0686.jpg,East-West-Maile,Queen's White Shower Tree,0.9948285222053528,High,Queen's White Shower Tree,0.7955760359764099,Medium
IMG_0719.jpg,East-West-Maile,Queen's White Shower Tree,0.8808426260948181,High,Lunalilo Yellow Shower Tree,0.5913789868354797,Low
IMG_0729.jpg,East-West-Maile,Queen's White Shower Tree,0.8979645371437073,High,Rainbow Shower Tree,0.5283293724060059,Low
IMG_0770.jpg,East-West-Maile,Queen's White Shower Tree,0.9955767393112183,High,Queen's White Shower Tree,0.7885216474533081,Medium
IMG_0777.jpg,East-West-Maile,Queen's White Shower Tree,0.9941593408584595,High,Queen's White Shower Tree,0.8152703046798706,Medium
IMG_0806.jpg,East-West-Maile,Queen's White Shower Tree,0.995017945766449,High,Queen's White Shower Tree,0.8591720461845398,High
IMG_0816.jpg,East-West-Maile,Queen's White Shower Tree,0.9942764639854431,High,Queen's White Shower Tree,0.8572534918785095,High
IMG_0843.jpg,East-West-Maile,Queen's White Shower Tree,0.8288736343383789,Medium,Lunalilo Yellow Shower Tree,0.33748728036880493,Low
IMG_0857.jpg,East-West-Maile,Queen's White Shower Tree,0.9715107679367065,High,Queen's White Shower Tree,0.6184250712394714,Medium
IMG_0873.jpg,East-West-Maile,Queen's White Shower Tree,0.9830564856529236,High,Queen's White Shower Tree,0.5972527265548706,Low
IMG_0905.jpg,East-West-Maile,Queen's White Shower Tree,0.8946507573127747,High,Rainbow Shower Tree,0.5579963326454163,Low
IMG_0933.jpg,East-West-Maile,Queen's White Shower Tree,0.6411455869674683,Medium,Rainbow Shower Tree,0.5844686031341553,Low
IMG_0943.jpg,East-West-Maile,Queen's White Shower Tree,0.7604445219039917,Medium,Rainbow Shower Tree,0.508399248123169,Low
IMG_0951.jpg,East-West-Maile,Queen's White Shower Tree,0.97808438539505,High,Queen's White Shower Tree,0.6538655757904053,Medium
IMG_0983.jpg,East-West-Maile,Queen's White Shower Tree,0.9701098799705505,High,Queen's White Shower Tree,0.7685453295707703,Medium
IMG_0987.jpg,East-West-Maile,Queen's White Shower Tree,0.9852352142333984,High,Queen's White Shower Tree,0.7589778900146484,Medium
IMG_1013.jpg,East-West-Maile,Queen's White Shower Tree,0.9676293134689331,High,Queen's White Shower Tree,0.5739132761955261,Low
IMG_1027.jpg,East-West-Maile,Queen's White Shower Tree,0.988903820514679,High,Queen's White Shower Tree,0.6583564281463623,Medium
IMG_1058.jpg,East-West-Maile,Queen's White Shower Tree,0.46143943071365356,Low,Bombax Ceiba,0.370481014251709,Low
IMG_1096.jpg,East-West-Maile,Queen's White Shower Tree,0.9549695253372192,High,Queen's White Shower Tree,0.5523184537887573,Low
IMG_1119.jpg,East-West-Maile,Queen's White Shower Tree,0.9532532691955566,High,Rainbow Shower Tree,0.49987027049064636,Low
IMG_1140.jpg,East-West-Maile,Queen's White Shower Tree,0.9626613855361938,High,Queen's White Shower Tree,0.5385674238204956,Low
IMG_1212.jpg,East-West-Maile,Rainbow Shower Tree,0.878386914730072,High,Rainbow Shower Tree,0.5432537198066711,Low
IMG_1241.jpg,East-West-Maile,Queen's White Shower Tree,0.9898297190666199,High,Queen's White Shower Tree,0.7750638127326965,Medium
IMG_1259.jpg,East-West-Maile,Queen's White Shower Tree,0.5677067637443542,Low,Rainbow Shower Tree,0.7296364307403564,Medium
IMG_1309.jpg,East-West-Maile,Queen's White Shower Tree,0.9754477739334106,High,Queen's White Shower Tree,0.5730406045913696,Low
IMG_1327.jpg,East-West-Maile,Queen's White Shower Tree,0.9729902148246765,High,Queen's White Shower Tree,0.5707569718360901,Low
IMG_1345.jpg,East-West-Maile,Queen's White Shower Tree,0.9657555818557739,High,Lunalilo Yellow Shower Tree,0.3810048997402191,Low
IMG_1399.jpg,East-West-Maile,Queen's White Shower Tree,0.9058554172515869,High,Rainbow Shower Tree,0.3835700750350952,Low
IMG_1415.jpg,East-West-Maile,Queen's White Shower Tree,0.9783942103385925,High,Queen's White Shower Tree,0.7498477101325989,Medium
IMG_1437.jpg,East-West-Maile,Queen's White Shower Tree,0.8044643998146057,Medium,Rainbow Shower Tree,0.3954915702342987,Low
IMG_1438.jpg,East-West-Maile,Queen's White Shower Tree,0.8871204257011414,High,Lunalilo Yellow Shower Tree,0.27643638849258423,Low
IMG_1456.jpg,East-West-Maile,Queen's White Shower Tree,0.9554031491279602,High,Rainbow Shower Tree,0.37930190563201904,Low
IMG_1501.jpg,East-West-Maile,Queen's White Shower Tree,0.9950000047683716,High,Queen's White Shower Tree,0.7046511173248291,Medium
IMG_1550.jpg,East-West-Maile,Queen's White Shower Tree,0.9971835017204285,High,Queen's White Shower Tree,0.8047610521316528,Medium
IMG_1554.jpg,East-West-Maile,Queen's White Shower Tree,0.897058367729187,High,Rainbow Shower Tree,0.3916633427143097,Low
IMG_1597.jpg,East-West-Maile,Queen's White Shower Tree,0.9972875118255615,High,Queen's White Shower Tree,0.9115396738052368,High
IMG_1600.jpg,East-West-Maile,Queen's White Shower Tree,0.9055861234664917,High,Queen's White Shower Tree,0.4010297656059265,Low
IMG_1638.jpg,East-West-Maile,Queen's White Shower Tree,0.9878921508789062,High,Queen's White Shower Tree,0.7305504083633423,Medium
IMG_1661.jpg,East-West-Maile,Queen's White Shower Tree,0.884718120098114,High,Lunalilo Yellow Shower Tree,0.40771886706352234,Low
IMG_1678.jpg,East-West-Maile,Queen's White Shower Tree,0.9905226826667786,High,Queen's White Shower Tree,0.6865184307098389,Medium
IMG_1679.jpg,East-West-Maile,Queen's White Shower Tree,0.9538688659667969,High,Queen's White Shower Tree,0.5055516362190247,Low
IMG_1753.jpg,East-West-Maile,Queen's White Shower Tree,0.9067692756652832,High,Queen's White Shower Tree,0.42864957451820374,Low
IMG_1762.jpg,East-West-Maile,Queen's White Shower Tree,0.9704941511154175,High,Queen's White Shower Tree,0.48596206307411194,Low
IMG_1830.jpg,East-West-Maile,Queen's White Shower Tree,0.9593040347099304,High,Rainbow Shower Tree,0.5087717175483704,Low
IMG_1837.jpg,East-West-Maile,Queen's White Shower Tree,0.9839121699333191,High,Queen's White Shower Tree,0.7282299995422363,Medium
IMG_1876.jpg,East-West-Maile,Queen's White Shower Tree,0.959226667881012,High,Queen's White Shower Tree,0.45209142565727234,Low
IMG_1881.jpg,East-West-Maile,Queen's White Shower Tree,0.9691517353057861,High,Queen's White Shower Tree,0.5027608871459961,Low
IMG_1946.jpg,East-West-Maile,Queen's White Shower Tree,0.9636383652687073,High,Rainbow Shower Tree,0.5367270708084106,Low
IMG_1975.jpg,East-West-Maile,Queen's White Shower Tree,0.976855993270874,High,Queen's White Shower Tree,0.43032896518707275,Low
IMG_1985.jpg,East-West-Maile,Queen's White Shower Tree,0.9663392901420593,High,Queen's White Shower Tree,0.6740906238555908,Medium
IMG_2033.jpg,East-West-Maile,Queen's White Shower Tree,0.9765679240226746,High,Queen's White Shower Tree,0.9319053292274475,High
IMG_2052.jpg,East-West-Maile,Queen's White Shower Tree,0.8402925133705139,Medium,Rainbow Shower Tree,0.3752898871898651,Low
IMG_2055.jpg,East-West-Maile,Queen's White Shower Tree,0.9992338418960571,High,Queen's White Shower Tree,0.9424499869346619,High
IMG_2090.jpg,East-West-Maile,Queen's White Shower Tree,0.9928661584854126,High,Queen's White Shower Tree,0.8898229002952576,High
IMG_2116.jpg,East-West-Maile,Queen's White Shower Tree,0.9609439373016357,High,Rainbow Shower Tree,0.4988585114479065,Low
IMG_2149.jpg,East-West-Maile,Queen's White Shower Tree,0.9978531002998352,High,Queen's White Shower Tree,0.9518120288848877,High
IMG_2172.jpg,East-West-Maile,Queen's White Shower Tree,0.9904727339744568,High,Queen's White Shower Tree,0.8444551229476929,Medium
IMG_2211.jpg,East-West-Maile,Queen's White Shower Tree,0.9597113132476807,High,Queen's White Shower Tree,0.7645118236541748,Medium
IMG_2215.jpg,East-West-Maile,Queen's White Shower Tree,0.9660837054252625,High,Queen's White Shower Tree,0.6899678111076355,Medium
IMG_2257.jpg,East-West-Maile,Queen's White Shower Tree,0.9832689762115479,High,Queen's White Shower Tree,0.8978268504142761,High
IMG_2301.jpg,East-West-Maile,Queen's White Shower Tree,0.7983813285827637,Medium,Bombax Ceiba,0.3412286937236786,Low
IMG_2326.jpg,East-West-Maile,Queen's White Shower Tree,0.9913573265075684,High,Queen's White Shower Tree,0.8342832326889038,Medium
IMG_2372 (1).jpg,East-West-Maile,Queen's White Shower Tree,0.9905191659927368,High,Queen's White Shower Tree,0.8150111436843872,Medium
IMG_2372.jpg,East-West-Maile,Queen's White Shower Tree,0.8766740560531616,High,Rainbow Shower Tree,0.6105431318283081,Medium
IMG_2438.jpg,East-West-Maile,Queen's White Shower Tree,0.9877883791923523,High,Queen's White Shower Tree,0.7609357237815857,Medium
IMG_2440.jpg,East-West-Maile,Queen's White Shower Tree,0.9467718601226807,High,Queen's White Shower Tree,0.469027578830719,Low
IMG_2510.jpg,East-West-Maile,Queen's White Shower Tree,0.9504661560058594,High,Queen's White Shower Tree,0.6028831005096436,Medium
IMG_2518.jpg,East-West-Maile,Queen's White Shower Tree,0.40150246024131775,Low,Lunalilo Yellow Shower Tree,0.5000877976417542,Low
IMG_2591.jpg,East-West-Maile,Queen's White Shower Tree,0.9747319221496582,High,Queen's White Shower Tree,0.7339533567428589,Medium
IMG_2666.jpg,East-West-Maile,Queen's White Shower Tree,0.9348998665809631,High,Queen's White Shower Tree,0.4014216661453247,Low
IMG_2673.jpg,East-West-Maile,Queen's White Shower Tree,0.995116114616394,High,Queen's White Shower Tree,0.7893999814987183,Medium
IMG_2749.jpg,East-West-Maile,Queen's White Shower Tree,0.9973612427711487,High,Queen's White Shower Tree,0.8609064817428589,High
IMG_2813.jpg,East-West-Maile,Queen's White Shower Tree,0.9988025426864624,High,Queen's White Shower Tree,0.9022660255432129,High
IMG_2837.jpg,East-West-Maile,Queen's White Shower Tree,0.9080360531806946,High,Lunalilo Yellow Shower Tree,0.6836884617805481,Medium
IMG_2887.jpg,East-West-Maile,Queen's White Shower Tree,0.9903109073638916,High,Queen's White Shower Tree,0.8161801099777222,Medium
IMG_2931.jpg,East-West-Maile,Queen's White Shower Tree,0.9387926459312439,High,Queen's White Shower Tree,0.7328680753707886,Medium
IMG_3014.jpg,East-West-Maile,Queen's White Shower Tree,0.8805752396583557,High,Queen's White Shower Tree,0.4041609466075897,Low
IMG_3055.jpg,East-West-Maile,Queen's White Shower Tree,0.8181785345077515,Medium,Lunalilo Yellow Shower Tree,0.31142470240592957,Low
IMG_3100.jpg,East-West-Maile,Queen's White Shower Tree,0.9908087253570557,High,Queen's White Shower Tree,0.7697975039482117,Medium
IMG_3145.jpg,East-West-Maile,Queen's White Shower Tree,0.6940792202949524,Medium,Rainbow Shower Tree,0.5948938131332397,Low
IMG_3188.jpg,East-West-Maile,Queen's White Shower Tree,0.8833926320075989,High,Lunalilo Yellow Shower Tree,0.37800928950309753,Low
IMG_3230.jpg,East-West-Maile,Queen's White Shower Tree,0.980102002620697,High,Queen's White Shower Tree,0.8052047491073608,Medium
IMG_3281.jpg,East-West-Maile,Queen's White Shower Tree,0.9118834137916565,High,Lunalilo Yellow Shower Tree,0.4610235393047333,Low
IMG_3332.jpg,East-West-Maile,Queen's White Shower Tree,0.7687805891036987,Medium,Rainbow Shower Tree,0.36614522337913513,Low
IMG_3381.jpg,East-West-Maile,Queen's White Shower Tree,0.8456603288650513,Medium,Lunalilo Yellow Shower Tree,0.39054396748542786,Low
IMG_3529.jpg,East-West-Maile,Queen's White Shower Tree,0.9762616157531738,High,Queen's White Shower Tree,0.6401020288467407,Medium
IMG_3568.jpg,East-West-Maile,Queen's White Shower Tree,0.9994008541107178,High,Queen's White Shower Tree,0.9618871212005615,High
IMG_3614.jpg,East-West-Maile,Queen's White Shower Tree,0.9842621088027954,High,Queen's White Shower Tree,0.6607879996299744,Medium
IMG_3654.jpg,East-West-Maile,Queen's White Shower Tree,0.9935930371284485,High,Queen's White Shower Tree,0.778474748134613,Medium
IMG_3697.jpg,East-West-Maile,Queen's White Shower Tree,0.9890861511230469,High,Queen's White Shower Tree,0.7695090174674988,Medium
IMG_3744.jpg,East-West-Maile,Queen's White Shower Tree,0.9929603934288025,High,Queen's White Shower Tree,0.7237709164619446,Medium
IMG_3785.jpg,East-West-Maile,Queen's White Shower Tree,0.9789076447486877,High,Queen's White Shower Tree,0.6060310006141663,Medium
IMG_3827.jpg,East-West-Maile,Queen's White Shower Tree,0.9761236906051636,High,Queen's White Shower Tree,0.6609985828399658,Medium
IMG_3868.jpg,East-West-Maile,Queen's White Shower Tree,0.9921116828918457,High,Queen's White Shower Tree,0.8025530576705933,Medium
IMG_3914.jpg,East-West-Maile,Queen's White Shower Tree,0.9903016686439514,High,Queen's White Shower Tree,0.5876144170761108,Low
IMG_3953.jpg,East-West-Maile,Queen's White Shower Tree,0.9985929131507874,High,Queen's White Shower Tree,0.8535615801811218,High
IMG_3992.jpg,East-West-Maile,Queen's White Shower Tree,0.7708327770233154,Medium,Lunalilo Yellow Shower Tree,0.42472514510154724,Low
IMG_4104.jpg,East-West-Maile,Queen's White Shower Tree,0.9947245717048645,High,Queen's White Shower Tree,0.6984713077545166,Medium
IMG_4141.jpg,East-West-Maile,Queen's White Shower Tree,0.7662038207054138,Medium,Rainbow Shower Tree,0.4022158682346344,Low
IMG_4183.jpg,East-West-Maile,Queen's White Shower Tree,0.9883853197097778,High,Queen's White Shower Tree,0.7619354128837585,Medium
IMG_4229.jpg,East-West-Maile,Queen's White Shower Tree,0.9947955012321472,High,Queen's White Shower Tree,0.8098174333572388,Medium
IMG_4277.jpg,East-West-Maile,Queen's White Shower Tree,0.9742072224617004,High,Queen's White Shower Tree,0.8272129893302917,Medium
IMG_4321.jpg,East-West-Maile,Queen's White Shower Tree,0.9838693737983704,High,Queen's White Shower Tree,0.7559225559234619,Medium
IMG_4362.jpg,East-West-Maile,Queen's White Shower Tree,0.9790062308311462,High,Queen's White Shower Tree,0.7377091646194458,Medium
IMG_4411.jpg,East-West-Maile,Queen's White Shower Tree,0.9853750467300415,High,Queen's White Shower Tree,0.7002329230308533,Medium
IMG_4429.jpg,East-West-Maile,Queen's White Shower Tree,0.9961219429969788,High,Queen's White Shower Tree,0.7236717343330383,Medium
IMG_4457.jpg,East-West-Maile,Queen's White Shower Tree,0.8592338562011719,High,Rainbow Shower Tree,0.7604151368141174,Medium
IMG_4469.jpg,East-West-Maile,Queen's White Shower Tree,0.958868145942688,High,Queen's White Shower Tree,0.5126441717147827,Low
IMG_4498.jpg,East-West-Maile,Queen's White Shower Tree,0.9615810513496399,High,Lunalilo Yellow Shower Tree,0.3376283347606659,Low
IMG_4528.jpg,East-West-Maile,Queen's White Shower Tree,0.9905192852020264,High,Queen's White Shower Tree,0.7876613140106201,Medium
IMG_4546.jpg,East-West-Maile,Queen's White Shower Tree,0.852131187915802,High,Rainbow Shower Tree,0.39394333958625793,Low
IMG_4577.jpg,East-West-Maile,Queen's White Shower Tree,0.97970050573349,High,Queen's White Shower Tree,0.5044398903846741,Low
IMG_4591.jpg,East-West-Maile,Queen's White Shower Tree,0.9882503747940063,High,Queen's White Shower Tree,0.6862444281578064,Medium
IMG_4637.jpg,East-West-Maile,Queen's White Shower Tree,0.8196887969970703,Medium,Queen's White Shower Tree,0.4752032458782196,Low
IMG_4639.jpg,East-West-Maile,Queen's White Shower Tree,0.9981769323348999,High,Queen's White Shower Tree,0.9334646463394165,High
IMG_4693.jpg,East-West-Maile,Queen's White Shower Tree,0.9088399410247803,High,Queen's White Shower Tree,0.536462664604187,Low
IMG_4698.jpg,East-West-Maile,Queen's White Shower Tree,0.9895680546760559,High,Queen's White Shower Tree,0.8638487458229065,High
IMG_4743.jpg,East-West-Maile,Queen's White Shower Tree,0.9720670580863953,High,Queen's White Shower Tree,0.7836589217185974,Medium
IMG_4758.jpg,East-West-Maile,Queen's White Shower Tree,0.9974568486213684,High,Queen's White Shower Tree,0.8922964930534363,High
IMG_4793.jpg,East-West-Maile,Queen's White Shower Tree,0.9803281426429749,High,Queen's White Shower Tree,0.6006979942321777,Medium
IMG_4816.jpg,East-West-Maile,Queen's White Shower Tree,0.9827463626861572,High,Queen's White Shower Tree,0.7482115030288696,Medium
IMG_4860.jpg,East-West-Maile,Queen's White Shower Tree,0.9919869899749756,High,Queen's White Shower Tree,0.8819298148155212,High
IMG_4870.jpg,East-West-Maile,Queen's White Shower Tree,0.9974175691604614,High,Queen's White Shower Tree,0.949955940246582,High
IMG_4875.jpg,East-West-Maile,Queen's White Shower Tree,0.961391806602478,High,Queen's White Shower Tree,0.5232819318771362,Low
IMG_4923.jpg,East-West-Maile,Queen's White Shower Tree,0.9930545687675476,High,Queen's White Shower Tree,0.8360471129417419,Medium
IMG_4931.jpg,East-West-Maile,Queen's White Shower Tree,0.9929169416427612,High,Queen's White Shower Tree,0.8074824213981628,Medium
IMG_4974.jpg,East-West-Maile,Queen's White Shower Tree,0.9928808212280273,High,Queen's White Shower Tree,0.8598010540008545,High
IMG_4987.jpg,East-West-Maile,Queen's White Shower Tree,0.9659968018531799,High,Queen's White Shower Tree,0.7956315875053406,Medium
IMG_5015.jpg,East-West-Maile,Queen's White Shower Tree,0.9988698363304138,High,Queen's White Shower Tree,0.9587615132331848,High
IMG_5055.jpg,East-West-Maile,Queen's White Shower Tree,0.9966191053390503,High,Queen's White Shower Tree,0.8525580763816833,High
IMG_5071.jpg,East-West-Maile,Queen's White Shower Tree,0.9916645884513855,High,Queen's White Shower Tree,0.7369388937950134,Medium
IMG_5118.jpg,East-West-Maile,Queen's White Shower Tree,0.9244857430458069,High,Queen's White Shower Tree,0.3590312600135803,Low
IMG_5120.jpg,East-West-Maile,Queen's White Shower Tree,0.9988860487937927,High,Queen's White Shower Tree,0.8760115504264832,High
IMG_5182.jpg,East-West-Maile,Queen's White Shower Tree,0.9623326063156128,High,Queen's White Shower Tree,0.47956162691116333,Low
IMG_5197.jpg,East-West-Maile,Queen's White Shower Tree,0.9937753677368164,High,Queen's White Shower Tree,0.7702358365058899,Medium
IMG_5244.jpg,East-West-Maile,Queen's White Shower Tree,0.9603963494300842,High,Queen's White Shower Tree,0.45043888688087463,Low
IMG_5264.jpg,East-West-Maile,Queen's White Shower Tree,0.9956692457199097,High,Queen's White Shower Tree,0.6541775465011597,Medium
IMG_5303.jpg,East-West-Maile,Queen's White Shower Tree,0.9945039749145508,High,Queen's White Shower Tree,0.7821166515350342,Medium
IMG_5309.jpg,East-West-Maile,Queen's White Shower Tree,0.9583969712257385,High,Queen's White Shower Tree,0.4523251950740814,Low
IMG_5350.jpg,East-West-Maile,Queen's White Shower Tree,0.9919567108154297,High,Queen's White Shower Tree,0.7865333557128906,Medium
IMG_5368.jpg,East-West-Maile,Queen's White Shower Tree,0.9917697906494141,High,Queen's White Shower Tree,0.7757250070571899,Medium
IMG_5402.jpg,East-West-Maile,Queen's White Shower Tree,0.7336674332618713,Medium,Rainbow Shower Tree,0.4978892207145691,Low
IMG_5439.jpg,East-West-Maile,Queen's White Shower Tree,0.990066647529602,High,Queen's White Shower Tree,0.7834000587463379,Medium
IMG_5449.jpg,East-West-Maile,Queen's White Shower Tree,0.5564817190170288,Low,Rainbow Shower Tree,0.541894257068634,Low
IMG_5498.jpg,East-West-Maile,Queen's White Shower Tree,0.99530029296875,High,Queen's White Shower Tree,0.7111935019493103,Medium
IMG_5505.jpg,East-West-Maile,Queen's White Shower Tree,0.9924048781394958,High,Queen's White Shower Tree,0.8156038522720337,Medium
IMG_5568.jpg,East-West-Maile,Queen's White Shower Tree,0.9950917959213257,High,Queen's White Shower Tree,0.7406976222991943,Medium
IMG_5591.jpg,East-West-Maile,Queen's White Shower Tree,0.9855387210845947,High,Queen's White Shower Tree,0.7120424509048462,Medium
IMG_5628.jpg,East-West-Maile,Queen's White Shower Tree,0.9946269392967224,High,Queen's White Shower Tree,0.8421095013618469,Medium
IMG_5665.jpg,East-West-Maile,Queen's White Shower Tree,0.9920899868011475,High,Queen's White Shower Tree,0.8324588537216187,Medium
IMG_5706.jpg,East-West-Maile,Queen's White Shower Tree,0.9642390608787537,High,Queen's White Shower Tree,0.6073669791221619,Medium
IMG_5707.jpg,East-West-Maile,Queen's White Shower Tree,0.9912131428718567,High,Queen's White Shower Tree,0.7525957226753235,Medium
IMG_5747.jpg,East-West-Maile,Queen's White Shower Tree,0.9912646412849426,High,Queen's White Shower Tree,0.6827482581138611,Medium
IMG_5773.jpg,East-West-Maile,Queen's White Shower Tree,0.9915798902511597,High,Queen's White Shower Tree,0.5072515606880188,Low
IMG_5802.jpg,East-West-Maile,Queen's White Shower Tree,0.9822569489479065,High,Queen's White Shower Tree,0.6058216094970703,Medium
IMG_5846.jpg,East-West-Maile,Queen's White Shower Tree,0.9984943866729736,High,Queen's White Shower Tree,0.8636902570724487,High
IMG_5850.jpg,East-West-Maile,Queen's White Shower Tree,0.9940206408500671,High,Queen's White Shower Tree,0.9219032526016235,High
IMG_5893.jpg,East-West-Maile,Queen's White Shower Tree,0.9789136648178101,High,Queen's White Shower Tree,0.47050246596336365,Low
IMG_5927.jpg,East-West-Maile,Queen's White Shower Tree,0.9993522763252258,High,Queen's White Shower Tree,0.9308582544326782,High
IMG_5930.jpg,East-West-Maile,Queen's White Shower Tree,0.9866676330566406,High,Queen's White Shower Tree,0.6965866088867188,Medium
IMG_5969.jpg,East-West-Maile,Queen's White Shower Tree,0.9935382008552551,High,Queen's White Shower Tree,0.793146550655365,Medium
IMG_5976.jpg,East-West-Maile,Queen's White Shower Tree,0.9465469717979431,High,Queen's White Shower Tree,0.5325786471366882,Low
IMG_6006.jpg,East-West-Maile,Queen's White Shower Tree,0.9816324710845947,High,Queen's White Shower Tree,0.77303147315979,Medium
IMG_6033.jpg,East-West-Maile,Queen's White Shower Tree,0.9132850170135498,High,Lunalilo Yellow Shower Tree,0.37856099009513855,Low
IMG_6048.jpg,East-West-Maile,Queen's White Shower Tree,0.9991368651390076,High,Queen's White Shower Tree,0.9339174628257751,High
IMG_6061.jpg,East-West-Maile,Queen's White Shower Tree,0.99772709608078,High,Queen's White Shower Tree,0.8835120797157288,High
IMG_6092.jpg,East-West-Maile,Queen's White Shower Tree,0.9608754515647888,High,Queen's White Shower Tree,0.5127668976783752,Low
IMG_6120.jpg,East-West-Maile,Queen's White Shower Tree,0.9990676045417786,High,Queen's White Shower Tree,0.9280557632446289,High
IMG_6160.jpg,East-West-Maile,Queen's White Shower Tree,0.9851006865501404,High,Queen's White Shower Tree,0.7381970882415771,Medium
IMG_6176.jpg,East-West-Maile,Queen's White Shower Tree,0.9630803465843201,High,Rainbow Shower Tree,0.5029974579811096,Low
IMG_6199.jpg,East-West-Maile,Queen's White Shower Tree,0.9967250227928162,High,Queen's White Shower Tree,0.9221782088279724,High
IMG_6244.jpg,East-West-Maile,Queen's White Shower Tree,0.986205518245697,High,Queen's White Shower Tree,0.7826816439628601,Medium
IMG_6286.jpg,East-West-Maile,Queen's White Shower Tree,0.9930699467658997,High,Queen's White Shower Tree,0.8873555660247803,High
IMG_6302.jpg,East-West-Maile,Queen's White Shower Tree,0.992611825466156,High,Queen's White Shower Tree,0.7435504198074341,Medium
IMG_6325.jpg,East-West-Maile,Queen's White Shower Tree,0.9981402158737183,High,Queen's White Shower Tree,0.9281026721000671,High
IMG_6366.jpg,East-West-Maile,Queen's White Shower Tree,0.695085883140564,Medium,Bombax Ceiba,0.3297293484210968,Low
IMG_6369.jpg,East-West-Maile,Queen's White Shower Tree,0.9956782460212708,High,Queen's White Shower Tree,0.8359769582748413,Medium
IMG_6381.jpg,East-West-Maile,Queen's White Shower Tree,0.9967405200004578,High,Queen's White Shower Tree,0.8973761796951294,High
IMG_6437.jpg,East-West-Maile,Queen's White Shower Tree,0.9994474053382874,High,Queen's White Shower Tree,0.9335681200027466,High
IMG_6438.jpg,East-West-Maile,Queen's White Shower Tree,0.9841406345367432,High,Queen's White Shower Tree,0.6326655745506287,Medium
IMG_6480.jpg,East-West-Maile,Queen's White Shower Tree,0.9967371821403503,High,Queen's White Shower Tree,0.8187537789344788,Medium
IMG_6485.jpg,East-West-Maile,Queen's White Shower Tree,0.8272007703781128,Medium,Lunalilo Yellow Shower Tree,0.5210514664649963,Low
IMG_6516.jpg,East-West-Maile,Queen's White Shower Tree,0.9970447421073914,High,Queen's White Shower Tree,0.8636899590492249,High
IMG_6555.jpg,East-West-Maile,Queen's White Shower Tree,0.9947964549064636,High,Queen's White Shower Tree,0.7263318300247192,Medium
IMG_6597.jpg,East-West-Maile,Queen's White Shower Tree,0.9791688323020935,High,Queen's White Shower Tree,0.5687328577041626,Low
IMG_6600.jpg,East-West-Maile,Rainbow Shower Tree,0.5910583734512329,Low,Rainbow Shower Tree,0.6670441031455994,Medium
IMG_6637.jpg,East-West-Maile,Queen's White Shower Tree,0.9972822666168213,High,Queen's White Shower Tree,0.8471853137016296,Medium
IMG_6677.jpg,East-West-Maile,Queen's White Shower Tree,0.9830422401428223,High,Queen's White Shower Tree,0.7221687436103821,Medium
IMG_6681.jpg,East-West-Maile,Queen's White Shower Tree,0.8248926997184753,Medium,Queen's White Shower Tree,0.6255645751953125,Medium
IMG_6715.jpg,East-West-Maile,Queen's White Shower Tree,0.9841917753219604,High,Queen's White Shower Tree,0.562865674495697,Low
IMG_6753 (1).jpg,East-West-Maile,Queen's White Shower Tree,0.702370285987854,Medium,Rainbow Shower Tree,0.34937578439712524,Low
IMG_6753.jpg,East-West-Maile,Queen's White Shower Tree,0.9676815867424011,High,Queen's White Shower Tree,0.46027860045433044,Low
IMG_6791.jpg,East-West-Maile,Queen's White Shower Tree,0.8667953610420227,High,Rainbow Shower Tree,0.37271422147750854,Low
IMG_6829.jpg,East-West-Maile,Queen's White Shower Tree,0.9143484234809875,High,Queen's White Shower Tree,0.34778305888175964,Low
IMG_6830.jpg,East-West-Maile,Queen's White Shower Tree,0.9794086813926697,High,Queen's White Shower Tree,0.6909042596817017,Medium
IMG_6869.jpg,East-West-Maile,Queen's White Shower Tree,0.9617673754692078,High,Queen's White Shower Tree,0.3419651687145233,Low
IMG_6903.jpg,East-West-Maile,Queen's White Shower Tree,0.9460011124610901,High,Queen's White Shower Tree,0.7738447785377502,Medium
IMG_6908.jpg,East-West-Maile,Queen's White Shower Tree,0.9975196719169617,High,Queen's White Shower Tree,0.8788780570030212,High
IMG_6949.jpg,East-West-Maile,Queen's White Shower Tree,0.9712738990783691,High,Queen's White Shower Tree,0.5253648161888123,Low
IMG_6954.jpg,East-West-Maile,Queen's White Shower Tree,0.5552458167076111,Low,Rainbow Shower Tree,0.5637457370758057,Low
IMG_6989.jpg,East-West-Maile,Queen's White Shower Tree,0.9144866466522217,High,Lunalilo Yellow Shower Tree,0.43994513154029846,Low
IMG_7003.jpg,East-West-Maile,Queen's White Shower Tree,0.6583771109580994,Medium,Rainbow Shower Tree,0.39835071563720703,Low
IMG_7034.jpg,East-West-Maile,Queen's White Shower Tree,0.9726606011390686,High,Queen's White Shower Tree,0.6357399821281433,Medium
IMG_7053.jpg,East-West-Maile,Queen's White Shower Tree,0.8790255784988403,High,Bombax Ceiba,0.34941112995147705,Low
IMG_7073.jpg,East-West-Maile,Queen's White Shower Tree,0.9866450428962708,High,Queen's White Shower Tree,0.8102707862854004,Medium
IMG_7109.jpg,East-West-Maile,Queen's White Shower Tree,0.7806538343429565,Medium,Bombax Ceiba,0.3795543909072876,Low
IMG_7113.jpg,East-West-Maile,Queen's White Shower Tree,0.9705361723899841,High,Queen's White Shower Tree,0.6838971972465515,Medium
IMG_7155.jpg,East-West-Maile,Queen's White Shower Tree,0.9563710689544678,High,Queen's White Shower Tree,0.4147756099700928,Low
IMG_7156.jpg,East-West-Maile,Queen's White Shower Tree,0.9677807092666626,High,Queen's White Shower Tree,0.47579917311668396,Low
IMG_7193.jpg,East-West-Maile,Queen's White Shower Tree,0.9813647866249084,High,Queen's White Shower Tree,0.8282556533813477,Medium
IMG_7197.jpg,East-West-Maile,Queen's White Shower Tree,0.7134707570075989,Medium,Rainbow Shower Tree,0.3634662628173828,Low
IMG_7232.jpg,East-West-Maile,Queen's White Shower Tree,0.945830225944519,High,Rainbow Shower Tree,0.47785675525665283,Low
IMG_7239.jpg,East-West-Maile,Queen's White Shower Tree,0.994838535785675,High,Queen's White Shower Tree,0.7772258520126343,Medium
IMG_7272.jpg,East-West-Maile,Queen's White Shower Tree,0.7110359072685242,Medium,Rainbow Shower Tree,0.4176441431045532,Low
IMG_7313.jpg,East-West-Maile,Queen's White Shower Tree,0.9969834685325623,High,Queen's White Shower Tree,0.8610004186630249,High
IMG_7351.jpg,East-West-Maile,Queen's White Shower Tree,0.6140905022621155,Medium,Lunalilo Yellow Shower Tree,0.4867078363895416,Low
IMG_7387.jpg,East-West-Maile,Queen's White Shower Tree,0.9977126121520996,High,Queen's White Shower Tree,0.8963821530342102,High
IMG_7402.jpg,East-West-Maile,Queen's White Shower Tree,0.9806910753250122,High,Queen's White Shower Tree,0.767531156539917,Medium
IMG_7426.jpg,East-West-Maile,Queen's White Shower Tree,0.6028684973716736,Medium,Lunalilo Yellow Shower Tree,0.6149786114692688,Medium
IMG_7445.jpg,East-West-Maile,Queen's White Shower Tree,0.9757035970687866,High,Queen's White Shower Tree,0.41799691319465637,Low
IMG_7464.jpg,East-West-Maile,Queen's White Shower Tree,0.9535056352615356,High,Rainbow Shower Tree,0.47727128863334656,Low
IMG_7503 (1).jpg,East-West-Maile,Queen's White Shower Tree,0.9776836633682251,High,Queen's White Shower Tree,0.6645369529724121,Medium
IMG_7503.jpg,East-West-Maile,Queen's White Shower Tree,0.9437580704689026,High,Queen's White Shower Tree,0.3747921288013458,Low
IMG_7542.jpg,East-West-Maile,Queen's White Shower Tree,0.9236454367637634,High,Queen's White Shower Tree,0.3592069149017334,Low
IMG_7547.jpg,East-West-Maile,Queen's White Shower Tree,0.9759707450866699,High,Queen's White Shower Tree,0.5965785384178162,Low
IMG_7582.jpg,East-West-Maile,Queen's White Shower Tree,0.9571563005447388,High,Queen's White Shower Tree,0.6190317869186401,Medium
IMG_7591.jpg,East-West-Maile,Queen's White Shower Tree,0.9874225854873657,High,Queen's White Shower Tree,0.781876266002655,Medium
IMG_7619.jpg,East-West-Maile,Queen's White Shower Tree,0.9875481128692627,High,Queen's White Shower Tree,0.6762843728065491,Medium
IMG_7655.jpg,East-West-Maile,Queen's White Shower Tree,0.9914031624794006,High,Queen's White Shower Tree,0.7236680388450623,Medium
IMG_7679.jpg,East-West-Maile,Queen's White Shower Tree,0.9177628755569458,High,Queen's White Shower Tree,0.5781192779541016,Low
IMG_7692.jpg,East-West-Maile,Queen's White Shower Tree,0.8508334755897522,High,Rainbow Shower Tree,0.28992730379104614,Low
IMG_7729 (1).jpg,East-West-Maile,Queen's White Shower Tree,0.9646618962287903,High,Queen's White Shower Tree,0.5053403973579407,Low
IMG_7729.jpg,East-West-Maile,Queen's White Shower Tree,0.8977087736129761,High,Rainbow Shower Tree,0.43936076760292053,Low
IMG_7771.jpg,East-West-Maile,Queen's White Shower Tree,0.9352961182594299,High,Lunalilo Yellow Shower Tree,0.5401670336723328,Low
IMG_7772.jpg,East-West-Maile,Queen's White Shower Tree,0.9124131798744202,High,Lunalilo Yellow Shower Tree,0.42604535818099976,Low
IMG_7814.jpg,East-West-Maile,Queen's White Shower Tree,0.9870081543922424,High,Queen's White Shower Tree,0.7902019023895264,Medium
IMG_7815.jpg,East-West-Maile,Queen's White Shower Tree,0.9741474986076355,High,Queen's White Shower Tree,0.5325884819030762,Low
IMG_7851.jpg,East-West-Maile,Queen's White Shower Tree,0.968038022518158,High,Queen's White Shower Tree,0.6403033137321472,Medium
IMG_7860.jpg,East-West-Maile,Queen's White Shower Tree,0.6278885006904602,Medium,Rainbow Shower Tree,0.49524322152137756,Low
IMG_7893.jpg,East-West-Maile,Queen's White Shower Tree,0.9896277189254761,High,Queen's White Shower Tree,0.5055366158485413,Low
IMG_7905.jpg,East-West-Maile,Lunalilo Yellow Shower Tree,0.4260222017765045,Low,Lunalilo Yellow Shower Tree,0.7395029664039612,Medium
IMG_7955.jpg,East-West-Maile,Queen's White Shower Tree,0.982358992099762,High,Queen's White Shower Tree,0.5051683783531189,Low
IMG_7972.jpg,East-West-Maile,Queen's White Shower Tree,0.9498298168182373,High,Queen's White Shower Tree,0.5711502432823181,Low
IMG_7989.jpg,East-West-Maile,Queen's White Shower Tree,0.7839190363883972,Medium,Lunalilo Yellow Shower Tree,0.37701961398124695,Low
IMG_8025.jpg,East-West-Maile,Queen's White Shower Tree,0.9254900217056274,High,Lunalilo Yellow Shower Tree,0.3955647051334381,Low
IMG_8033.jpg,East-West-Maile,Queen's White Shower Tree,0.48065662384033203,Low,Rainbow Shower Tree,0.4847329556941986,Low
IMG_8073.jpg,East-West-Maile,Rainbow Shower Tree,0.7429256439208984,Medium,Rainbow Shower Tree,0.5320884585380554,Low
IMG_8082.jpg,East-West-Maile,Queen's White Shower Tree,0.9928722381591797,High,Queen's White Shower Tree,0.6425133943557739,Medium
IMG_8118.jpg,East-West-Maile,Queen's White Shower Tree,0.9628594517707825,High,Queen's White Shower Tree,0.4654251039028168,Low
IMG_8175.jpg,East-West-Maile,Queen's White Shower Tree,0.988132894039154,High,Queen's White Shower Tree,0.6264941096305847,Medium
IMG_8181.jpg,East-West-Maile,Queen's White Shower Tree,0.9250365495681763,High,Queen's White Shower Tree,0.31548011302948,Low
IMG_8225.jpg,East-West-Maile,Queen's White Shower Tree,0.9285445809364319,High,Queen's White Shower Tree,0.4410738945007324,Low
IMG_8252.jpg,East-West-Maile,Queen's White Shower Tree,0.9889005422592163,High,Queen's White Shower Tree,0.47068771719932556,Low
IMG_8288.jpg,East-West-Maile,Queen's White Shower Tree,0.9881139397621155,High,Queen's White Shower Tree,0.7965980172157288,Medium
IMG_8346.jpg,East-West-Maile,Queen's White Shower Tree,0.9602438807487488,High,Queen's White Shower Tree,0.5988156199455261,Low
IMG_8388.jpg,East-West-Maile,Queen's White Shower Tree,0.46868696808815,Low,Rainbow Shower Tree,0.3757779896259308,Low
IMG_8435.jpg,East-West-Maile,Queen's White Shower Tree,0.9466800093650818,High,Queen's White Shower Tree,0.3904199004173279,Low
IMG_8480.jpg,East-West-Maile,Queen's White Shower Tree,0.9879986047744751,High,Queen's White Shower Tree,0.5851531624794006,Low
IMG_8484.jpg,East-West-Maile,Queen's White Shower Tree,0.9822255373001099,High,Queen's White Shower Tree,0.6749612092971802,Medium
IMG_8520.jpg,East-West-Maile,Queen's White Shower Tree,0.9637674689292908,High,Queen's White Shower Tree,0.3614036440849304,Low
IMG_8526.jpg,East-West-Maile,Queen's White Shower Tree,0.9890913367271423,High,Queen's White Shower Tree,0.6567599177360535,Medium
IMG_8558.jpg,East-West-Maile,Queen's White Shower Tree,0.9920996427536011,High,Queen's White Shower Tree,0.7522584199905396,Medium
IMG_8596.jpg,East-West-Maile,Queen's White Shower Tree,0.9573260545730591,High,Queen's White Shower Tree,0.4197723865509033,Low
IMG_8606.jpg,East-West-Maile,Queen's White Shower Tree,0.9939413070678711,High,Queen's White Shower Tree,0.8332117795944214,Medium
IMG_8642.jpg,East-West-Maile,Queen's White Shower Tree,0.9693275094032288,High,Queen's White Shower Tree,0.5776475071907043,Low
IMG_8667.jpg,East-West-Maile,Queen's White Shower Tree,0.9912577867507935,High,Queen's White Shower Tree,0.5809842348098755,Low
IMG_8714.jpg,East-West-Maile,Queen's White Shower Tree,0.9838724732398987,High,Queen's White Shower Tree,0.49803638458251953,Low
IMG_8728.jpg,East-West-Maile,Queen's White Shower Tree,0.9955564141273499,High,Queen's White Shower Tree,0.6959190964698792,Medium
IMG_8768.jpg,East-West-Maile,Queen's White Shower Tree,0.9300811886787415,High,Lunalilo Yellow Shower Tree,0.34583762288093567,Low
IMG_8785.jpg,East-West-Maile,Queen's White Shower Tree,0.9985370635986328,High,Queen's White Shower Tree,0.9458037614822388,High
IMG_8805.jpg,East-West-Maile,Queen's White Shower Tree,0.8873447775840759,High,Lunalilo Yellow Shower Tree,0.5313752889633179,Low
IMG_8810.jpg,East-West-Maile,Queen's White Shower Tree,0.9941692352294922,High,Queen's White Shower Tree,0.7869760394096375,Medium
IMG_8822.jpg,East-West-Maile,Queen's White Shower Tree,0.9031721949577332,High,Rainbow Shower Tree,0.5733817219734192,Low
IMG_8853.jpg,East-West-Maile,Queen's White Shower Tree,0.950865626335144,High,Rainbow Shower Tree,0.4609493017196655,Low
IMG_8886.jpg,East-West-Maile,Queen's White Shower Tree,0.9945967197418213,High,Queen's White Shower Tree,0.706693172454834,Medium
IMG_8913.jpg,East-West-Maile,Queen's White Shower Tree,0.9915028810501099,High,Queen's White Shower Tree,0.5454946756362915,Low
IMG_8922.jpg,East-West-Maile,Queen's White Shower Tree,0.9972499012947083,High,Queen's White Shower Tree,0.7875958681106567,Medium
IMG_8950.jpg,East-West-Maile,Queen's White Shower Tree,0.9890312552452087,High,Queen's White Shower Tree,0.6200480461120605,Medium
IMG_9005.jpg,East-West-Maile,Queen's White Shower Tree,0.9249087572097778,High,Lunalilo Yellow Shower Tree,0.3258589506149292,Low
IMG_9007.jpg,East-West-Maile,Rainbow Shower Tree,0.949787437915802,High,Rainbow Shower Tree,0.4246569573879242,Low
IMG_9013.jpg,East-West-Maile,Queen's White Shower Tree,0.998271107673645,High,Queen's White Shower Tree,0.8201292157173157,Medium
IMG_9055.jpg,East-West-Maile,Queen's White Shower Tree,0.9991475343704224,High,Queen's White Shower Tree,0.9445633888244629,High
IMG_9077.jpg,East-West-Maile,Queen's White Shower Tree,0.5693459510803223,Low,Rainbow Shower Tree,0.4108373522758484,Low
IMG_9097.jpg,East-West-Maile,Queen's White Shower Tree,0.9300800561904907,High,Lunalilo Yellow Shower Tree,0.5031240582466125,Low
IMG_9141.jpg,East-West-Maile,Queen's White Shower Tree,0.9932627081871033,High,Queen's White Shower Tree,0.5909097194671631,Low
IMG_9147.jpg,East-West-Maile,Queen's White Shower Tree,0.9782662987709045,High,Queen's White Shower Tree,0.661762535572052,Medium
IMG_9197.jpg,East-West-Maile,Queen's White Shower Tree,0.9978006482124329,High,Queen's White Shower Tree,0.9546635746955872,High
IMG_9229.jpg,East-West-Maile,Queen's White Shower Tree,0.9792283773422241,High,Rainbow Shower Tree,0.44754141569137573,Low
IMG_9258.jpg,East-West-Maile,Queen's White Shower Tree,0.9355459213256836,High,Lunalilo Yellow Shower Tree,0.4788251221179962,Low
IMG_9295.jpg,East-West-Maile,Queen's White Shower Tree,0.991672694683075,High,Queen's White Shower Tree,0.7398165464401245,Medium
IMG_9305.jpg,East-West-Maile,Queen's White Shower Tree,0.9398936033248901,High,Queen's White Shower Tree,0.5006771683692932,Low
IMG_9362.jpg,East-West-Maile,Queen's White Shower Tree,0.9989495873451233,High,Queen's White Shower Tree,0.9212015867233276,High
IMG_9372.jpg,East-West-Maile,Queen's White Shower Tree,0.9442683458328247,High,Lunalilo Yellow Shower Tree,0.35196927189826965,Low
IMG_9413.jpg,East-West-Maile,Queen's White Shower Tree,0.9400227665901184,High,Queen's White Shower Tree,0.5798706412315369,Low
IMG_9439.jpg,East-West-Maile,Queen's White Shower Tree,0.9545345306396484,High,Queen's White Shower Tree,0.3458233177661896,Low
IMG_9457.jpg,East-West-Maile,Queen's White Shower Tree,0.9934984445571899,High,Queen's White Shower Tree,0.7282843589782715,Medium
IMG_9473.jpg,East-West-Maile,Queen's White Shower Tree,0.9405372142791748,High,Queen's White Shower Tree,0.42575308680534363,Low
IMG_9511.jpg,East-West-Maile,Queen's White Shower Tree,0.6679772734642029,Medium,Rainbow Shower Tree,0.7259484529495239,Medium
IMG_9516.jpg,East-West-Maile,Queen's White Shower Tree,0.9671452641487122,High,Queen's White Shower Tree,0.5222806930541992,Low
IMG_9549.jpg,East-West-Maile,Queen's White Shower Tree,0.8523023128509521,High,Lunalilo Yellow Shower Tree,0.6884271502494812,Medium
IMG_9553.jpg,East-West-Maile,Queen's White Shower Tree,0.9910008311271667,High,Queen's White Shower Tree,0.8771949410438538,High
IMG_9594.jpg,East-West-Maile,Queen's White Shower Tree,0.9835740327835083,High,Queen's White Shower Tree,0.654886782169342,Medium
IMG_9596.jpg,East-West-Maile,Queen's White Shower Tree,0.9775757789611816,High,Queen's White Shower Tree,0.5166773796081543,Low
IMG_9635.jpg,East-West-Maile,Queen's White Shower Tree,0.9718942642211914,High,Queen's White Shower Tree,0.5167765617370605,Low
IMG_9639.jpg,East-West-Maile,Queen's White Shower Tree,0.973254919052124,High,Queen's White Shower Tree,0.6917751431465149,Medium
IMG_9675.jpg,East-West-Maile,Queen's White Shower Tree,0.9602792859077454,High,Queen's White Shower Tree,0.5253143906593323,Low
IMG_9698.jpg,East-West-Maile,Queen's White Shower Tree,0.9895585775375366,High,Queen's White Shower Tree,0.74599689245224,Medium
IMG_9716.jpg,East-West-Maile,Queen's White Shower Tree,0.8546919822692871,High,Lunalilo Yellow Shower Tree,0.41775885224342346,Low
IMG_9718.jpg,East-West-Maile,Queen's White Shower Tree,0.8739132881164551,High,Queen's White Shower Tree,0.36247968673706055,Low
IMG_9757.jpg,East-West-Maile,Queen's White Shower Tree,0.9965229034423828,High,Queen's White Shower Tree,0.5985424518585205,Low
IMG_9761.jpg,East-West-Maile,Queen's White Shower Tree,0.9982051849365234,High,Queen's White Shower Tree,0.9540772438049316,High
IMG_9798.jpg,East-West-Maile,Queen's White Shower Tree,0.9614637494087219,High,Queen's White Shower Tree,0.5562373995780945,Low
IMG_9802.jpg,East-West-Maile,Queen's White Shower Tree,0.9944562315940857,High,Queen's White Shower Tree,0.8421339392662048,Medium
IMG_9845.jpg,East-West-Maile,Queen's White Shower Tree,0.9832616448402405,High,Queen's White Shower Tree,0.5369865894317627,Low
IMG_9878.jpg,East-West-Maile,Queen's White Shower Tree,0.9962528944015503,High,Queen's White Shower Tree,0.9364104270935059,High
IMG_9889.jpg,East-West-Maile,Queen's White Shower Tree,0.9982244372367859,High,Queen's White Shower Tree,0.9037572741508484,High
IMG_9921.jpg,East-West-Maile,Queen's White Shower Tree,0.9919096827507019,High,Queen's White Shower Tree,0.7726718187332153,Medium
IMG_9933.jpg,East-West-Maile,Queen's White Shower Tree,0.9977268576622009,High,Queen's White Shower Tree,0.9091616272926331,High
IMG_9979.jpg,East-West-Maile,Queen's White Shower Tree,0.9974682331085205,High,Queen's White Shower Tree,0.8913565278053284,High
IMG_0038.jpg,Maile Library,Lunalilo Yellow Shower Tree,0.9976404905319214,High,Lunalilo Yellow Shower Tree,0.9363749623298645,High
IMG_0063.jpg,Maile Library,Lunalilo Yellow Shower Tree,0.9724030494689941,High,Lunalilo Yellow Shower Tree,0.8362364172935486,Medium
IMG_0080.jpg,Maile Library,Lunalilo Yellow Shower Tree,0.9990147352218628,High,Lunalilo Yellow Shower Tree,0.9734698534011841,High
IMG_0120.jpg,Maile Library,Lunalilo Yellow Shower Tree,0.9983204007148743,High,Lunalilo Yellow Shower Tree,0.9406612515449524,High
IMG_0129.jpg,Maile Library,Lunalilo Yellow Shower Tree,0.925818920135498,High,Lunalilo Yellow Shower Tree,0.8076560497283936,Medium
IMG_0163.jpg,Maile Library,Lunalilo Yellow Shower Tree,0.991019070148468,High,Lunalilo Yellow Shower Tree,0.869025468826294,High
IMG_0185.jpg,Maile Library,Lunalilo Yellow Shower Tree,0.9964777827262878,High,Lunalilo Yellow Shower Tree,0.9695232510566711,High
IMG_0204.jpg,Maile Library,Lunalilo Yellow Shower Tree,0.9945354461669922,High,Lunalilo Yellow Shower Tree,0.9095115661621094,High
IMG_0248.jpg,Maile Library,Lunalilo Yellow Shower Tree,0.9945951104164124,High,Lunalilo Yellow Shower Tree,0.854351818561554,High
IMG_0252.jpg,Maile Library,Lunalilo Yellow Shower Tree,0.9690449237823486,High,Lunalilo Yellow Shower Tree,0.7223311066627502,Medium
IMG_0298.jpg,Maile Library,Lunalilo Yellow Shower Tree,0.9814496040344238,High,Lunalilo Yellow Shower Tree,0.8173614144325256,Medium
IMG_0334.jpg,Maile Library,Lunalilo Yellow Shower Tree,0.5284386277198792,Low,Queen's White Shower Tree,0.6410816311836243,Medium
IMG_0366.jpg,Maile Library,Lunalilo Yellow Shower Tree,0.9974178075790405,High,Lunalilo Yellow Shower Tree,0.946283757686615,High
IMG_0388.jpg,Maile Library,Lunalilo Yellow Shower Tree,0.9324088096618652,High,Lunalilo Yellow Shower Tree,0.7715633511543274,Medium
IMG_0410.jpg,Maile Library,Lunalilo Yellow Shower Tree,0.9943490624427795,High,Lunalilo Yellow Shower Tree,0.896295428276062,High
IMG_0459.jpg,Maile Library,Lunalilo Yellow Shower Tree,0.998199462890625,High,Lunalilo Yellow Shower Tree,0.9490433931350708,High
IMG_0504.jpg,Maile Library,Lunalilo Yellow Shower Tree,0.9860463738441467,High,Lunalilo Yellow Shower Tree,0.8440435528755188,Medium
IMG_0511.jpg,Maile Library,Lunalilo Yellow Shower Tree,0.8066911101341248,Medium,Lunalilo Yellow Shower Tree,0.5793966054916382,Low
IMG_0542.jpg,Maile Library,Lunalilo Yellow Shower Tree,0.9942886829376221,High,Lunalilo Yellow Shower Tree,0.9222431182861328,High
IMG_0547.jpg,Maile Library,Lunalilo Yellow Shower Tree,0.997960090637207,High,Lunalilo Yellow Shower Tree,0.9685990214347839,High
IMG_0584.jpg,Maile Library,Lunalilo Yellow Shower Tree,0.9773591160774231,High,Lunalilo Yellow Shower Tree,0.8421083688735962,Medium
IMG_0589.jpg,Maile Library,Lunalilo Yellow Shower Tree,0.9884816408157349,High,Lunalilo Yellow Shower Tree,0.8680280447006226,High
IMG_0630.jpg,Maile Library,Lunalilo Yellow Shower Tree,0.9440263509750366,High,Lunalilo Yellow Shower Tree,0.6306498646736145,Medium
IMG_0637.jpg,Maile Library,Lunalilo Yellow Shower Tree,0.9962056875228882,High,Lunalilo Yellow Shower Tree,0.947696328163147,High
IMG_0678.jpg,Maile Library,Lunalilo Yellow Shower Tree,0.9914432168006897,High,Lunalilo Yellow Shower Tree,0.9169301390647888,High
IMG_0681.jpg,Maile Library,Lunalilo Yellow Shower Tree,0.9757930636405945,High,Lunalilo Yellow Shower Tree,0.844773530960083,Medium
IMG_0713.jpg,Maile Library,Lunalilo Yellow Shower Tree,0.9876630902290344,High,Lunalilo Yellow Shower Tree,0.8804661631584167,High
IMG_0723.jpg,Maile Library,Lunalilo Yellow Shower Tree,0.9962053894996643,High,Lunalilo Yellow Shower Tree,0.9481732249259949,High
IMG_0771.jpg,Maile Library,Lunalilo Yellow Shower Tree,0.9918776750564575,High,Lunalilo Yellow Shower Tree,0.8664388656616211,High
IMG_0778.jpg,Maile Library,Lunalilo Yellow Shower Tree,0.9580565690994263,High,Lunalilo Yellow Shower Tree,0.8319776654243469,Medium
IMG_0810.jpg,Maile Library,Lunalilo Yellow Shower Tree,0.992789089679718,High,Lunalilo Yellow Shower Tree,0.8859050273895264,High
IMG_0815.jpg,Maile Library,Lunalilo Yellow Shower Tree,0.9906694889068604,High,Lunalilo Yellow Shower Tree,0.9473934173583984,High
IMG_0849.jpg,Maile Library,Lunalilo Yellow Shower Tree,0.9143806099891663,High,Lunalilo Yellow Shower Tree,0.686704695224762,Medium
IMG_0851.jpg,Maile Library,Lunalilo Yellow Shower Tree,0.995177149772644,High,Lunalilo Yellow Shower Tree,0.8958616256713867,High
IMG_0881.jpg,Maile Library,Lunalilo Yellow Shower Tree,0.9817065596580505,High,Lunalilo Yellow Shower Tree,0.9219124913215637,High
IMG_0899.jpg,Maile Library,Lunalilo Yellow Shower Tree,0.9883939027786255,High,Lunalilo Yellow Shower Tree,0.9045447707176208,High
IMG_0929.jpg,Maile Library,Lunalilo Yellow Shower Tree,0.9801351428031921,High,Lunalilo Yellow Shower Tree,0.8483788371086121,Medium
IMG_0940.jpg,Maile Library,Lunalilo Yellow Shower Tree,0.9960479140281677,High,Lunalilo Yellow Shower Tree,0.9412769079208374,High
IMG_0959.jpg,Maile Library,Lunalilo Yellow Shower Tree,0.9963819980621338,High,Lunalilo Yellow Shower Tree,0.9548073410987854,High
IMG_0977.jpg,Maile Library,Lunalilo Yellow Shower Tree,0.970311164855957,High,Lunalilo Yellow Shower Tree,0.803184449672699,Medium
IMG_0994.jpg,Maile Library,Lunalilo Yellow Shower Tree,0.9912051558494568,High,Lunalilo Yellow Shower Tree,0.9126251935958862,High
IMG_1012.jpg,Maile Library,Lunalilo Yellow Shower Tree,0.7428977489471436,Medium,Rainbow Shower Tree,0.7433726787567139,Medium
IMG_1035.jpg,Maile Library,Lunalilo Yellow Shower Tree,0.7768345475196838,Medium,Lunalilo Yellow Shower Tree,0.48184072971343994,Low
IMG_1052.jpg,Maile Library,Lunalilo Yellow Shower Tree,0.9982819557189941,High,Lunalilo Yellow Shower Tree,0.9393237233161926,High
IMG_1090.jpg,Maile Library,Lunalilo Yellow Shower Tree,0.974811851978302,High,Lunalilo Yellow Shower Tree,0.738105833530426,Medium
IMG_1126.jpg,Maile Library,Lunalilo Yellow Shower Tree,0.9894893765449524,High,Lunalilo Yellow Shower Tree,0.8842595815658569,High
IMG_1134.jpg,Maile Library,Lunalilo Yellow Shower Tree,0.9967949986457825,High,Lunalilo Yellow Shower Tree,0.9245473742485046,High
IMG_1169.jpg,Maile Library,Lunalilo Yellow Shower Tree,0.839135468006134,Medium,Lunalilo Yellow Shower Tree,0.3821200430393219,Low
IMG_1206.jpg,Maile Library,Lunalilo Yellow Shower Tree,0.9944068193435669,High,Lunalilo Yellow Shower Tree,0.9114751815795898,High
IMG_1268.jpg,Maile Library,Lunalilo Yellow Shower Tree,0.9994825124740601,High,Lunalilo Yellow Shower Tree,0.9865841269493103,High
IMG_1335.jpg,Maile Library,Lunalilo Yellow Shower Tree,0.9819635152816772,High,Lunalilo Yellow Shower Tree,0.8161133527755737,Medium
IMG_1352.jpg,Maile Library,Lunalilo Yellow Shower Tree,0.995775043964386,High,Lunalilo Yellow Shower Tree,0.8712208271026611,High
IMG_1393.jpg,Maile Library,Lunalilo Yellow Shower Tree,0.985865592956543,High,Lunalilo Yellow Shower Tree,0.8277234435081482,Medium
IMG_1406.jpg,Maile Library,Lunalilo Yellow Shower Tree,0.9736396074295044,High,Lunalilo Yellow Shower Tree,0.7739700078964233,Medium
IMG_1432.jpg,Maile Library,Lunalilo Yellow Shower Tree,0.9811344146728516,High,Lunalilo Yellow Shower Tree,0.7554895281791687,Medium
IMG_1444.jpg,Maile Library,Lunalilo Yellow Shower Tree,0.9949929118156433,High,Lunalilo Yellow Shower Tree,0.871239185333252,High
IMG_1464.jpg,Maile Library,Lunalilo Yellow Shower Tree,0.9342197775840759,High,Lunalilo Yellow Shower Tree,0.5999032855033875,Low
IMG_1497.jpg,Maile Library,Lunalilo Yellow Shower Tree,0.8731939196586609,High,Lunalilo Yellow Shower Tree,0.521662175655365,Low
IMG_1508.jpg,Maile Library,Lunalilo Yellow Shower Tree,0.9892482161521912,High,Lunalilo Yellow Shower Tree,0.8870988488197327,High
IMG_1546.jpg,Maile Library,Lunalilo Yellow Shower Tree,0.9890478253364563,High,Lunalilo Yellow Shower Tree,0.8602960109710693,High
IMG_1547.jpg,Maile Library,Lunalilo Yellow Shower Tree,0.9611027836799622,High,Lunalilo Yellow Shower Tree,0.801118016242981,Medium
IMG_1582.jpg,Maile Library,Lunalilo Yellow Shower Tree,0.986889123916626,High,Lunalilo Yellow Shower Tree,0.8455995321273804,Medium
IMG_1592.jpg,Maile Library,Lunalilo Yellow Shower Tree,0.9736093878746033,High,Lunalilo Yellow Shower Tree,0.7938241362571716,Medium
IMG_1608.jpg,Maile Library,Lunalilo Yellow Shower Tree,0.9579147696495056,High,Lunalilo Yellow Shower Tree,0.8251461386680603,Medium
IMG_1634.jpg,Maile Library,Lunalilo Yellow Shower Tree,0.968942403793335,High,Lunalilo Yellow Shower Tree,0.752803385257721,Medium
IMG_1657.jpg,Maile Library,Lunalilo Yellow Shower Tree,0.9710001349449158,High,Lunalilo Yellow Shower Tree,0.8323886394500732,Medium
IMG_1672.jpg,Maile Library,Lunalilo Yellow Shower Tree,0.9728315472602844,High,Lunalilo Yellow Shower Tree,0.7494640946388245,Medium
IMG_1688.jpg,Maile Library,Lunalilo Yellow Shower Tree,0.9942256808280945,High,Lunalilo Yellow Shower Tree,0.8388345241546631,Medium
IMG_1755.jpg,Maile Library,Lunalilo Yellow Shower Tree,0.9937258362770081,High,Lunalilo Yellow Shower Tree,0.9200063943862915,High
IMG_1758.jpg,Maile Library,Lunalilo Yellow Shower Tree,0.9862809181213379,High,Lunalilo Yellow Shower Tree,0.9127694964408875,High
IMG_1824.jpg,Maile Library,Lunalilo Yellow Shower Tree,0.9643389582633972,High,Lunalilo Yellow Shower Tree,0.792701780796051,Medium
IMG_1831.jpg,Maile Library,Lunalilo Yellow Shower Tree,0.9623850584030151,High,Lunalilo Yellow Shower Tree,0.8082373142242432,Medium
IMG_1870.jpg,Maile Library,Lunalilo Yellow Shower Tree,0.9925060868263245,High,Lunalilo Yellow Shower Tree,0.8601470589637756,High
IMG_1877.jpg,Maile Library,Lunalilo Yellow Shower Tree,0.9994795918464661,High,Lunalilo Yellow Shower Tree,0.9800753593444824,High
IMG_1940.jpg,Maile Library,Lunalilo Yellow Shower Tree,0.9859938621520996,High,Lunalilo Yellow Shower Tree,0.802556037902832,Medium
IMG_1968.jpg,Maile Library,Lunalilo Yellow Shower Tree,0.986900269985199,High,Lunalilo Yellow Shower Tree,0.6925371289253235,Medium
IMG_1979.jpg,Maile Library,Lunalilo Yellow Shower Tree,0.9856866002082825,High,Lunalilo Yellow Shower Tree,0.811606228351593,Medium
IMG_2029.jpg,Maile Library,Lunalilo Yellow Shower Tree,0.977882444858551,High,Lunalilo Yellow Shower Tree,0.8144826889038086,Medium
IMG_2046.jpg,Maile Library,Lunalilo Yellow Shower Tree,0.9765229821205139,High,Lunalilo Yellow Shower Tree,0.798780083656311,Medium
IMG_2063.jpg,Maile Library,Lunalilo Yellow Shower Tree,0.6857394576072693,Medium,Rainbow Shower Tree,0.5065567493438721,Low
IMG_2098.jpg,Maile Library,Lunalilo Yellow Shower Tree,0.9410279989242554,High,Lunalilo Yellow Shower Tree,0.6825258731842041,Medium
IMG_2112.jpg,Maile Library,Lunalilo Yellow Shower Tree,0.9323543906211853,High,Lunalilo Yellow Shower Tree,0.5339892506599426,Low
IMG_2157.jpg,Maile Library,Lunalilo Yellow Shower Tree,0.9984739422798157,High,Lunalilo Yellow Shower Tree,0.9695910811424255,High
IMG_2180.jpg,Maile Library,Lunalilo Yellow Shower Tree,0.9902003407478333,High,Lunalilo Yellow Shower Tree,0.8032621741294861,Medium
IMG_2219.jpg,Maile Library,Lunalilo Yellow Shower Tree,0.9450114965438843,High,Lunalilo Yellow Shower Tree,0.6962145566940308,Medium
IMG_2221.jpg,Maile Library,Lunalilo Yellow Shower Tree,0.9740066528320312,High,Lunalilo Yellow Shower Tree,0.725398600101471,Medium
IMG_2264.jpg,Maile Library,Lunalilo Yellow Shower Tree,0.9513497352600098,High,Lunalilo Yellow Shower Tree,0.7779726386070251,Medium
IMG_2307.jpg,Maile Library,Lunalilo Yellow Shower Tree,0.9941383600234985,High,Lunalilo Yellow Shower Tree,0.8832026720046997,High
IMG_2322.jpg,Maile Library,Lunalilo Yellow Shower Tree,0.988636314868927,High,Lunalilo Yellow Shower Tree,0.8673761487007141,High
IMG_2368.jpg,Maile Library,Lunalilo Yellow Shower Tree,0.7541971802711487,Medium,Rainbow Shower Tree,0.40795841813087463,Low
IMG_2377.jpg,Maile Library,Lunalilo Yellow Shower Tree,0.9407200813293457,High,Lunalilo Yellow Shower Tree,0.6765722632408142,Medium
IMG_2433.jpg,Maile Library,Lunalilo Yellow Shower Tree,0.9381556510925293,High,Lunalilo Yellow Shower Tree,0.6403858065605164,Medium
IMG_2446.jpg,Maile Library,Lunalilo Yellow Shower Tree,0.9992583394050598,High,Lunalilo Yellow Shower Tree,0.9838809370994568,High
IMG_2518.jpg,Maile Library,Lunalilo Yellow Shower Tree,0.9812443852424622,High,Lunalilo Yellow Shower Tree,0.8650866746902466,High
IMG_2524.jpg,Maile Library,Lunalilo Yellow Shower Tree,0.9944683313369751,High,Lunalilo Yellow Shower Tree,0.9112602472305298,High
IMG_2600.jpg,Maile Library,Lunalilo Yellow Shower Tree,0.8005843162536621,Medium,Rainbow Shower Tree,0.638077437877655,Medium
IMG_2672.jpg,Maile Library,Lunalilo Yellow Shower Tree,0.9644966125488281,High,Lunalilo Yellow Shower Tree,0.7923440933227539,Medium
IMG_2679.jpg,Maile Library,Lunalilo Yellow Shower Tree,0.9857583045959473,High,Lunalilo Yellow Shower Tree,0.8412750363349915,Medium
IMG_2755.jpg,Maile Library,Lunalilo Yellow Shower Tree,0.8407848477363586,Medium,Lunalilo Yellow Shower Tree,0.5491253733634949,Low
IMG_2820.jpg,Maile Library,Lunalilo Yellow Shower Tree,0.5969630479812622,Low,Rainbow Shower Tree,0.5944706797599792,Low
IMG_2843.jpg,Maile Library,Lunalilo Yellow Shower Tree,0.9930470585823059,High,Lunalilo Yellow Shower Tree,0.9049688577651978,High
IMG_2892.jpg,Maile Library,Lunalilo Yellow Shower Tree,0.8539701104164124,High,Lunalilo Yellow Shower Tree,0.405313640832901,Low
IMG_2965.jpg,Maile Library,Lunalilo Yellow Shower Tree,0.9714396595954895,High,Lunalilo Yellow Shower Tree,0.6563434600830078,Medium
IMG_3022.jpg,Maile Library,Lunalilo Yellow Shower Tree,0.9948262572288513,High,Lunalilo Yellow Shower Tree,0.9073686003684998,High
IMG_3063.jpg,Maile Library,Lunalilo Yellow Shower Tree,0.9942978024482727,High,Lunalilo Yellow Shower Tree,0.9136635065078735,High
IMG_3108.jpg,Maile Library,Lunalilo Yellow Shower Tree,0.9831205606460571,High,Lunalilo Yellow Shower Tree,0.8224571943283081,Medium
IMG_3150.jpg,Maile Library,Lunalilo Yellow Shower Tree,0.9809415340423584,High,Lunalilo Yellow Shower Tree,0.6952020525932312,Medium
IMG_3193.jpg,Maile Library,Lunalilo Yellow Shower Tree,0.9882093667984009,High,Lunalilo Yellow Shower Tree,0.8408228754997253,Medium
IMG_3237.jpg,Maile Library,Lunalilo Yellow Shower Tree,0.9784902930259705,High,Lunalilo Yellow Shower Tree,0.7371536493301392,Medium
IMG_3238.jpg,Maile Library,Lunalilo Yellow Shower Tree,0.8982370495796204,High,Lunalilo Yellow Shower Tree,0.8209698796272278,Medium
IMG_3290.jpg,Maile Library,Lunalilo Yellow Shower Tree,0.9585734009742737,High,Lunalilo Yellow Shower Tree,0.5519552230834961,Low
IMG_3339.jpg,Maile Library,Lunalilo Yellow Shower Tree,0.9946200847625732,High,Lunalilo Yellow Shower Tree,0.9205406308174133,High
IMG_3387.jpg,Maile Library,Lunalilo Yellow Shower Tree,0.9907359480857849,High,Lunalilo Yellow Shower Tree,0.8741761445999146,High
IMG_3537.jpg,Maile Library,Lunalilo Yellow Shower Tree,0.9012038111686707,High,Lunalilo Yellow Shower Tree,0.5206801295280457,Low
IMG_3574.jpg,Maile Library,Lunalilo Yellow Shower Tree,0.9869427680969238,High,Lunalilo Yellow Shower Tree,0.8372208476066589,Medium
IMG_3621.jpg,Maile Library,Lunalilo Yellow Shower Tree,0.993674635887146,High,Lunalilo Yellow Shower Tree,0.880098819732666,High
IMG_3662.jpg,Maile Library,Lunalilo Yellow Shower Tree,0.9959850311279297,High,Lunalilo Yellow Shower Tree,0.9142688512802124,High
IMG_3705.jpg,Maile Library,Lunalilo Yellow Shower Tree,0.9988812804222107,High,Lunalilo Yellow Shower Tree,0.9196016192436218,High
IMG_3751.jpg,Maile Library,Lunalilo Yellow Shower Tree,0.9318339824676514,High,Lunalilo Yellow Shower Tree,0.5906082391738892,Low
IMG_3793.jpg,Maile Library,Lunalilo Yellow Shower Tree,0.9970456957817078,High,Lunalilo Yellow Shower Tree,0.9372776746749878,High
IMG_3835.jpg,Maile Library,Lunalilo Yellow Shower Tree,0.9987911581993103,High,Lunalilo Yellow Shower Tree,0.9727769494056702,High
IMG_3876.jpg,Maile Library,Lunalilo Yellow Shower Tree,0.9933144450187683,High,Lunalilo Yellow Shower Tree,0.929419755935669,High
IMG_3922.jpg,Maile Library,Lunalilo Yellow Shower Tree,0.9976352453231812,High,Lunalilo Yellow Shower Tree,0.9606227278709412,High
IMG_3961.jpg,Maile Library,Lunalilo Yellow Shower Tree,0.6444878578186035,Medium,Rainbow Shower Tree,0.8870989084243774,High
IMG_3999.jpg,Maile Library,Lunalilo Yellow Shower Tree,0.999323844909668,High,Lunalilo Yellow Shower Tree,0.9740443229675293,High
IMG_4112.jpg,Maile Library,Lunalilo Yellow Shower Tree,0.9965866804122925,High,Lunalilo Yellow Shower Tree,0.8915939331054688,High
IMG_4148.jpg,Maile Library,Lunalilo Yellow Shower Tree,0.9938752055168152,High,Lunalilo Yellow Shower Tree,0.8913342952728271,High
IMG_4191.jpg,Maile Library,Lunalilo Yellow Shower Tree,0.9944814443588257,High,Lunalilo Yellow Shower Tree,0.8950603008270264,High
IMG_4237.jpg,Maile Library,Lunalilo Yellow Shower Tree,0.9931163191795349,High,Lunalilo Yellow Shower Tree,0.8988008499145508,High
IMG_4285.jpg,Maile Library,Lunalilo Yellow Shower Tree,0.984684407711029,High,Lunalilo Yellow Shower Tree,0.8109722137451172,Medium
IMG_4329.jpg,Maile Library,Lunalilo Yellow Shower Tree,0.9883769154548645,High,Lunalilo Yellow Shower Tree,0.8184160590171814,Medium
IMG_4370.jpg,Maile Library,Lunalilo Yellow Shower Tree,0.9961788654327393,High,Lunalilo Yellow Shower Tree,0.948148787021637,High
IMG_4419.jpg,Maile Library,Lunalilo Yellow Shower Tree,0.9978033900260925,High,Lunalilo Yellow Shower Tree,0.952018678188324,High
IMG_4424.jpg,Maile Library,Lunalilo Yellow Shower Tree,0.8562871217727661,High,Lunalilo Yellow Shower Tree,0.4757626950740814,Low
IMG_4462.jpg,Maile Library,Rainbow Shower Tree,0.54844069480896,Low,Rainbow Shower Tree,0.5972406268119812,Low
IMG_4465.jpg,Maile Library,Lunalilo Yellow Shower Tree,0.914248526096344,High,Rainbow Shower Tree,0.5204085111618042,Low
IMG_4506.jpg,Maile Library,Lunalilo Yellow Shower Tree,0.9989792108535767,High,Lunalilo Yellow Shower Tree,0.9426802396774292,High
IMG_4521.jpg,Maile Library,Lunalilo Yellow Shower Tree,0.6765093207359314,Medium,Rainbow Shower Tree,0.6635603308677673,Medium
IMG_4553.jpg,Maile Library,Lunalilo Yellow Shower Tree,0.9985259175300598,High,Lunalilo Yellow Shower Tree,0.9855491518974304,High
IMG_4570.jpg,Maile Library,Lunalilo Yellow Shower Tree,0.9839104413986206,High,Lunalilo Yellow Shower Tree,0.7902871966362,Medium
IMG_4599.jpg,Maile Library,Lunalilo Yellow Shower Tree,0.9957755208015442,High,Lunalilo Yellow Shower Tree,0.89239501953125,High
IMG_4632.jpg,Maile Library,Lunalilo Yellow Shower Tree,0.844754159450531,Medium,Rainbow Shower Tree,0.5363626480102539,Low
IMG_4645.jpg,Maile Library,Lunalilo Yellow Shower Tree,0.8479250073432922,Medium,Rainbow Shower Tree,0.55129075050354,Low
IMG_4691.jpg,Maile Library,Lunalilo Yellow Shower Tree,0.937433123588562,High,Lunalilo Yellow Shower Tree,0.5182482600212097,Low
IMG_4701.jpg,Maile Library,Lunalilo Yellow Shower Tree,0.9992751479148865,High,Lunalilo Yellow Shower Tree,0.9902494549751282,High
IMG_4751 (1).jpg,Maile Library,Lunalilo Yellow Shower Tree,0.990921139717102,High,Lunalilo Yellow Shower Tree,0.6919713020324707,Medium
IMG_4751.jpg,Maile Library,Lunalilo Yellow Shower Tree,0.9900304079055786,High,Lunalilo Yellow Shower Tree,0.7648003101348877,Medium
IMG_4801.jpg,Maile Library,Lunalilo Yellow Shower Tree,0.9965973496437073,High,Lunalilo Yellow Shower Tree,0.9122003316879272,High
IMG_4811.jpg,Maile Library,Lunalilo Yellow Shower Tree,0.9970442652702332,High,Lunalilo Yellow Shower Tree,0.9232081174850464,High
IMG_4856.jpg,Maile Library,Lunalilo Yellow Shower Tree,0.9886789917945862,High,Lunalilo Yellow Shower Tree,0.7233457565307617,Medium
IMG_4864.jpg,Maile Library,Lunalilo Yellow Shower Tree,0.9952217936515808,High,Lunalilo Yellow Shower Tree,0.9184726476669312,High
IMG_4882.jpg,Maile Library,Lunalilo Yellow Shower Tree,0.9938206076622009,High,Lunalilo Yellow Shower Tree,0.9161003232002258,High
IMG_4925.jpg,Maile Library,Lunalilo Yellow Shower Tree,0.9977084398269653,High,Lunalilo Yellow Shower Tree,0.9223686456680298,High
IMG_4929.jpg,Maile Library,Lunalilo Yellow Shower Tree,0.994204580783844,High,Lunalilo Yellow Shower Tree,0.94756680727005,High
IMG_4981.jpg,Maile Library,Lunalilo Yellow Shower Tree,0.9813763499259949,High,Lunalilo Yellow Shower Tree,0.793346643447876,Medium
IMG_4982.jpg,Maile Library,Lunalilo Yellow Shower Tree,0.9760613441467285,High,Lunalilo Yellow Shower Tree,0.6828911900520325,Medium
IMG_5023.jpg,Maile Library,Lunalilo Yellow Shower Tree,0.9957751631736755,High,Lunalilo Yellow Shower Tree,0.9324692487716675,High
IMG_5048.jpg,Maile Library,Lunalilo Yellow Shower Tree,0.9961612224578857,High,Lunalilo Yellow Shower Tree,0.9589571356773376,High
IMG_5079.jpg,Maile Library,Lunalilo Yellow Shower Tree,0.9561778903007507,High,Lunalilo Yellow Shower Tree,0.5765750408172607,Low
IMG_5112.jpg,Maile Library,Lunalilo Yellow Shower Tree,0.9951950907707214,High,Lunalilo Yellow Shower Tree,0.9215470552444458,High
IMG_5128.jpg,Maile Library,Lunalilo Yellow Shower Tree,0.99741131067276,High,Lunalilo Yellow Shower Tree,0.9442119002342224,High
IMG_5175.jpg,Maile Library,Lunalilo Yellow Shower Tree,0.9937645196914673,High,Lunalilo Yellow Shower Tree,0.9329310059547424,High
IMG_5206.jpg,Maile Library,Lunalilo Yellow Shower Tree,0.9426771998405457,High,Lunalilo Yellow Shower Tree,0.5545445680618286,Low
IMG_5237.jpg,Maile Library,Lunalilo Yellow Shower Tree,0.9637355804443359,High,Lunalilo Yellow Shower Tree,0.7356976270675659,Medium
IMG_5272.jpg,Maile Library,Lunalilo Yellow Shower Tree,0.9927425384521484,High,Lunalilo Yellow Shower Tree,0.8227366209030151,Medium
IMG_5296.jpg,Maile Library,Lunalilo Yellow Shower Tree,0.9952073693275452,High,Lunalilo Yellow Shower Tree,0.8711785674095154,High
IMG_5317.jpg,Maile Library,Lunalilo Yellow Shower Tree,0.9006847143173218,High,Lunalilo Yellow Shower Tree,0.6434665322303772,Medium
IMG_5357.jpg,Maile Library,Lunalilo Yellow Shower Tree,0.9462819695472717,High,Lunalilo Yellow Shower Tree,0.5922775268554688,Low
IMG_5361.jpg,Maile Library,Lunalilo Yellow Shower Tree,0.996217668056488,High,Lunalilo Yellow Shower Tree,0.8823075890541077,High
IMG_5410.jpg,Maile Library,Lunalilo Yellow Shower Tree,0.9887570738792419,High,Lunalilo Yellow Shower Tree,0.9271650314331055,High
IMG_5432.jpg,Maile Library,Lunalilo Yellow Shower Tree,0.904087483882904,High,Lunalilo Yellow Shower Tree,0.48674046993255615,Low
IMG_5458.jpg,Maile Library,Lunalilo Yellow Shower Tree,0.9790166020393372,High,Lunalilo Yellow Shower Tree,0.8224220871925354,Medium
IMG_5498.jpg,Maile Library,Lunalilo Yellow Shower Tree,0.9534329175949097,High,Lunalilo Yellow Shower Tree,0.5697327852249146,Low
IMG_5506.jpg,Maile Library,Lunalilo Yellow Shower Tree,0.774724543094635,Medium,Rainbow Shower Tree,0.47868815064430237,Low
IMG_5562.jpg,Maile Library,Lunalilo Yellow Shower Tree,0.8953694701194763,High,Lunalilo Yellow Shower Tree,0.6632922291755676,Medium
IMG_5584.jpg,Maile Library,Lunalilo Yellow Shower Tree,0.9843367338180542,High,Lunalilo Yellow Shower Tree,0.6798824667930603,Medium
IMG_5622.jpg,Maile Library,Lunalilo Yellow Shower Tree,0.9806419014930725,High,Lunalilo Yellow Shower Tree,0.8300647735595703,Medium
IMG_5659.jpg,Maile Library,Lunalilo Yellow Shower Tree,0.9897239208221436,High,Lunalilo Yellow Shower Tree,0.8076573014259338,Medium
IMG_5698.jpg,Maile Library,Lunalilo Yellow Shower Tree,0.9995997548103333,High,Lunalilo Yellow Shower Tree,0.9725151062011719,High
IMG_5713.jpg,Maile Library,Lunalilo Yellow Shower Tree,0.9976853132247925,High,Lunalilo Yellow Shower Tree,0.9469928741455078,High
IMG_5741.jpg,Maile Library,Lunalilo Yellow Shower Tree,0.9792449474334717,High,Lunalilo Yellow Shower Tree,0.7706410884857178,Medium
IMG_5780.jpg,Maile Library,Lunalilo Yellow Shower Tree,0.9972243309020996,High,Lunalilo Yellow Shower Tree,0.9050731658935547,High
IMG_5795.jpg,Maile Library,Lunalilo Yellow Shower Tree,0.983007550239563,High,Lunalilo Yellow Shower Tree,0.8771330714225769,High
IMG_5844.jpg,Maile Library,Lunalilo Yellow Shower Tree,0.9909433722496033,High,Lunalilo Yellow Shower Tree,0.8418340682983398,Medium
IMG_5854.jpg,Maile Library,Lunalilo Yellow Shower Tree,0.8826966881752014,High,Lunalilo Yellow Shower Tree,0.5032269954681396,Low
IMG_5886.jpg,Maile Library,Lunalilo Yellow Shower Tree,0.972111165523529,High,Lunalilo Yellow Shower Tree,0.7743906378746033,Medium
IMG_5925.jpg,Maile Library,Lunalilo Yellow Shower Tree,0.9983003735542297,High,Lunalilo Yellow Shower Tree,0.910491943359375,High
IMG_5934.jpg,Maile Library,Lunalilo Yellow Shower Tree,0.9390497803688049,High,Lunalilo Yellow Shower Tree,0.7424658536911011,Medium
IMG_5964.jpg,Maile Library,Lunalilo Yellow Shower Tree,0.9976209998130798,High,Lunalilo Yellow Shower Tree,0.947868824005127,High
IMG_5984.jpg,Maile Library,Lunalilo Yellow Shower Tree,0.9966602325439453,High,Lunalilo Yellow Shower Tree,0.9447111487388611,High
IMG_5999.jpg,Maile Library,Lunalilo Yellow Shower Tree,0.9850672483444214,High,Lunalilo Yellow Shower Tree,0.8684535026550293,High
IMG_6041.jpg,Maile Library,Lunalilo Yellow Shower Tree,0.9719347953796387,High,Lunalilo Yellow Shower Tree,0.9131081700325012,High
IMG_6042.jpg,Maile Library,Lunalilo Yellow Shower Tree,0.997353196144104,High,Lunalilo Yellow Shower Tree,0.91031813621521,High
IMG_6068.jpg,Maile Library,Lunalilo Yellow Shower Tree,0.9963933825492859,High,Lunalilo Yellow Shower Tree,0.9478024244308472,High
IMG_6100.jpg,Maile Library,Lunalilo Yellow Shower Tree,0.9967340230941772,High,Lunalilo Yellow Shower Tree,0.9600215554237366,High
IMG_6114.jpg,Maile Library,Lunalilo Yellow Shower Tree,0.9907310605049133,High,Lunalilo Yellow Shower Tree,0.8113570809364319,Medium
IMG_6154.jpg,Maile Library,Lunalilo Yellow Shower Tree,0.9719452857971191,High,Lunalilo Yellow Shower Tree,0.834632396697998,Medium
IMG_6168.jpg,Maile Library,Lunalilo Yellow Shower Tree,0.9558398127555847,High,Lunalilo Yellow Shower Tree,0.4626401960849762,Low
IMG_6193.jpg,Maile Library,Lunalilo Yellow Shower Tree,0.9978888630867004,High,Lunalilo Yellow Shower Tree,0.9112734794616699,High
IMG_6237.jpg,Maile Library,Lunalilo Yellow Shower Tree,0.9834061861038208,High,Lunalilo Yellow Shower Tree,0.7928457260131836,Medium
IMG_6280.jpg,Maile Library,Lunalilo Yellow Shower Tree,0.9746812582015991,High,Lunalilo Yellow Shower Tree,0.6873142123222351,Medium
IMG_6309.jpg,Maile Library,Lunalilo Yellow Shower Tree,0.9889384508132935,High,Lunalilo Yellow Shower Tree,0.8638612031936646,High
IMG_6319.jpg,Maile Library,Lunalilo Yellow Shower Tree,0.9962401390075684,High,Lunalilo Yellow Shower Tree,0.9080702662467957,High
IMG_6362.jpg,Maile Library,Lunalilo Yellow Shower Tree,0.9822258949279785,High,Lunalilo Yellow Shower Tree,0.8281998038291931,Medium
IMG_6372.jpg,Maile Library,Lunalilo Yellow Shower Tree,0.999037504196167,High,Lunalilo Yellow Shower Tree,0.9725426435470581,High
IMG_6388.jpg,Maile Library,Lunalilo Yellow Shower Tree,0.9923208355903625,High,Lunalilo Yellow Shower Tree,0.8643589615821838,High
IMG_6431.jpg,Maile Library,Lunalilo Yellow Shower Tree,0.9921175837516785,High,Lunalilo Yellow Shower Tree,0.9157065153121948,High
IMG_6434.jpg,Maile Library,Lunalilo Yellow Shower Tree,0.9836032390594482,High,Lunalilo Yellow Shower Tree,0.8739638924598694,High
IMG_6473.jpg,Maile Library,Lunalilo Yellow Shower Tree,0.9957270622253418,High,Lunalilo Yellow Shower Tree,0.9205286502838135,High
IMG_6493.jpg,Maile Library,Lunalilo Yellow Shower Tree,0.9958479404449463,High,Lunalilo Yellow Shower Tree,0.869061291217804,High
IMG_6510.jpg,Maile Library,Lunalilo Yellow Shower Tree,0.9701060652732849,High,Lunalilo Yellow Shower Tree,0.7161141633987427,Medium
IMG_6549.jpg,Maile Library,Lunalilo Yellow Shower Tree,0.9777504205703735,High,Lunalilo Yellow Shower Tree,0.8379496335983276,Medium
IMG_6594.jpg,Maile Library,Lunalilo Yellow Shower Tree,0.9961624145507812,High,Lunalilo Yellow Shower Tree,0.8955563306808472,High
IMG_6608.jpg,Maile Library,Lunalilo Yellow Shower Tree,0.9879937171936035,High,Lunalilo Yellow Shower Tree,0.8894830346107483,High
IMG_6631.jpg,Maile Library,Lunalilo Yellow Shower Tree,0.9974493384361267,High,Lunalilo Yellow Shower Tree,0.9390051364898682,High
IMG_6670.jpg,Maile Library,Lunalilo Yellow Shower Tree,0.9891330599784851,High,Lunalilo Yellow Shower Tree,0.8115227222442627,Medium
IMG_6688.jpg,Maile Library,Lunalilo Yellow Shower Tree,0.9811345338821411,High,Lunalilo Yellow Shower Tree,0.8219766616821289,Medium
IMG_6709.jpg,Maile Library,Lunalilo Yellow Shower Tree,0.9989919066429138,High,Lunalilo Yellow Shower Tree,0.975200891494751,High
IMG_6747.jpg,Maile Library,Lunalilo Yellow Shower Tree,0.9877389073371887,High,Lunalilo Yellow Shower Tree,0.8143209218978882,Medium
IMG_6762.jpg,Maile Library,Lunalilo Yellow Shower Tree,0.9956250786781311,High,Lunalilo Yellow Shower Tree,0.8238369822502136,Medium
IMG_6785.jpg,Maile Library,Lunalilo Yellow Shower Tree,0.9919773936271667,High,Lunalilo Yellow Shower Tree,0.8624559640884399,High
IMG_6825.jpg,Maile Library,Lunalilo Yellow Shower Tree,0.9992154836654663,High,Lunalilo Yellow Shower Tree,0.965606153011322,High
IMG_6836.jpg,Maile Library,Lunalilo Yellow Shower Tree,0.9971286654472351,High,Lunalilo Yellow Shower Tree,0.9397838115692139,High
IMG_6863.jpg,Maile Library,Lunalilo Yellow Shower Tree,0.9973936080932617,High,Lunalilo Yellow Shower Tree,0.9279893636703491,High
IMG_6902.jpg,Maile Library,Lunalilo Yellow Shower Tree,0.9986086487770081,High,Lunalilo Yellow Shower Tree,0.9404942989349365,High
IMG_6911.jpg,Maile Library,Lunalilo Yellow Shower Tree,0.9968103766441345,High,Lunalilo Yellow Shower Tree,0.9427658319473267,High
IMG_6942.jpg,Maile Library,Lunalilo Yellow Shower Tree,0.9953527450561523,High,Lunalilo Yellow Shower Tree,0.8153758645057678,Medium
IMG_6962.jpg,Maile Library,Lunalilo Yellow Shower Tree,0.996638298034668,High,Lunalilo Yellow Shower Tree,0.8908211588859558,High
IMG_6983.jpg,Maile Library,Lunalilo Yellow Shower Tree,0.9740899205207825,High,Lunalilo Yellow Shower Tree,0.5949393510818481,Low
IMG_7009.jpg,Maile Library,Lunalilo Yellow Shower Tree,0.9919800758361816,High,Lunalilo Yellow Shower Tree,0.9549993276596069,High
IMG_7028.jpg,Maile Library,Lunalilo Yellow Shower Tree,0.9986982345581055,High,Lunalilo Yellow Shower Tree,0.9237654805183411,High
IMG_7060.jpg,Maile Library,Lunalilo Yellow Shower Tree,0.9783890843391418,High,Lunalilo Yellow Shower Tree,0.703147828578949,Medium
IMG_7067.jpg,Maile Library,Lunalilo Yellow Shower Tree,0.9912528395652771,High,Lunalilo Yellow Shower Tree,0.675976574420929,Medium
IMG_7107.jpg,Maile Library,Lunalilo Yellow Shower Tree,0.9956028461456299,High,Lunalilo Yellow Shower Tree,0.7437314391136169,Medium
IMG_7117.jpg,Maile Library,Lunalilo Yellow Shower Tree,0.9908445477485657,High,Lunalilo Yellow Shower Tree,0.8964020013809204,High
IMG_7150.jpg,Maile Library,Lunalilo Yellow Shower Tree,0.9873486757278442,High,Lunalilo Yellow Shower Tree,0.7347558736801147,Medium
IMG_7163.jpg,Maile Library,Lunalilo Yellow Shower Tree,0.9991810917854309,High,Lunalilo Yellow Shower Tree,0.9870772361755371,High
IMG_7187.jpg,Maile Library,Lunalilo Yellow Shower Tree,0.9731975793838501,High,Lunalilo Yellow Shower Tree,0.5585805773735046,Low
IMG_7205.jpg,Maile Library,Lunalilo Yellow Shower Tree,0.9800029993057251,High,Lunalilo Yellow Shower Tree,0.7858244180679321,Medium
IMG_7226.jpg,Maile Library,Lunalilo Yellow Shower Tree,0.9773319363594055,High,Lunalilo Yellow Shower Tree,0.7893491387367249,Medium
IMG_7247.jpg,Maile Library,Lunalilo Yellow Shower Tree,0.9915956854820251,High,Lunalilo Yellow Shower Tree,0.8977206349372864,High
IMG_7266.jpg,Maile Library,Lunalilo Yellow Shower Tree,0.9963709115982056,High,Lunalilo Yellow Shower Tree,0.8633572459220886,High
IMG_7307.jpg,Maile Library,Lunalilo Yellow Shower Tree,0.9872745275497437,High,Lunalilo Yellow Shower Tree,0.8262035250663757,Medium
IMG_7345.jpg,Maile Library,Lunalilo Yellow Shower Tree,0.9988054037094116,High,Lunalilo Yellow Shower Tree,0.9538184404373169,High
IMG_7381.jpg,Maile Library,Lunalilo Yellow Shower Tree,0.9944790601730347,High,Lunalilo Yellow Shower Tree,0.7890655398368835,Medium
IMG_7410.jpg,Maile Library,Lunalilo Yellow Shower Tree,0.9894818067550659,High,Lunalilo Yellow Shower Tree,0.8253605365753174,Medium
IMG_7420.jpg,Maile Library,Lunalilo Yellow Shower Tree,0.9950239658355713,High,Lunalilo Yellow Shower Tree,0.9329413175582886,High
IMG_7453.jpg,Maile Library,Lunalilo Yellow Shower Tree,0.997721254825592,High,Lunalilo Yellow Shower Tree,0.8562234044075012,High
IMG_7458.jpg,Maile Library,Lunalilo Yellow Shower Tree,0.9694557189941406,High,Lunalilo Yellow Shower Tree,0.6724109649658203,Medium
IMG_7497.jpg,Maile Library,Lunalilo Yellow Shower Tree,0.9986238479614258,High,Lunalilo Yellow Shower Tree,0.9328341484069824,High
IMG_7511.jpg,Maile Library,Lunalilo Yellow Shower Tree,0.9961336851119995,High,Lunalilo Yellow Shower Tree,0.9392267465591431,High
IMG_7536.jpg,Maile Library,Lunalilo Yellow Shower Tree,0.9884117245674133,High,Lunalilo Yellow Shower Tree,0.7553253173828125,Medium
IMG_7556.jpg,Maile Library,Lunalilo Yellow Shower Tree,0.9922211766242981,High,Lunalilo Yellow Shower Tree,0.8462863564491272,Medium
IMG_7575.jpg,Maile Library,Lunalilo Yellow Shower Tree,0.9974809288978577,High,Lunalilo Yellow Shower Tree,0.9268913865089417,High
IMG_7599.jpg,Maile Library,Lunalilo Yellow Shower Tree,0.998763918876648,High,Lunalilo Yellow Shower Tree,0.9469599723815918,High
IMG_7613.jpg,Maile Library,Lunalilo Yellow Shower Tree,0.9967849254608154,High,Lunalilo Yellow Shower Tree,0.8524224162101746,High
IMG_7649.jpg,Maile Library,Lunalilo Yellow Shower Tree,0.9911051392555237,High,Lunalilo Yellow Shower Tree,0.7978280186653137,Medium
IMG_7685.jpg,Maile Library,Lunalilo Yellow Shower Tree,0.9824095964431763,High,Lunalilo Yellow Shower Tree,0.7987025380134583,Medium
IMG_7690.jpg,Maile Library,Lunalilo Yellow Shower Tree,0.9920253753662109,High,Lunalilo Yellow Shower Tree,0.9105889797210693,High
IMG_7723.jpg,Maile Library,Lunalilo Yellow Shower Tree,0.9795098900794983,High,Lunalilo Yellow Shower Tree,0.6963781118392944,Medium
IMG_7737.jpg,Maile Library,Lunalilo Yellow Shower Tree,0.9666151404380798,High,Lunalilo Yellow Shower Tree,0.7036179304122925,Medium
IMG_7765.jpg,Maile Library,Lunalilo Yellow Shower Tree,0.9971923232078552,High,Lunalilo Yellow Shower Tree,0.9392738938331604,High
IMG_7780.jpg,Maile Library,Lunalilo Yellow Shower Tree,0.9983680844306946,High,Lunalilo Yellow Shower Tree,0.9542225003242493,High
IMG_7808.jpg,Maile Library,Lunalilo Yellow Shower Tree,0.8873026371002197,High,Lunalilo Yellow Shower Tree,0.5985180139541626,Low
IMG_7824.jpg,Maile Library,Lunalilo Yellow Shower Tree,0.9875217080116272,High,Lunalilo Yellow Shower Tree,0.8652793169021606,High
IMG_7849.jpg,Maile Library,Lunalilo Yellow Shower Tree,0.9783226251602173,High,Lunalilo Yellow Shower Tree,0.8138527870178223,Medium
IMG_7868.jpg,Maile Library,Lunalilo Yellow Shower Tree,0.9932900667190552,High,Lunalilo Yellow Shower Tree,0.9475130438804626,High
IMG_7887.jpg,Maile Library,Lunalilo Yellow Shower Tree,0.9925795197486877,High,Lunalilo Yellow Shower Tree,0.8804145455360413,High
IMG_7913.jpg,Maile Library,Lunalilo Yellow Shower Tree,0.9926131963729858,High,Lunalilo Yellow Shower Tree,0.8587602376937866,High
IMG_7915.jpg,Maile Library,Lunalilo Yellow Shower Tree,0.9724326729774475,High,Lunalilo Yellow Shower Tree,0.6950171589851379,Medium
IMG_7948.jpg,Maile Library,Lunalilo Yellow Shower Tree,0.9952115416526794,High,Lunalilo Yellow Shower Tree,0.8747513890266418,High
IMG_7965.jpg,Maile Library,Lunalilo Yellow Shower Tree,0.9763466119766235,High,Lunalilo Yellow Shower Tree,0.8912308812141418,High
IMG_7997.jpg,Maile Library,Lunalilo Yellow Shower Tree,0.9958860278129578,High,Lunalilo Yellow Shower Tree,0.9243923425674438,High
IMG_8019.jpg,Maile Library,Lunalilo Yellow Shower Tree,0.9955000281333923,High,Lunalilo Yellow Shower Tree,0.9162079691886902,High
IMG_8041.jpg,Maile Library,Lunalilo Yellow Shower Tree,0.9886643290519714,High,Lunalilo Yellow Shower Tree,0.8022066950798035,Medium
IMG_8077.jpg,Maile Library,Lunalilo Yellow Shower Tree,0.9885462522506714,High,Lunalilo Yellow Shower Tree,0.9110219478607178,High
IMG_8081.jpg,Maile Library,Lunalilo Yellow Shower Tree,0.9956886172294617,High,Lunalilo Yellow Shower Tree,0.9278401136398315,High
IMG_8125.jpg,Maile Library,Lunalilo Yellow Shower Tree,0.9949324727058411,High,Lunalilo Yellow Shower Tree,0.8279942274093628,Medium
IMG_8169.jpg,Maile Library,Lunalilo Yellow Shower Tree,0.8134784698486328,Medium,Rainbow Shower Tree,0.4481631815433502,Low
IMG_8189.jpg,Maile Library,Lunalilo Yellow Shower Tree,0.9966475367546082,High,Lunalilo Yellow Shower Tree,0.892739474773407,High
IMG_8233.jpg,Maile Library,Lunalilo Yellow Shower Tree,0.9894015192985535,High,Lunalilo Yellow Shower Tree,0.8922496438026428,High
IMG_8246.jpg,Maile Library,Lunalilo Yellow Shower Tree,0.9362452030181885,High,Lunalilo Yellow Shower Tree,0.6356778144836426,Medium
IMG_8356.jpg,Maile Library,Lunalilo Yellow Shower Tree,0.971036970615387,High,Lunalilo Yellow Shower Tree,0.6918553709983826,Medium
IMG_8396.jpg,Maile Library,Lunalilo Yellow Shower Tree,0.9977355003356934,High,Lunalilo Yellow Shower Tree,0.9586326479911804,High
IMG_8443.jpg,Maile Library,Lunalilo Yellow Shower Tree,0.9992735981941223,High,Lunalilo Yellow Shower Tree,0.9551920294761658,High
IMG_8478.jpg,Maile Library,Lunalilo Yellow Shower Tree,0.9501600861549377,High,Lunalilo Yellow Shower Tree,0.7134816646575928,Medium
IMG_8488.jpg,Maile Library,Lunalilo Yellow Shower Tree,0.871829628944397,High,Rainbow Shower Tree,0.5373395681381226,Low
IMG_8519.jpg,Maile Library,Lunalilo Yellow Shower Tree,0.9830029606819153,High,Lunalilo Yellow Shower Tree,0.7697499394416809,Medium
IMG_8527.jpg,Maile Library,Lunalilo Yellow Shower Tree,0.974179744720459,High,Lunalilo Yellow Shower Tree,0.739726185798645,Medium
IMG_8566.jpg,Maile Library,Lunalilo Yellow Shower Tree,0.9896408915519714,High,Lunalilo Yellow Shower Tree,0.805273175239563,Medium
IMG_8590.jpg,Maile Library,Lunalilo Yellow Shower Tree,0.9907733201980591,High,Lunalilo Yellow Shower Tree,0.858254611492157,High
IMG_8614.jpg,Maile Library,Lunalilo Yellow Shower Tree,0.9499422907829285,High,Lunalilo Yellow Shower Tree,0.6690866351127625,Medium
IMG_8649.jpg,Maile Library,Lunalilo Yellow Shower Tree,0.983164370059967,High,Lunalilo Yellow Shower Tree,0.8007479310035706,Medium
IMG_8660.jpg,Maile Library,Lunalilo Yellow Shower Tree,0.9867597222328186,High,Lunalilo Yellow Shower Tree,0.8609721064567566,High
IMG_8721.jpg,Maile Library,Lunalilo Yellow Shower Tree,0.9675112366676331,High,Lunalilo Yellow Shower Tree,0.7873941659927368,Medium
IMG_8722.jpg,Maile Library,Lunalilo Yellow Shower Tree,0.9823399782180786,High,Lunalilo Yellow Shower Tree,0.8264979720115662,Medium
IMG_8762.jpg,Maile Library,Lunalilo Yellow Shower Tree,0.9970607161521912,High,Lunalilo Yellow Shower Tree,0.9394962787628174,High
IMG_8779.jpg,Maile Library,Lunalilo Yellow Shower Tree,0.9988781809806824,High,Lunalilo Yellow Shower Tree,0.9818397164344788,High
IMG_8804.jpg,Maile Library,Lunalilo Yellow Shower Tree,0.8585503697395325,High,Rainbow Shower Tree,0.5295507311820984,Low
IMG_8830.jpg,Maile Library,Lunalilo Yellow Shower Tree,0.9961642026901245,High,Lunalilo Yellow Shower Tree,0.8568037152290344,High
IMG_8847.jpg,Maile Library,Lunalilo Yellow Shower Tree,0.8653697371482849,High,Lunalilo Yellow Shower Tree,0.48879584670066833,Low
IMG_8882.jpg,Maile Library,Lunalilo Yellow Shower Tree,0.9292463660240173,High,Lunalilo Yellow Shower Tree,0.6106826066970825,Medium
IMG_8916.jpg,Maile Library,Lunalilo Yellow Shower Tree,0.9897223114967346,High,Lunalilo Yellow Shower Tree,0.8582935333251953,High
IMG_8921.jpg,Maile Library,Lunalilo Yellow Shower Tree,0.915709912776947,High,Lunalilo Yellow Shower Tree,0.6556618213653564,Medium
IMG_8958.jpg,Maile Library,Lunalilo Yellow Shower Tree,0.971059262752533,High,Lunalilo Yellow Shower Tree,0.7368756532669067,Medium
IMG_9002.jpg,Maile Library,Lunalilo Yellow Shower Tree,0.9910920262336731,High,Lunalilo Yellow Shower Tree,0.8451409339904785,Medium
IMG_9021.jpg,Maile Library,Lunalilo Yellow Shower Tree,0.979546070098877,High,Lunalilo Yellow Shower Tree,0.8300102949142456,Medium
IMG_9063.jpg,Maile Library,Lunalilo Yellow Shower Tree,0.5080189108848572,Low,Rainbow Shower Tree,0.326208233833313,Low
IMG_9071.jpg,Maile Library,Lunalilo Yellow Shower Tree,0.9960399866104126,High,Lunalilo Yellow Shower Tree,0.9033370018005371,High
IMG_9104.jpg,Maile Library,Lunalilo Yellow Shower Tree,0.9906685948371887,High,Lunalilo Yellow Shower Tree,0.8200644254684448,Medium
IMG_9136.jpg,Maile Library,Lunalilo Yellow Shower Tree,0.9945196509361267,High,Lunalilo Yellow Shower Tree,0.8648079633712769,High
IMG_9155.jpg,Maile Library,Lunalilo Yellow Shower Tree,0.952279269695282,High,Lunalilo Yellow Shower Tree,0.8071674704551697,Medium
IMG_9205.jpg,Maile Library,Lunalilo Yellow Shower Tree,0.8921719789505005,High,Lunalilo Yellow Shower Tree,0.3943300247192383,Low
IMG_9223.jpg,Maile Library,Lunalilo Yellow Shower Tree,0.9939529299736023,High,Lunalilo Yellow Shower Tree,0.8799489736557007,High
IMG_9266.jpg,Maile Library,Lunalilo Yellow Shower Tree,0.9688339233398438,High,Lunalilo Yellow Shower Tree,0.7897701263427734,Medium
IMG_9289.jpg,Maile Library,Lunalilo Yellow Shower Tree,0.9626584649085999,High,Lunalilo Yellow Shower Tree,0.5821889638900757,Low
IMG_9313.jpg,Maile Library,Lunalilo Yellow Shower Tree,0.9554097056388855,High,Lunalilo Yellow Shower Tree,0.6903043985366821,Medium
IMG_9365.jpg,Maile Library,Lunalilo Yellow Shower Tree,0.9967129230499268,High,Lunalilo Yellow Shower Tree,0.8789613842964172,High
IMG_9370.jpg,Maile Library,Lunalilo Yellow Shower Tree,0.9718189239501953,High,Lunalilo Yellow Shower Tree,0.8846197724342346,High
IMG_9423.jpg,Maile Library,Lunalilo Yellow Shower Tree,0.9945594668388367,High,Lunalilo Yellow Shower Tree,0.9117419719696045,High
IMG_9433.jpg,Maile Library,Lunalilo Yellow Shower Tree,0.9968098998069763,High,Lunalilo Yellow Shower Tree,0.9473916292190552,High
IMG_9467.jpg,Maile Library,Lunalilo Yellow Shower Tree,0.5929394364356995,Low,Rainbow Shower Tree,0.6620408296585083,Medium
IMG_9471.jpg,Maile Library,Lunalilo Yellow Shower Tree,0.9851358532905579,High,Lunalilo Yellow Shower Tree,0.7794525623321533,Medium
IMG_9505.jpg,Maile Library,Lunalilo Yellow Shower Tree,0.9674041271209717,High,Lunalilo Yellow Shower Tree,0.5593146681785583,Low
IMG_9524.jpg,Maile Library,Lunalilo Yellow Shower Tree,0.9655473828315735,High,Lunalilo Yellow Shower Tree,0.8859761953353882,High
IMG_9543.jpg,Maile Library,Lunalilo Yellow Shower Tree,0.9958635568618774,High,Lunalilo Yellow Shower Tree,0.8131456971168518,Medium
IMG_9561.jpg,Maile Library,Lunalilo Yellow Shower Tree,0.8277092576026917,Medium,Lunalilo Yellow Shower Tree,0.4313831329345703,Low
IMG_9588.jpg,Maile Library,Lunalilo Yellow Shower Tree,0.9962916374206543,High,Lunalilo Yellow Shower Tree,0.9209073781967163,High
IMG_9589.jpg,Maile Library,Lunalilo Yellow Shower Tree,0.9539899230003357,High,Lunalilo Yellow Shower Tree,0.9107633829116821,High
IMG_9603.jpg,Maile Library,Lunalilo Yellow Shower Tree,0.8724339008331299,High,Lunalilo Yellow Shower Tree,0.6264129877090454,Medium
IMG_9629.jpg,Maile Library,Lunalilo Yellow Shower Tree,0.9263677000999451,High,Lunalilo Yellow Shower Tree,0.4976078271865845,Low
IMG_9647.jpg,Maile Library,Lunalilo Yellow Shower Tree,0.9009822607040405,High,Lunalilo Yellow Shower Tree,0.7252999544143677,Medium
IMG_9669.jpg,Maile Library,Lunalilo Yellow Shower Tree,0.984001874923706,High,Lunalilo Yellow Shower Tree,0.607732892036438,Medium
IMG_9707.jpg,Maile Library,Lunalilo Yellow Shower Tree,0.9426304697990417,High,Lunalilo Yellow Shower Tree,0.65744948387146,Medium
IMG_9708.jpg,Maile Library,Lunalilo Yellow Shower Tree,0.7480896711349487,Medium,Lunalilo Yellow Shower Tree,0.47612670063972473,Low
IMG_9750.jpg,Maile Library,Lunalilo Yellow Shower Tree,0.9916280508041382,High,Lunalilo Yellow Shower Tree,0.8728744387626648,High
IMG_9769.jpg,Maile Library,Lunalilo Yellow Shower Tree,0.9911789298057556,High,Lunalilo Yellow Shower Tree,0.8082187175750732,Medium
IMG_9793.jpg,Maile Library,Lunalilo Yellow Shower Tree,0.9906443357467651,High,Lunalilo Yellow Shower Tree,0.8065506219863892,Medium
IMG_9810.jpg,Maile Library,Lunalilo Yellow Shower Tree,0.9849539995193481,High,Lunalilo Yellow Shower Tree,0.8123690485954285,Medium
IMG_9839.jpg,Maile Library,Lunalilo Yellow Shower Tree,0.99708491563797,High,Lunalilo Yellow Shower Tree,0.9265530109405518,High
IMG_9882.jpg,Maile Library,Lunalilo Yellow Shower Tree,0.9942312240600586,High,Lunalilo Yellow Shower Tree,0.873136579990387,High
IMG_9885.jpg,Maile Library,Lunalilo Yellow Shower Tree,0.9418946504592896,High,Lunalilo Yellow Shower Tree,0.6852990388870239,Medium
IMG_9927.jpg,Maile Library,Lunalilo Yellow Shower Tree,0.977393388748169,High,Lunalilo Yellow Shower Tree,0.6772530674934387,Medium
IMG_9929.jpg,Maile Library,Lunalilo Yellow Shower Tree,0.9919964671134949,High,Lunalilo Yellow Shower Tree,0.945164144039154,High
IMG_9954.jpg,Maile Library,Lunalilo Yellow Shower Tree,0.9939045310020447,High,Lunalilo Yellow Shower Tree,0.9503717422485352,High
IMG_9986.jpg,Maile Library,Lunalilo Yellow Shower Tree,0.9699808955192566,High,Lunalilo Yellow Shower Tree,0.8782117366790771,High
IMG_9992.jpg,Maile Library,Lunalilo Yellow Shower Tree,0.9951501488685608,High,Lunalilo Yellow Shower Tree,0.8458893895149231,Medium
IMG_0042.jpg,Maile East End,Rainbow Shower Tree,0.8743182420730591,High,Lunalilo Yellow Shower Tree,0.39983221888542175,Low
IMG_0058.jpg,Maile East End,Rainbow Shower Tree,0.9001927375793457,High,Rainbow Shower Tree,0.29446837306022644,Low
IMG_0084.jpg,Maile East End,Rainbow Shower Tree,0.9510884881019592,High,Lunalilo Yellow Shower Tree,0.730890154838562,Medium
IMG_0124 (1).jpg,Maile East End,Rainbow Shower Tree,0.6889753937721252,Medium,Queen's White Shower Tree,0.5077321529388428,Low
IMG_0124.jpg,Maile East End,Rainbow Shower Tree,0.9859102964401245,High,Rainbow Shower Tree,0.5062016248703003,Low
IMG_0167.jpg,Maile East End,Rainbow Shower Tree,0.9792317152023315,High,Rainbow Shower Tree,0.5939562320709229,Low
IMG_0187.jpg,Maile East End,Rainbow Shower Tree,0.7456717491149902,Medium,Lunalilo Yellow Shower Tree,0.37643203139305115,Low
IMG_0208.jpg,Maile East End,Rainbow Shower Tree,0.9945992231369019,High,Rainbow Shower Tree,0.6597651243209839,Medium
IMG_0252.jpg,Maile East End,Rainbow Shower Tree,0.9409982562065125,High,Lunalilo Yellow Shower Tree,0.419626921415329,Low
IMG_0255.jpg,Maile East End,Rainbow Shower Tree,0.7313327193260193,Medium,Lunalilo Yellow Shower Tree,0.575326681137085,Low
IMG_0301.jpg,Maile East End,Rainbow Shower Tree,0.9184080958366394,High,Rainbow Shower Tree,0.5249446630477905,Low
IMG_0329.jpg,Maile East End,Rainbow Shower Tree,0.9244711995124817,High,Rainbow Shower Tree,0.4405694901943207,Low
IMG_0371.jpg,Maile East End,Rainbow Shower Tree,0.9690257906913757,High,Rainbow Shower Tree,0.4597426652908325,Low
IMG_0390.jpg,Maile East End,Rainbow Shower Tree,0.8977978825569153,High,Rainbow Shower Tree,0.34018829464912415,Low
IMG_0416.jpg,Maile East End,Rainbow Shower Tree,0.9785133600234985,High,Rainbow Shower Tree,0.552727460861206,Low
IMG_0463.jpg,Maile East End,Rainbow Shower Tree,0.9759119153022766,High,Rainbow Shower Tree,0.4675775170326233,Low
IMG_0508.jpg,Maile East End,Rainbow Shower Tree,0.9808369278907776,High,Rainbow Shower Tree,0.5220364332199097,Low
IMG_0515.jpg,Maile East End,Rainbow Shower Tree,0.9639500975608826,High,Rainbow Shower Tree,0.5846487283706665,Low
IMG_0538.jpg,Maile East End,Rainbow Shower Tree,0.9692621231079102,High,Rainbow Shower Tree,0.7521317601203918,Medium
IMG_0552.jpg,Maile East End,Rainbow Shower Tree,0.959496021270752,High,Rainbow Shower Tree,0.42141807079315186,Low
IMG_0579.jpg,Maile East End,Rainbow Shower Tree,0.9140651226043701,High,Rainbow Shower Tree,0.3432481586933136,Low
IMG_0580.jpg,Maile East End,Rainbow Shower Tree,0.9573792815208435,High,Rainbow Shower Tree,0.5305132865905762,Low
IMG_0593.jpg,Maile East End,Rainbow Shower Tree,0.9923223853111267,High,Rainbow Shower Tree,0.774738073348999,Medium
IMG_0635.jpg,Maile East End,Rainbow Shower Tree,0.9458686113357544,High,Rainbow Shower Tree,0.5125396251678467,Low
IMG_0641.jpg,Maile East End,Rainbow Shower Tree,0.8646895289421082,High,Queen's White Shower Tree,0.42555925250053406,Low
IMG_0682.jpg,Maile East End,Rainbow Shower Tree,0.943057119846344,High,Rainbow Shower Tree,0.4768541157245636,Low
IMG_0684.jpg,Maile East End,Rainbow Shower Tree,0.9434756636619568,High,Rainbow Shower Tree,0.42404237389564514,Low
IMG_0717.jpg,Maile East End,Rainbow Shower Tree,0.9523418545722961,High,Lunalilo Yellow Shower Tree,0.42311587929725647,Low
IMG_0727.jpg,Maile East End,Rainbow Shower Tree,0.8736156821250916,High,Lunalilo Yellow Shower Tree,0.6116212606430054,Medium
IMG_0773.jpg,Maile East End,Rainbow Shower Tree,0.9940476417541504,High,Rainbow Shower Tree,0.8183237314224243,Medium
IMG_0775.jpg,Maile East End,Rainbow Shower Tree,0.9883354902267456,High,Rainbow Shower Tree,0.6193756461143494,Medium
IMG_0812.jpg,Maile East End,Rainbow Shower Tree,0.9902352690696716,High,Rainbow Shower Tree,0.771236777305603,Medium
IMG_0814.jpg,Maile East End,Rainbow Shower Tree,0.9017460346221924,High,Rainbow Shower Tree,0.4341672658920288,Low
IMG_0846.jpg,Maile East End,Rainbow Shower Tree,0.9795662760734558,High,Rainbow Shower Tree,0.6184539794921875,Medium
IMG_0855.jpg,Maile East End,Rainbow Shower Tree,0.9816237688064575,High,Rainbow Shower Tree,0.47915250062942505,Low
IMG_0876.jpg,Maile East End,Rainbow Shower Tree,0.9841288328170776,High,Rainbow Shower Tree,0.6835008859634399,Medium
IMG_0903.jpg,Maile East End,Rainbow Shower Tree,0.9860478639602661,High,Rainbow Shower Tree,0.851790189743042,High
IMG_0932.jpg,Maile East End,Rainbow Shower Tree,0.9449476003646851,High,Rainbow Shower Tree,0.4792724549770355,Low
IMG_0941.jpg,Maile East End,Rainbow Shower Tree,0.8726494312286377,High,Lunalilo Yellow Shower Tree,0.4646259546279907,Low
IMG_0955.jpg,Maile East End,Rainbow Shower Tree,0.9764242172241211,High,Rainbow Shower Tree,0.7594219446182251,Medium
IMG_0981.jpg,Maile East End,Rainbow Shower Tree,0.9551717638969421,High,Rainbow Shower Tree,0.6418983936309814,Medium
IMG_0991.jpg,Maile East End,Rainbow Shower Tree,0.9948728680610657,High,Rainbow Shower Tree,0.8312503695487976,Medium
IMG_1031.jpg,Maile East End,Rainbow Shower Tree,0.9942955374717712,High,Rainbow Shower Tree,0.8461980223655701,Medium
IMG_1056.jpg,Maile East End,Rainbow Shower Tree,0.9423150420188904,High,Rainbow Shower Tree,0.3744828999042511,Low
IMG_1094.jpg,Maile East End,Rainbow Shower Tree,0.9974007606506348,High,Rainbow Shower Tree,0.9003962874412537,High
IMG_1122.jpg,Maile East End,Rainbow Shower Tree,0.9928902387619019,High,Rainbow Shower Tree,0.8719086050987244,High
IMG_1138.jpg,Maile East End,Queen's White Shower Tree,0.937163233757019,High,Queen's White Shower Tree,0.9578889608383179,High
IMG_1172.jpg,Maile East End,Rainbow Shower Tree,0.9803658127784729,High,Rainbow Shower Tree,0.8400444984436035,Medium
IMG_1210.jpg,Maile East End,Rainbow Shower Tree,0.8778063654899597,High,Lunalilo Yellow Shower Tree,0.33799850940704346,Low
IMG_1240.jpg,Maile East End,Rainbow Shower Tree,0.9785448312759399,High,Rainbow Shower Tree,0.7319260835647583,Medium
IMG_1262.jpg,Maile East End,Rainbow Shower Tree,0.9640114903450012,High,Rainbow Shower Tree,0.5239970684051514,Low
IMG_1330.jpg,Maile East End,Rainbow Shower Tree,0.6647601127624512,Medium,Queen's White Shower Tree,0.5821967124938965,Low
IMG_1348.jpg,Maile East End,Rainbow Shower Tree,0.9151837229728699,High,Lunalilo Yellow Shower Tree,0.42401552200317383,Low
IMG_1397.jpg,Maile East End,Rainbow Shower Tree,0.9881058931350708,High,Rainbow Shower Tree,0.5401749610900879,Low
IMG_1411.jpg,Maile East End,Rainbow Shower Tree,0.8501995801925659,High,Rainbow Shower Tree,0.46505865454673767,Low
IMG_1436.jpg,Maile East End,Rainbow Shower Tree,0.8702986240386963,High,Queen's White Shower Tree,0.34265848994255066,Low
IMG_1440.jpg,Maile East End,Rainbow Shower Tree,0.9563174247741699,High,Rainbow Shower Tree,0.38785579800605774,Low
IMG_1459.jpg,Maile East End,Rainbow Shower Tree,0.6075993776321411,Medium,Queen's White Shower Tree,0.7570717930793762,Medium
IMG_1499.jpg,Maile East End,Rainbow Shower Tree,0.7501524686813354,Medium,Queen's White Shower Tree,0.5198315978050232,Low
IMG_1548.jpg,Maile East End,Rainbow Shower Tree,0.7790560126304626,Medium,Queen's White Shower Tree,0.5000758171081543,Low
IMG_1551.jpg,Maile East End,Queen's White Shower Tree,0.7580456733703613,Medium,Queen's White Shower Tree,0.8153494000434875,Medium
IMG_1596.jpg,Maile East End,Rainbow Shower Tree,0.9706591367721558,High,Rainbow Shower Tree,0.6464781761169434,Medium
IMG_1604.jpg,Maile East End,Rainbow Shower Tree,0.730758547782898,Medium,Lunalilo Yellow Shower Tree,0.4162779748439789,Low
IMG_1636.jpg,Maile East End,Rainbow Shower Tree,0.5305610299110413,Low,Queen's White Shower Tree,0.4645931124687195,Low
IMG_1674.jpg,Maile East End,Rainbow Shower Tree,0.892732560634613,High,Rainbow Shower Tree,0.5470449924468994,Low
IMG_1682.jpg,Maile East End,Rainbow Shower Tree,0.8957086801528931,High,Rainbow Shower Tree,0.5368432402610779,Low
IMG_1750.jpg,Maile East End,Queen's White Shower Tree,0.47908490896224976,Low,Queen's White Shower Tree,0.6756667494773865,Medium
IMG_1760.jpg,Maile East End,Rainbow Shower Tree,0.9200266599655151,High,Rainbow Shower Tree,0.43633970618247986,Low
IMG_1828.jpg,Maile East End,Queen's White Shower Tree,0.7894023656845093,Medium,Queen's White Shower Tree,0.8892678618431091,High
IMG_1833.jpg,Maile East End,Rainbow Shower Tree,0.5022446513175964,Low,Queen's White Shower Tree,0.5445536375045776,Low
IMG_1874.jpg,Maile East End,Queen's White Shower Tree,0.6410164833068848,Medium,Queen's White Shower Tree,0.6757705211639404,Medium
IMG_1879.jpg,Maile East End,Rainbow Shower Tree,0.8264755010604858,Medium,Queen's White Shower Tree,0.3477976620197296,Low
IMG_1944.jpg,Maile East End,Rainbow Shower Tree,0.7401127815246582,Medium,Queen's White Shower Tree,0.4772453308105469,Low
IMG_1971.jpg,Maile East End,Rainbow Shower Tree,0.9347518682479858,High,Rainbow Shower Tree,0.3824361562728882,Low
IMG_1983.jpg,Maile East End,Rainbow Shower Tree,0.6770934462547302,Medium,Bombax Ceiba,0.34720057249069214,Low
IMG_2031.jpg,Maile East End,Rainbow Shower Tree,0.4926791787147522,Low,Queen's White Shower Tree,0.4987347722053528,Low
IMG_2049.jpg,Maile East End,Queen's White Shower Tree,0.5437280535697937,Low,Queen's White Shower Tree,0.5892363786697388,Low
IMG_2058.jpg,Maile East End,Queen's White Shower Tree,0.5186817049980164,Low,Queen's White Shower Tree,0.7144531011581421,Medium
IMG_2093.jpg,Maile East End,Rainbow Shower Tree,0.8283110857009888,Medium,Rainbow Shower Tree,0.5764042139053345,Low
IMG_2114.jpg,Maile East End,Queen's White Shower Tree,0.6497597098350525,Medium,Queen's White Shower Tree,0.6258065104484558,Medium
IMG_2152.jpg,Maile East End,Rainbow Shower Tree,0.7336989641189575,Medium,Queen's White Shower Tree,0.501590371131897,Low
IMG_2175.jpg,Maile East End,Queen's White Shower Tree,0.7295356392860413,Medium,Queen's White Shower Tree,0.8066023588180542,Medium
IMG_2215.jpg,Maile East End,Rainbow Shower Tree,0.7904573082923889,Medium,Rainbow Shower Tree,0.6198552250862122,Medium
IMG_2218.jpg,Maile East End,Rainbow Shower Tree,0.9199526906013489,High,Rainbow Shower Tree,0.49628522992134094,Low
IMG_2261.jpg,Maile East End,Queen's White Shower Tree,0.6129401326179504,Medium,Queen's White Shower Tree,0.8050975203514099,Medium
IMG_2304.jpg,Maile East End,Queen's White Shower Tree,0.6637666821479797,Medium,Queen's White Shower Tree,0.8055667877197266,Medium
IMG_2324.jpg,Maile East End,Rainbow Shower Tree,0.6331757307052612,Medium,Queen's White Shower Tree,0.35939711332321167,Low
IMG_2370.jpg,Maile East End,Queen's White Shower Tree,0.9172989130020142,High,Queen's White Shower Tree,0.9253564476966858,High
IMG_2375.jpg,Maile East End,Rainbow Shower Tree,0.747643768787384,Medium,Queen's White Shower Tree,0.37544727325439453,Low
IMG_2436.jpg,Maile East End,Queen's White Shower Tree,0.6134670376777649,Medium,Queen's White Shower Tree,0.6264469027519226,Medium
IMG_2443.jpg,Maile East End,Rainbow Shower Tree,0.707634687423706,Medium,Queen's White Shower Tree,0.6489067673683167,Medium
IMG_2515.jpg,Maile East End,Rainbow Shower Tree,0.5794289708137512,Low,Bombax Ceiba,0.4224875569343567,Low
IMG_2521.jpg,Maile East End,Rainbow Shower Tree,0.8155336976051331,Medium,Lunalilo Yellow Shower Tree,0.31178387999534607,Low
IMG_2594.jpg,Maile East End,Rainbow Shower Tree,0.711002767086029,Medium,Rainbow Shower Tree,0.6219505071640015,Medium
IMG_2669.jpg,Maile East End,Rainbow Shower Tree,0.9261007905006409,High,Lunalilo Yellow Shower Tree,0.30507904291152954,Low
IMG_2676.jpg,Maile East End,Rainbow Shower Tree,0.9144904613494873,High,Queen's White Shower Tree,0.4308636784553528,Low
IMG_2753.jpg,Maile East End,Rainbow Shower Tree,0.9710009098052979,High,Rainbow Shower Tree,0.6826663017272949,Medium
IMG_2816.jpg,Maile East End,Rainbow Shower Tree,0.9249740242958069,High,Rainbow Shower Tree,0.603573203086853,Medium
IMG_2838.jpg,Maile East End,Rainbow Shower Tree,0.8592588901519775,High,Lunalilo Yellow Shower Tree,0.39275792241096497,Low
IMG_2889.jpg,Maile East End,Rainbow Shower Tree,0.9633687138557434,High,Rainbow Shower Tree,0.6725303530693054,Medium
IMG_2933.jpg,Maile East End,Rainbow Shower Tree,0.9836421012878418,High,Rainbow Shower Tree,0.556296169757843,Low
IMG_3017.jpg,Maile East End,Rainbow Shower Tree,0.7799414992332458,Medium,Queen's White Shower Tree,0.5392049551010132,Low
IMG_3058.jpg,Maile East End,Rainbow Shower Tree,0.7283770442008972,Medium,Queen's White Shower Tree,0.35320502519607544,Low
IMG_3103.jpg,Maile East End,Rainbow Shower Tree,0.5953001379966736,Low,Lunalilo Yellow Shower Tree,0.4044042229652405,Low
IMG_3147.jpg,Maile East End,Rainbow Shower Tree,0.9677563905715942,High,Rainbow Shower Tree,0.6057649850845337,Medium
IMG_3190.jpg,Maile East End,Rainbow Shower Tree,0.7837580442428589,Medium,Lunalilo Yellow Shower Tree,0.5475831031799316,Low
IMG_3234.jpg,Maile East End,Rainbow Shower Tree,0.9750487804412842,High,Rainbow Shower Tree,0.5622156858444214,Low
IMG_3284.jpg,Maile East End,Rainbow Shower Tree,0.9254775643348694,High,Rainbow Shower Tree,0.40558353066444397,Low
IMG_3335.jpg,Maile East End,Rainbow Shower Tree,0.7124089598655701,Medium,Queen's White Shower Tree,0.44179874658584595,Low
IMG_3384.jpg,Maile East End,Rainbow Shower Tree,0.9342793226242065,High,Rainbow Shower Tree,0.4019295871257782,Low
IMG_3532.jpg,Maile East End,Rainbow Shower Tree,0.998489499092102,High,Rainbow Shower Tree,0.8949188590049744,High
IMG_3571.jpg,Maile East End,Rainbow Shower Tree,0.956917941570282,High,Rainbow Shower Tree,0.5575218200683594,Low
IMG_3617.jpg,Maile East End,Rainbow Shower Tree,0.9722209572792053,High,Rainbow Shower Tree,0.5395864844322205,Low
IMG_3657.jpg,Maile East End,Rainbow Shower Tree,0.9671170711517334,High,Rainbow Shower Tree,0.4788547456264496,Low
IMG_3700.jpg,Maile East End,Rainbow Shower Tree,0.9600704908370972,High,Rainbow Shower Tree,0.5369314551353455,Low
IMG_3747.jpg,Maile East End,Rainbow Shower Tree,0.9748697280883789,High,Rainbow Shower Tree,0.415566623210907,Low
IMG_3788.jpg,Maile East End,Rainbow Shower Tree,0.9848518967628479,High,Rainbow Shower Tree,0.5352312922477722,Low
IMG_3830.jpg,Maile East End,Rainbow Shower Tree,0.981139600276947,High,Rainbow Shower Tree,0.5565064549446106,Low
IMG_3871.jpg,Maile East End,Rainbow Shower Tree,0.9472955465316772,High,Rainbow Shower Tree,0.4799703061580658,Low
IMG_3917.jpg,Maile East End,Rainbow Shower Tree,0.99017333984375,High,Rainbow Shower Tree,0.6717385649681091,Medium
IMG_3956.jpg,Maile East End,Rainbow Shower Tree,0.994458794593811,High,Rainbow Shower Tree,0.7673211693763733,Medium
IMG_3995.jpg,Maile East End,Rainbow Shower Tree,0.9939219951629639,High,Rainbow Shower Tree,0.856433629989624,High
IMG_4107.jpg,Maile East End,Rainbow Shower Tree,0.9967208504676819,High,Rainbow Shower Tree,0.8798668384552002,High
IMG_4144.jpg,Maile East End,Rainbow Shower Tree,0.9866762757301331,High,Rainbow Shower Tree,0.7862581014633179,Medium
IMG_4186.jpg,Maile East End,Rainbow Shower Tree,0.9922521710395813,High,Rainbow Shower Tree,0.7819947004318237,Medium
IMG_4232.jpg,Maile East End,Rainbow Shower Tree,0.9823631048202515,High,Rainbow Shower Tree,0.6331270337104797,Medium
IMG_4280.jpg,Maile East End,Rainbow Shower Tree,0.9816718697547913,High,Rainbow Shower Tree,0.6396836638450623,Medium
IMG_4324.jpg,Maile East End,Rainbow Shower Tree,0.9453328847885132,High,Rainbow Shower Tree,0.5081932544708252,Low
IMG_4365.jpg,Maile East End,Rainbow Shower Tree,0.9758904576301575,High,Rainbow Shower Tree,0.6483632326126099,Medium
IMG_4414.jpg,Maile East End,Rainbow Shower Tree,0.9457556009292603,High,Rainbow Shower Tree,0.48138007521629333,Low
IMG_4431.jpg,Maile East End,Rainbow Shower Tree,0.9407633543014526,High,Rainbow Shower Tree,0.5112394094467163,Low
IMG_4460.jpg,Maile East End,Rainbow Shower Tree,0.9800785779953003,High,Rainbow Shower Tree,0.6667665839195251,Medium
IMG_4467.jpg,Maile East End,Rainbow Shower Tree,0.6725112199783325,Medium,Queen's White Shower Tree,0.5477873682975769,Low
IMG_4501.jpg,Maile East End,Rainbow Shower Tree,0.9593231081962585,High,Rainbow Shower Tree,0.4308813214302063,Low
IMG_4526.jpg,Maile East End,Rainbow Shower Tree,0.5999212861061096,Low,Queen's White Shower Tree,0.6239409446716309,Medium
IMG_4549.jpg,Maile East End,Rainbow Shower Tree,0.966767430305481,High,Rainbow Shower Tree,0.5210592746734619,Low
IMG_4575.jpg,Maile East End,Rainbow Shower Tree,0.7739819884300232,Medium,Bombax Ceiba,0.3385791480541229,Low
IMG_4594.jpg,Maile East End,Rainbow Shower Tree,0.8551091551780701,High,Lunalilo Yellow Shower Tree,0.6126118302345276,Medium
IMG_4637.jpg,Maile East End,Rainbow Shower Tree,0.9930657148361206,High,Rainbow Shower Tree,0.8788542151451111,High
IMG_4640.jpg,Maile East End,Rainbow Shower Tree,0.9977238774299622,High,Rainbow Shower Tree,0.9340078234672546,High
IMG_4695.jpg,Maile East End,Rainbow Shower Tree,0.9944502115249634,High,Rainbow Shower Tree,0.9317618608474731,High
IMG_4696.jpg,Maile East End,Rainbow Shower Tree,0.977229118347168,High,Rainbow Shower Tree,0.4714237153530121,Low
IMG_4746.jpg,Maile East End,Rainbow Shower Tree,0.9318068623542786,High,Rainbow Shower Tree,0.4678460955619812,Low
IMG_4756.jpg,Maile East End,Rainbow Shower Tree,0.9840831160545349,High,Rainbow Shower Tree,0.8817035555839539,High
IMG_4796.jpg,Maile East End,Rainbow Shower Tree,0.9482399821281433,High,Lunalilo Yellow Shower Tree,0.4825158715248108,Low
IMG_4814.jpg,Maile East End,Rainbow Shower Tree,0.8582713007926941,High,Rainbow Shower Tree,0.49265649914741516,Low
IMG_4858.jpg,Maile East End,Rainbow Shower Tree,0.9602875113487244,High,Rainbow Shower Tree,0.7904812097549438,Medium
IMG_4869.jpg,Maile East End,Rainbow Shower Tree,0.9233672022819519,High,Rainbow Shower Tree,0.7373344302177429,Medium
IMG_4877.jpg,Maile East End,Rainbow Shower Tree,0.9772216081619263,High,Rainbow Shower Tree,0.5141475200653076,Low
IMG_4926.jpg,Maile East End,Rainbow Shower Tree,0.8656039834022522,High,Rainbow Shower Tree,0.40493130683898926,Low
IMG_4928.jpg,Maile East End,Rainbow Shower Tree,0.9711515307426453,High,Rainbow Shower Tree,0.5039740204811096,Low
IMG_4977.jpg,Maile East End,Rainbow Shower Tree,0.9817668795585632,High,Rainbow Shower Tree,0.7266066074371338,Medium
IMG_4985.jpg,Maile East End,Rainbow Shower Tree,0.9780890345573425,High,Rainbow Shower Tree,0.9227971434593201,High
IMG_5018.jpg,Maile East End,Rainbow Shower Tree,0.9803748726844788,High,Rainbow Shower Tree,0.7003737688064575,Medium
IMG_5053.jpg,Maile East End,Rainbow Shower Tree,0.9262087941169739,High,Lunalilo Yellow Shower Tree,0.41925325989723206,Low
IMG_5075.jpg,Maile East End,Rainbow Shower Tree,0.9387667775154114,High,Rainbow Shower Tree,0.42963239550590515,Low
IMG_5116.jpg,Maile East End,Rainbow Shower Tree,0.828268826007843,Medium,Lunalilo Yellow Shower Tree,0.4301319420337677,Low
IMG_5123.jpg,Maile East End,Rainbow Shower Tree,0.940398633480072,High,Rainbow Shower Tree,0.40047675371170044,Low
IMG_5180.jpg,Maile East End,Rainbow Shower Tree,0.887529730796814,High,Rainbow Shower Tree,0.3419840633869171,Low
IMG_5201.jpg,Maile East End,Rainbow Shower Tree,0.7674598693847656,Medium,Queen's White Shower Tree,0.4614355266094208,Low
IMG_5242.jpg,Maile East End,Rainbow Shower Tree,0.9345532655715942,High,Rainbow Shower Tree,0.46523988246917725,Low
IMG_5268.jpg,Maile East End,Rainbow Shower Tree,0.7474989891052246,Medium,Queen's White Shower Tree,0.44586730003356934,Low
IMG_5300.jpg,Maile East End,Rainbow Shower Tree,0.488313227891922,Low,Rainbow Shower Tree,0.3312711715698242,Low
IMG_5312.jpg,Maile East End,Rainbow Shower Tree,0.8523039221763611,High,Queen's White Shower Tree,0.4762594401836395,Low
IMG_5353.jpg,Maile East End,Rainbow Shower Tree,0.9724141955375671,High,Rainbow Shower Tree,0.7276855707168579,Medium
IMG_5366.jpg,Maile East End,Rainbow Shower Tree,0.8115898966789246,Medium,Lunalilo Yellow Shower Tree,0.4693036675453186,Low
IMG_5405.jpg,Maile East End,Rainbow Shower Tree,0.7080793976783752,Medium,Lunalilo Yellow Shower Tree,0.608116090297699,Medium
IMG_5437.jpg,Maile East End,Rainbow Shower Tree,0.9564568996429443,High,Rainbow Shower Tree,0.5973091125488281,Low
IMG_5453.jpg,Maile East End,Queen's White Shower Tree,0.5986368060112,Low,Queen's White Shower Tree,0.6668439507484436,Medium
IMG_5502.jpg,Maile East End,Rainbow Shower Tree,0.5598217248916626,Low,Queen's White Shower Tree,0.6104685068130493,Medium
IMG_5503.jpg,Maile East End,Rainbow Shower Tree,0.7589046955108643,Medium,Queen's White Shower Tree,0.39362040162086487,Low
IMG_5566.jpg,Maile East End,Queen's White Shower Tree,0.5897896885871887,Low,Queen's White Shower Tree,0.7290357351303101,Medium
IMG_5588.jpg,Maile East End,Rainbow Shower Tree,0.8804500699043274,High,Queen's White Shower Tree,0.4294985234737396,Low
IMG_5626.jpg,Maile East End,Rainbow Shower Tree,0.8231300711631775,Medium,Queen's White Shower Tree,0.49436989426612854,Low
IMG_5663.jpg,Maile East End,Rainbow Shower Tree,0.613812267780304,Medium,Queen's White Shower Tree,0.6099371314048767,Medium
IMG_5704.jpg,Maile East End,Rainbow Shower Tree,0.8404878377914429,Medium,Lunalilo Yellow Shower Tree,0.4225820302963257,Low
IMG_5708.jpg,Maile East End,Rainbow Shower Tree,0.7814748287200928,Medium,Bombax Ceiba,0.37408480048179626,Low
IMG_5745.jpg,Maile East End,Rainbow Shower Tree,0.7961330413818359,Medium,Lunalilo Yellow Shower Tree,0.428446501493454,Low
IMG_5776.jpg,Maile East End,Queen's White Shower Tree,0.5136516094207764,Low,Queen's White Shower Tree,0.5079396963119507,Low
IMG_5800.jpg,Maile East End,Rainbow Shower Tree,0.6019753813743591,Medium,Lunalilo Yellow Shower Tree,0.45563849806785583,Low
IMG_5848.jpg,Maile East End,Rainbow Shower Tree,0.5039989948272705,Low,Lunalilo Yellow Shower Tree,0.5885263681411743,Low
IMG_5849.jpg,Maile East End,Rainbow Shower Tree,0.5996432900428772,Low,Queen's White Shower Tree,0.5649473071098328,Low
IMG_5890.jpg,Maile East End,Rainbow Shower Tree,0.4674875736236572,Low,Queen's White Shower Tree,0.36242052912712097,Low
IMG_5928.jpg,Maile East End,Rainbow Shower Tree,0.870381772518158,High,Lunalilo Yellow Shower Tree,0.3002064824104309,Low
IMG_5930.jpg,Maile East End,Queen's White Shower Tree,0.5119307637214661,Low,Queen's White Shower Tree,0.6607292294502258,Medium
IMG_5967.jpg,Maile East End,Rainbow Shower Tree,0.7997219562530518,Medium,Lunalilo Yellow Shower Tree,0.35417115688323975,Low
IMG_5979.jpg,Maile East End,Queen's White Shower Tree,0.5037248730659485,Low,Queen's White Shower Tree,0.6640021204948425,Medium
IMG_6004.jpg,Maile East End,Rainbow Shower Tree,0.8988583087921143,High,Queen's White Shower Tree,0.3292498290538788,Low
IMG_6036.jpg,Maile East End,Rainbow Shower Tree,0.6878620386123657,Medium,Lunalilo Yellow Shower Tree,0.3433414697647095,Low
IMG_6046.jpg,Maile East End,Rainbow Shower Tree,0.8450484871864319,Medium,Lunalilo Yellow Shower Tree,0.4657961130142212,Low
IMG_6063.jpg,Maile East End,Rainbow Shower Tree,0.9660965800285339,High,Rainbow Shower Tree,0.45932549238204956,Low
IMG_6095.jpg,Maile East End,Queen's White Shower Tree,0.8488526344299316,Medium,Queen's White Shower Tree,0.7604379653930664,Medium
IMG_6118.jpg,Maile East End,Rainbow Shower Tree,0.9858777523040771,High,Rainbow Shower Tree,0.4734683334827423,Low
IMG_6158.jpg,Maile East End,Rainbow Shower Tree,0.9180036187171936,High,Rainbow Shower Tree,0.314297616481781,Low
IMG_6172.jpg,Maile East End,Rainbow Shower Tree,0.8609896898269653,High,Rainbow Shower Tree,0.37061697244644165,Low
IMG_6197.jpg,Maile East End,Rainbow Shower Tree,0.8603538274765015,High,Lunalilo Yellow Shower Tree,0.3837888836860657,Low
IMG_6242.jpg,Maile East End,Rainbow Shower Tree,0.9891133308410645,High,Rainbow Shower Tree,0.5049577355384827,Low
IMG_6284.jpg,Maile East End,Rainbow Shower Tree,0.934624195098877,High,Rainbow Shower Tree,0.4193704426288605,Low
IMG_6305.jpg,Maile East End,Rainbow Shower Tree,0.8823134899139404,High,Rainbow Shower Tree,0.4415411353111267,Low
IMG_6323.jpg,Maile East End,Rainbow Shower Tree,0.9773543477058411,High,Rainbow Shower Tree,0.5211523175239563,Low
IMG_6366.jpg,Maile East End,Rainbow Shower Tree,0.9841127991676331,High,Rainbow Shower Tree,0.6396539807319641,Medium
IMG_6367.jpg,Maile East End,Rainbow Shower Tree,0.4873495399951935,Low,Lunalilo Yellow Shower Tree,0.664604127407074,Medium
IMG_6383.jpg,Maile East End,Rainbow Shower Tree,0.9952096343040466,High,Rainbow Shower Tree,0.8532021045684814,High
IMG_6435.jpg,Maile East End,Rainbow Shower Tree,0.9741916060447693,High,Rainbow Shower Tree,0.703689455986023,Medium
IMG_6436.jpg,Maile East End,Rainbow Shower Tree,0.8946974277496338,High,Rainbow Shower Tree,0.5083307027816772,Low
IMG_6477.jpg,Maile East End,Rainbow Shower Tree,0.981693685054779,High,Rainbow Shower Tree,0.6069240570068359,Medium
IMG_6488.jpg,Maile East End,Rainbow Shower Tree,0.8388653993606567,Medium,Lunalilo Yellow Shower Tree,0.46765705943107605,Low
IMG_6514.jpg,Maile East End,Rainbow Shower Tree,0.9949550032615662,High,Rainbow Shower Tree,0.8047502040863037,Medium
IMG_6553.jpg,Maile East End,Rainbow Shower Tree,0.9725838899612427,High,Rainbow Shower Tree,0.5353805422782898,Low
IMG_6596.jpg,Maile East End,Rainbow Shower Tree,0.9690551161766052,High,Rainbow Shower Tree,0.5930941104888916,Low
IMG_6603.jpg,Maile East End,Rainbow Shower Tree,0.6222149729728699,Medium,Lunalilo Yellow Shower Tree,0.44984838366508484,Low
IMG_6635.jpg,Maile East End,Rainbow Shower Tree,0.9943729639053345,High,Rainbow Shower Tree,0.8079952001571655,Medium
IMG_6674.jpg,Maile East End,Rainbow Shower Tree,0.9911077618598938,High,Rainbow Shower Tree,0.8079967498779297,Medium
IMG_6684.jpg,Maile East End,Rainbow Shower Tree,0.8718401789665222,High,Rainbow Shower Tree,0.559959888458252,Low
IMG_6713.jpg,Maile East End,Rainbow Shower Tree,0.9897588491439819,High,Rainbow Shower Tree,0.6911837458610535,Medium
IMG_6751.jpg,Maile East End,Rainbow Shower Tree,0.9836788773536682,High,Rainbow Shower Tree,0.6217628121376038,Medium
IMG_6756.jpg,Maile East End,Rainbow Shower Tree,0.5487948060035706,Low,Lunalilo Yellow Shower Tree,0.6564108729362488,Medium
IMG_6789.jpg,Maile East End,Rainbow Shower Tree,0.9937266111373901,High,Rainbow Shower Tree,0.7534163594245911,Medium
IMG_6828.jpg,Maile East End,Rainbow Shower Tree,0.9976840019226074,High,Rainbow Shower Tree,0.8775395154953003,High
IMG_6832.jpg,Maile East End,Rainbow Shower Tree,0.44699111580848694,Low,Lunalilo Yellow Shower Tree,0.7559837102890015,Medium
IMG_6867.jpg,Maile East End,Rainbow Shower Tree,0.9852257370948792,High,Rainbow Shower Tree,0.61073899269104,Medium
IMG_6906 (1).jpg,Maile East End,Rainbow Shower Tree,0.7201040983200073,Medium,Lunalilo Yellow Shower Tree,0.43947458267211914,Low
IMG_6906.jpg,Maile East End,Rainbow Shower Tree,0.9934764504432678,High,Rainbow Shower Tree,0.8309710025787354,Medium
IMG_6946.jpg,Maile East End,Rainbow Shower Tree,0.9975881576538086,High,Rainbow Shower Tree,0.8492162227630615,Medium
IMG_6957.jpg,Maile East End,Rainbow Shower Tree,0.7825219035148621,Medium,Lunalilo Yellow Shower Tree,0.5696483850479126,Low
IMG_6987.jpg,Maile East End,Rainbow Shower Tree,0.9966332316398621,High,Rainbow Shower Tree,0.8533077836036682,High
IMG_7005.jpg,Maile East End,Rainbow Shower Tree,0.8879117965698242,High,Lunalilo Yellow Shower Tree,0.4199317991733551,Low
IMG_7032.jpg,Maile East End,Rainbow Shower Tree,0.9982569813728333,High,Rainbow Shower Tree,0.8697529435157776,High
IMG_7056.jpg,Maile East End,Rainbow Shower Tree,0.9687281847000122,High,Rainbow Shower Tree,0.6320568323135376,Medium
IMG_7071.jpg,Maile East End,Rainbow Shower Tree,0.9973190426826477,High,Rainbow Shower Tree,0.9422517418861389,High
IMG_7111.jpg,Maile East End,Rainbow Shower Tree,0.9988135099411011,High,Rainbow Shower Tree,0.9804525375366211,High
IMG_7112.jpg,Maile East End,Rainbow Shower Tree,0.9705585241317749,High,Rainbow Shower Tree,0.6222625374794006,Medium
IMG_7154.jpg,Maile East End,Rainbow Shower Tree,0.998468816280365,High,Rainbow Shower Tree,0.9534724950790405,High
IMG_7158.jpg,Maile East End,Rainbow Shower Tree,0.743198573589325,Medium,Lunalilo Yellow Shower Tree,0.33339548110961914,Low
IMG_7191.jpg,Maile East End,Rainbow Shower Tree,0.9961565136909485,High,Rainbow Shower Tree,0.9347907304763794,High
IMG_7200.jpg,Maile East End,Rainbow Shower Tree,0.9659425020217896,High,Rainbow Shower Tree,0.5057377815246582,Low
IMG_7230.jpg,Maile East End,Rainbow Shower Tree,0.9912627935409546,High,Rainbow Shower Tree,0.9047282934188843,High
IMG_7242.jpg,Maile East End,Rainbow Shower Tree,0.9950495362281799,High,Rainbow Shower Tree,0.8751038312911987,High
IMG_7270.jpg,Maile East End,Rainbow Shower Tree,0.9832949042320251,High,Rainbow Shower Tree,0.7460742592811584,Medium
IMG_7311.jpg,Maile East End,Rainbow Shower Tree,0.9991732239723206,High,Rainbow Shower Tree,0.9688515067100525,High
IMG_7349.jpg,Maile East End,Rainbow Shower Tree,0.9922131896018982,High,Rainbow Shower Tree,0.8048272132873535,Medium
IMG_7385.jpg,Maile East End,Rainbow Shower Tree,0.9947925209999084,High,Rainbow Shower Tree,0.827061116695404,Medium
IMG_7406.jpg,Maile East End,Rainbow Shower Tree,0.9696561694145203,High,Rainbow Shower Tree,0.49261054396629333,Low
IMG_7424.jpg,Maile East End,Rainbow Shower Tree,0.9820175766944885,High,Rainbow Shower Tree,0.5896173119544983,Low
IMG_7448.jpg,Maile East End,Rainbow Shower Tree,0.9640126824378967,High,Rainbow Shower Tree,0.5714695453643799,Low
IMG_7462.jpg,Maile East End,Rainbow Shower Tree,0.9772143363952637,High,Rainbow Shower Tree,0.7394696474075317,Medium
IMG_7501.jpg,Maile East End,Rainbow Shower Tree,0.9783129692077637,High,Rainbow Shower Tree,0.6274625062942505,Medium
IMG_7507.jpg,Maile East End,Rainbow Shower Tree,0.9843279123306274,High,Rainbow Shower Tree,0.7317100763320923,Medium
IMG_7540.jpg,Maile East End,Rainbow Shower Tree,0.9882994890213013,High,Rainbow Shower Tree,0.803766131401062,Medium
IMG_7551.jpg,Maile East End,Rainbow Shower Tree,0.9978629946708679,High,Rainbow Shower Tree,0.9089663624763489,High
IMG_7579.jpg,Maile East End,Rainbow Shower Tree,0.9865401387214661,High,Rainbow Shower Tree,0.8324235677719116,Medium
IMG_7594.jpg,Maile East End,Rainbow Shower Tree,0.9923228025436401,High,Rainbow Shower Tree,0.8176882266998291,Medium
IMG_7617.jpg,Maile East End,Rainbow Shower Tree,0.9684547781944275,High,Rainbow Shower Tree,0.779144287109375,Medium
IMG_7653.jpg,Maile East End,Rainbow Shower Tree,0.6573199033737183,Medium,Queen's White Shower Tree,0.6377561092376709,Medium
IMG_7682.jpg,Maile East End,Rainbow Shower Tree,0.9705819487571716,High,Rainbow Shower Tree,0.5436830520629883,Low
IMG_7689.jpg,Maile East End,Rainbow Shower Tree,0.9903061389923096,High,Rainbow Shower Tree,0.6702322363853455,Medium
IMG_7727.jpg,Maile East End,Queen's White Shower Tree,0.6148654818534851,Medium,Queen's White Shower Tree,0.5955944061279297,Low
IMG_7733.jpg,Maile East End,Rainbow Shower Tree,0.9944517016410828,High,Rainbow Shower Tree,0.8677042722702026,High
IMG_7769.jpg,Maile East End,Rainbow Shower Tree,0.9724658131599426,High,Rainbow Shower Tree,0.7215441465377808,Medium
IMG_7775.jpg,Maile East End,Rainbow Shower Tree,0.951607882976532,High,Rainbow Shower Tree,0.48204562067985535,Low
IMG_7812.jpg,Maile East End,Rainbow Shower Tree,0.9873031973838806,High,Rainbow Shower Tree,0.8420851230621338,Medium
IMG_7818.jpg,Maile East End,Rainbow Shower Tree,0.9981877207756042,High,Rainbow Shower Tree,0.9232450127601624,High
IMG_7863.jpg,Maile East End,Rainbow Shower Tree,0.937674880027771,High,Rainbow Shower Tree,0.5208491086959839,Low
IMG_7891.jpg,Maile East End,Rainbow Shower Tree,0.976414680480957,High,Rainbow Shower Tree,0.5240318179130554,Low
IMG_7908.jpg,Maile East End,Rainbow Shower Tree,0.9909355044364929,High,Rainbow Shower Tree,0.7809798717498779,Medium
IMG_7952.jpg,Maile East End,Rainbow Shower Tree,0.647488534450531,Medium,Lunalilo Yellow Shower Tree,0.4852295219898224,Low
IMG_7967.jpg,Maile East End,Rainbow Shower Tree,0.9979636669158936,High,Rainbow Shower Tree,0.8400896787643433,Medium
IMG_7992.jpg,Maile East End,Rainbow Shower Tree,0.9307910203933716,High,Rainbow Shower Tree,0.5257493257522583,Low
IMG_8023.jpg,Maile East End,Rainbow Shower Tree,0.8353078365325928,Medium,Lunalilo Yellow Shower Tree,0.3371165096759796,Low
IMG_8036.jpg,Maile East End,Rainbow Shower Tree,0.9557154774665833,High,Rainbow Shower Tree,0.49165546894073486,Low
IMG_8076.jpg,Maile East End,Rainbow Shower Tree,0.954133927822113,High,Rainbow Shower Tree,0.4892364740371704,Low
IMG_8080.jpg,Maile East End,Rainbow Shower Tree,0.9289843440055847,High,Bombax Ceiba,0.3994596600532532,Low
IMG_8121.jpg,Maile East End,Rainbow Shower Tree,0.9938947558403015,High,Rainbow Shower Tree,0.8687653541564941,High
IMG_8173.jpg,Maile East End,Rainbow Shower Tree,0.5811645984649658,Low,Queen's White Shower Tree,0.5314996242523193,Low
IMG_8184.jpg,Maile East End,Rainbow Shower Tree,0.9482815861701965,High,Rainbow Shower Tree,0.32192811369895935,Low
IMG_8228.jpg,Maile East End,Rainbow Shower Tree,0.9719122648239136,High,Rainbow Shower Tree,0.6088370084762573,Medium
IMG_8250.jpg,Maile East End,Rainbow Shower Tree,0.684088408946991,Medium,Lunalilo Yellow Shower Tree,0.36591047048568726,Low
IMG_8291.jpg,Maile East End,Rainbow Shower Tree,0.9965885877609253,High,Rainbow Shower Tree,0.9284767508506775,High
IMG_8351.jpg,Maile East End,Rainbow Shower Tree,0.9793148040771484,High,Rainbow Shower Tree,0.7670835852622986,Medium
IMG_8391.jpg,Maile East End,Rainbow Shower Tree,0.9878734946250916,High,Rainbow Shower Tree,0.8348943591117859,Medium
IMG_8438.jpg,Maile East End,Rainbow Shower Tree,0.8567653894424438,High,Rainbow Shower Tree,0.3533163070678711,Low
IMG_8482.jpg,Maile East End,Rainbow Shower Tree,0.6008281707763672,Medium,Rainbow Shower Tree,0.3646705746650696,Low
IMG_8483.jpg,Maile East End,Rainbow Shower Tree,0.9715558886528015,High,Rainbow Shower Tree,0.5582547783851624,Low
IMG_8523 (1).jpg,Maile East End,Rainbow Shower Tree,0.8696423172950745,High,Rainbow Shower Tree,0.40017494559288025,Low
IMG_8523.jpg,Maile East End,Rainbow Shower Tree,0.9720958471298218,High,Rainbow Shower Tree,0.9069539308547974,High
IMG_8562.jpg,Maile East End,Rainbow Shower Tree,0.9794904589653015,High,Rainbow Shower Tree,0.804038405418396,Medium
IMG_8594.jpg,Maile East End,Rainbow Shower Tree,0.9880028963088989,High,Rainbow Shower Tree,0.9183803200721741,High
IMG_8609.jpg,Maile East End,Rainbow Shower Tree,0.9206802845001221,High,Rainbow Shower Tree,0.45574110746383667,Low
IMG_8645.jpg,Maile East End,Rainbow Shower Tree,0.9854302406311035,High,Rainbow Shower Tree,0.8226382732391357,Medium
IMG_8664.jpg,Maile East End,Queen's White Shower Tree,0.5356139540672302,Low,Lunalilo Yellow Shower Tree,0.44084852933883667,Low
IMG_8717.jpg,Maile East End,Rainbow Shower Tree,0.9537639617919922,High,Rainbow Shower Tree,0.7260167598724365,Medium
IMG_8726.jpg,Maile East End,Rainbow Shower Tree,0.7515871524810791,Medium,Lunalilo Yellow Shower Tree,0.6211114525794983,Medium
IMG_8766.jpg,Maile East End,Rainbow Shower Tree,0.9624494910240173,High,Rainbow Shower Tree,0.38006603717803955,Low
IMG_8783.jpg,Maile East End,Rainbow Shower Tree,0.9838957786560059,High,Rainbow Shower Tree,0.8613631129264832,High
IMG_8808 (1).jpg,Maile East End,Rainbow Shower Tree,0.9618131518363953,High,Rainbow Shower Tree,0.8409460186958313,Medium
IMG_8808.jpg,Maile East End,Rainbow Shower Tree,0.7271915078163147,Medium,Queen's White Shower Tree,0.5748382210731506,Low
IMG_8825.jpg,Maile East End,Rainbow Shower Tree,0.8549658060073853,High,Queen's White Shower Tree,0.4223828613758087,Low
IMG_8851.jpg,Maile East End,Rainbow Shower Tree,0.889133095741272,High,Rainbow Shower Tree,0.619023859500885,Medium
IMG_8884.jpg,Maile East End,Rainbow Shower Tree,0.9898928999900818,High,Rainbow Shower Tree,0.8227890729904175,Medium
IMG_8916.jpg,Maile East End,Queen's White Shower Tree,0.8069930672645569,Medium,Queen's White Shower Tree,0.7568003535270691,Medium
IMG_8920.jpg,Maile East End,Rainbow Shower Tree,0.8916991353034973,High,Rainbow Shower Tree,0.5041367411613464,Low
IMG_8953.jpg,Maile East End,Queen's White Shower Tree,0.6083095669746399,Medium,Queen's White Shower Tree,0.5882526636123657,Low
IMG_9016.jpg,Maile East End,Rainbow Shower Tree,0.555174708366394,Low,Lunalilo Yellow Shower Tree,0.46412163972854614,Low
IMG_9058.jpg,Maile East End,Rainbow Shower Tree,0.7374764084815979,Medium,Queen's White Shower Tree,0.5320211052894592,Low
IMG_9075.jpg,Maile East End,Rainbow Shower Tree,0.8441551923751831,Medium,Lunalilo Yellow Shower Tree,0.5987593531608582,Low
IMG_9100.jpg,Maile East End,Rainbow Shower Tree,0.6513353586196899,Medium,Queen's White Shower Tree,0.5416185259819031,Low
IMG_9140.jpg,Maile East End,Queen's White Shower Tree,0.5737475752830505,Low,Queen's White Shower Tree,0.7335927486419678,Medium
IMG_9144.jpg,Maile East End,Rainbow Shower Tree,0.5656822919845581,Low,Queen's White Shower Tree,0.5564478039741516,Low
IMG_9150.jpg,Maile East End,Queen's White Shower Tree,0.5689030885696411,Low,Queen's White Shower Tree,0.6873482465744019,Medium
IMG_9200.jpg,Maile East End,Rainbow Shower Tree,0.6452759504318237,Medium,Lunalilo Yellow Shower Tree,0.4309154748916626,Low
IMG_9227.jpg,Maile East End,Rainbow Shower Tree,0.941010594367981,High,Rainbow Shower Tree,0.4924841821193695,Low
IMG_9261.jpg,Maile East End,Rainbow Shower Tree,0.8342738747596741,Medium,Queen's White Shower Tree,0.3066462576389313,Low
IMG_9293.jpg,Maile East End,Rainbow Shower Tree,0.9112611413002014,High,Rainbow Shower Tree,0.47793206572532654,Low
IMG_9308.jpg,Maile East End,Queen's White Shower Tree,0.7478545904159546,Medium,Queen's White Shower Tree,0.5031150579452515,Low
IMG_9365.jpg,Maile East End,Rainbow Shower Tree,0.6632815599441528,Medium,Queen's White Shower Tree,0.4441606104373932,Low
IMG_9369.jpg,Maile East End,Rainbow Shower Tree,0.7855511903762817,Medium,Lunalilo Yellow Shower Tree,0.6230546832084656,Medium
IMG_9417.jpg,Maile East End,Rainbow Shower Tree,0.768044114112854,Medium,Lunalilo Yellow Shower Tree,0.4526817798614502,Low
IMG_9437.jpg,Maile East End,Rainbow Shower Tree,0.4721332788467407,Low,Lunalilo Yellow Shower Tree,0.5782341957092285,Low
IMG_9461.jpg,Maile East End,Queen's White Shower Tree,0.5848169326782227,Low,Queen's White Shower Tree,0.7172188758850098,Medium
IMG_9472.jpg,Maile East End,Rainbow Shower Tree,0.9153390526771545,High,Rainbow Shower Tree,0.48996949195861816,Low
IMG_9509.jpg,Maile East End,Rainbow Shower Tree,0.6094509363174438,Medium,Lunalilo Yellow Shower Tree,0.43255722522735596,Low
IMG_9519.jpg,Maile East End,Rainbow Shower Tree,0.5482302904129028,Low,Queen's White Shower Tree,0.4472590982913971,Low
IMG_9547.jpg,Maile East End,Rainbow Shower Tree,0.8847256898880005,High,Rainbow Shower Tree,0.363476037979126,Low
IMG_9556.jpg,Maile East End,Queen's White Shower Tree,0.4872438311576843,Low,Queen's White Shower Tree,0.5555964708328247,Low
IMG_9593.jpg,Maile East End,Rainbow Shower Tree,0.6582269072532654,Medium,Queen's White Shower Tree,0.39521467685699463,Low
IMG_9597.jpg,Maile East End,Rainbow Shower Tree,0.6093983054161072,Medium,Queen's White Shower Tree,0.5136474370956421,Low
IMG_9633.jpg,Maile East End,Rainbow Shower Tree,0.960403323173523,High,Rainbow Shower Tree,0.49737563729286194,Low
IMG_9642.jpg,Maile East End,Rainbow Shower Tree,0.8694607615470886,High,Lunalilo Yellow Shower Tree,0.42465880513191223,Low
IMG_9673.jpg,Maile East End,Rainbow Shower Tree,0.986133873462677,High,Rainbow Shower Tree,0.628866970539093,Medium
IMG_9702.jpg,Maile East End,Rainbow Shower Tree,0.6869157552719116,Medium,Queen's White Shower Tree,0.50727778673172,Low
IMG_9712.jpg,Maile East End,Rainbow Shower Tree,0.6110209822654724,Medium,Queen's White Shower Tree,0.4306018352508545,Low
IMG_9754.jpg,Maile East End,Rainbow Shower Tree,0.9798457026481628,High,Rainbow Shower Tree,0.5581377148628235,Low
IMG_9764.jpg,Maile East End,Rainbow Shower Tree,0.8898916244506836,High,Rainbow Shower Tree,0.5881627798080444,Low
IMG_9797.jpg,Maile East End,Rainbow Shower Tree,0.9549121260643005,High,Rainbow Shower Tree,0.4863705635070801,Low
IMG_9805.jpg,Maile East End,Rainbow Shower Tree,0.8698810338973999,High,Rainbow Shower Tree,0.4310123026371002,Low
IMG_9843.jpg,Maile East End,Rainbow Shower Tree,0.714236319065094,Medium,Lunalilo Yellow Shower Tree,0.4364195466041565,Low
IMG_9881.jpg,Maile East End,Rainbow Shower Tree,0.8762397766113281,High,Rainbow Shower Tree,0.623155951499939,Medium
IMG_9886.jpg,Maile East End,Rainbow Shower Tree,0.9659351706504822,High,Rainbow Shower Tree,0.42424970865249634,Low
IMG_9924.jpg,Maile East End,Rainbow Shower Tree,0.839765727519989,Medium,Queen's White Shower Tree,0.4296148419380188,Low
IMG_9931.jpg,Maile East End,Rainbow Shower Tree,0.9271649122238159,High,Rainbow Shower Tree,0.4577076733112335,Low
IMG_9958.jpg,Maile East End,Rainbow Shower Tree,0.987511157989502,High,Rainbow Shower Tree,0.6298982501029968,Medium
IMG_9960.jpg,Maile East End,Queen's White Shower Tree,0.9974645376205444,High,Queen's White Shower Tree,0.9048452973365784,High
IMG_9982.jpg,Maile East End,Rainbow Shower Tree,0.6798518896102905,Medium,Queen's White Shower Tree,0.6184188723564148,Medium
IMG_9996.jpg,Maile East End,Rainbow Shower Tree,0.918048620223999,High,Lunalilo Yellow Shower Tree,0.803678572177887,Medium
IMG_0001.jpg,Maile West Corner,Rainbow Shower Tree,0.9998389482498169,High,Rainbow Shower Tree,0.9945334196090698,High
IMG_0025.jpg,Maile West Corner,Rainbow Shower Tree,0.996369481086731,High,Rainbow Shower Tree,0.9555210471153259,High
IMG_0067.jpg,Maile West Corner,Rainbow Shower Tree,0.9986187219619751,High,Rainbow Shower Tree,0.9658090472221375,High
IMG_0072.jpg,Maile West Corner,Rainbow Shower Tree,0.9999709129333496,High,Rainbow Shower Tree,0.9963237047195435,High
IMG_0107.jpg,Maile West Corner,Rainbow Shower Tree,0.9996823072433472,High,Rainbow Shower Tree,0.9920972585678101,High
IMG_0138.jpg,Maile West Corner,Rainbow Shower Tree,0.9956272840499878,High,Rainbow Shower Tree,0.9345976114273071,High
IMG_0150.jpg,Maile West Corner,Rainbow Shower Tree,0.998989999294281,High,Rainbow Shower Tree,0.97538822889328,High
IMG_0172.jpg,Maile West Corner,Rainbow Shower Tree,0.9995021820068359,High,Rainbow Shower Tree,0.9868065714836121,High
IMG_0191.jpg,Maile West Corner,Rainbow Shower Tree,0.9994931221008301,High,Rainbow Shower Tree,0.9902719855308533,High
IMG_0233.jpg,Maile West Corner,Rainbow Shower Tree,0.9983224272727966,High,Rainbow Shower Tree,0.9719668030738831,High
IMG_0239.jpg,Maile West Corner,Rainbow Shower Tree,0.99856036901474,High,Rainbow Shower Tree,0.9736369848251343,High
IMG_0286.jpg,Maile West Corner,Rainbow Shower Tree,0.9945574998855591,High,Rainbow Shower Tree,0.9251719117164612,High
IMG_0343.jpg,Maile West Corner,Rainbow Shower Tree,0.9992963075637817,High,Rainbow Shower Tree,0.9883978962898254,High
IMG_0352.jpg,Maile West Corner,Rainbow Shower Tree,0.999875545501709,High,Rainbow Shower Tree,0.9958263039588928,High
IMG_0377.jpg,Maile West Corner,Rainbow Shower Tree,0.9914088845252991,High,Rainbow Shower Tree,0.9219778180122375,High
IMG_0397.jpg,Maile West Corner,Rainbow Shower Tree,0.9996033310890198,High,Rainbow Shower Tree,0.9891507625579834,High
IMG_0435.jpg,Maile West Corner,Rainbow Shower Tree,0.9982513785362244,High,Rainbow Shower Tree,0.9651952981948853,High
IMG_0488.jpg,Maile West Corner,Rainbow Shower Tree,0.999448835849762,High,Rainbow Shower Tree,0.98428875207901,High
IMG_0502.jpg,Maile West Corner,Rainbow Shower Tree,0.9997981190681458,High,Rainbow Shower Tree,0.9960823655128479,High
IMG_0533.jpg,Maile West Corner,Rainbow Shower Tree,0.9971314668655396,High,Rainbow Shower Tree,0.9048353433609009,High
IMG_0550.jpg,Maile West Corner,Rainbow Shower Tree,0.9997507929801941,High,Rainbow Shower Tree,0.9920960664749146,High
IMG_0576.jpg,Maile West Corner,Rainbow Shower Tree,0.9998314380645752,High,Rainbow Shower Tree,0.9938998222351074,High
IMG_0593.jpg,Maile West Corner,Rainbow Shower Tree,0.9990045428276062,High,Rainbow Shower Tree,0.9594634175300598,High
IMG_0622.jpg,Maile West Corner,Rainbow Shower Tree,0.9991025924682617,High,Rainbow Shower Tree,0.9635764956474304,High
IMG_0623.jpg,Maile West Corner,Rainbow Shower Tree,0.9995081424713135,High,Rainbow Shower Tree,0.9779356718063354,High
IMG_0665.jpg,Maile West Corner,Rainbow Shower Tree,0.9999477863311768,High,Rainbow Shower Tree,0.9984747767448425,High
IMG_0672.jpg,Maile West Corner,Rainbow Shower Tree,0.9988377690315247,High,Rainbow Shower Tree,0.974097490310669,High
IMG_0703.jpg,Maile West Corner,Rainbow Shower Tree,0.9998225569725037,High,Rainbow Shower Tree,0.9905969500541687,High
IMG_0709.jpg,Maile West Corner,Rainbow Shower Tree,0.9980625510215759,High,Rainbow Shower Tree,0.9461100101470947,High
IMG_0757.jpg,Maile West Corner,Rainbow Shower Tree,0.9999874830245972,High,Rainbow Shower Tree,0.9996278285980225,High
IMG_0784.jpg,Maile West Corner,Rainbow Shower Tree,0.9915165901184082,High,Rainbow Shower Tree,0.8988772034645081,High
IMG_0796.jpg,Maile West Corner,Rainbow Shower Tree,0.9999501705169678,High,Rainbow Shower Tree,0.9967888593673706,High
IMG_0823.jpg,Maile West Corner,Rainbow Shower Tree,0.9966484904289246,High,Rainbow Shower Tree,0.9493874311447144,High
IMG_0839.jpg,Maile West Corner,Rainbow Shower Tree,0.9997214674949646,High,Rainbow Shower Tree,0.9874920845031738,High
IMG_0856.jpg,Maile West Corner,Rainbow Shower Tree,0.99969482421875,High,Rainbow Shower Tree,0.9864938259124756,High
IMG_0885.jpg,Maile West Corner,Rainbow Shower Tree,0.9998979568481445,High,Rainbow Shower Tree,0.996442973613739,High
IMG_0887.jpg,Maile West Corner,Rainbow Shower Tree,0.998430073261261,High,Rainbow Shower Tree,0.9690144658088684,High
IMG_0921.jpg,Maile West Corner,Rainbow Shower Tree,0.9980636239051819,High,Rainbow Shower Tree,0.9570015072822571,High
IMG_0928.jpg,Maile West Corner,Rainbow Shower Tree,0.9997033476829529,High,Rainbow Shower Tree,0.9858437776565552,High
IMG_0965 (1).jpg,Maile West Corner,Rainbow Shower Tree,0.9950863718986511,High,Rainbow Shower Tree,0.9514588117599487,High
IMG_0965.jpg,Maile West Corner,Rainbow Shower Tree,0.9996309280395508,High,Rainbow Shower Tree,0.993046224117279,High
IMG_1002.jpg,Maile West Corner,Rainbow Shower Tree,0.9949654936790466,High,Rainbow Shower Tree,0.9079557061195374,High
IMG_1003.jpg,Maile West Corner,Rainbow Shower Tree,0.9999632835388184,High,Rainbow Shower Tree,0.9986269474029541,High
IMG_1039.jpg,Maile West Corner,Rainbow Shower Tree,0.9999721050262451,High,Rainbow Shower Tree,0.9988141059875488,High
IMG_1041.jpg,Maile West Corner,Rainbow Shower Tree,0.996513307094574,High,Rainbow Shower Tree,0.9297628998756409,High
IMG_1077.jpg,Maile West Corner,Rainbow Shower Tree,0.9996867179870605,High,Rainbow Shower Tree,0.9922983050346375,High
IMG_1121.jpg,Maile West Corner,Rainbow Shower Tree,0.9995326995849609,High,Rainbow Shower Tree,0.9900013208389282,High
IMG_1132.jpg,Maile West Corner,Rainbow Shower Tree,0.9912981986999512,High,Rainbow Shower Tree,0.8927966356277466,High
IMG_1192.jpg,Maile West Corner,Rainbow Shower Tree,0.9999035596847534,High,Rainbow Shower Tree,0.9963189363479614,High
IMG_1231.jpg,Maile West Corner,Rainbow Shower Tree,0.99886155128479,High,Rainbow Shower Tree,0.9816323518753052,High
IMG_1280.jpg,Maile West Corner,Rainbow Shower Tree,0.9998390674591064,High,Rainbow Shower Tree,0.9952808022499084,High
IMG_1304.jpg,Maile West Corner,Rainbow Shower Tree,0.999860405921936,High,Rainbow Shower Tree,0.9979063272476196,High
IMG_1348.jpg,Maile West Corner,Rainbow Shower Tree,0.9999693632125854,High,Rainbow Shower Tree,0.9991911053657532,High
IMG_1359.jpg,Maile West Corner,Rainbow Shower Tree,0.9930349588394165,High,Rainbow Shower Tree,0.8758609294891357,High
IMG_1382.jpg,Maile West Corner,Rainbow Shower Tree,0.9999834299087524,High,Rainbow Shower Tree,0.9993984699249268,High
IMG_1400.jpg,Maile West Corner,Rainbow Shower Tree,0.9967193007469177,High,Rainbow Shower Tree,0.9456119537353516,High
IMG_1420.jpg,Maile West Corner,Rainbow Shower Tree,0.9999415874481201,High,Rainbow Shower Tree,0.9983031749725342,High
IMG_1450.jpg,Maile West Corner,Rainbow Shower Tree,0.9938331842422485,High,Rainbow Shower Tree,0.9252456426620483,High
IMG_1479.jpg,Maile West Corner,Rainbow Shower Tree,0.9998657703399658,High,Rainbow Shower Tree,0.9982774257659912,High
IMG_1488.jpg,Maile West Corner,Rainbow Shower Tree,0.9994810223579407,High,Rainbow Shower Tree,0.975339949131012,High
IMG_1499.jpg,Maile West Corner,Rainbow Shower Tree,0.9998775720596313,High,Rainbow Shower Tree,0.9917879700660706,High
IMG_1533.jpg,Maile West Corner,Rainbow Shower Tree,0.9997950196266174,High,Rainbow Shower Tree,0.9953989386558533,High
IMG_1539.jpg,Maile West Corner,Rainbow Shower Tree,0.9993698000907898,High,Rainbow Shower Tree,0.973111093044281,High
IMG_1574.jpg,Maile West Corner,Rainbow Shower Tree,0.9999909400939941,High,Rainbow Shower Tree,0.9994221925735474,High
IMG_1585.jpg,Maile West Corner,Rainbow Shower Tree,0.9979926347732544,High,Rainbow Shower Tree,0.9395291805267334,High
IMG_1621.jpg,Maile West Corner,Rainbow Shower Tree,0.9999552965164185,High,Rainbow Shower Tree,0.9962807297706604,High
IMG_1626.jpg,Maile West Corner,Rainbow Shower Tree,0.9992974996566772,High,Rainbow Shower Tree,0.9670977592468262,High
IMG_1645.jpg,Maile West Corner,Rainbow Shower Tree,0.9998250603675842,High,Rainbow Shower Tree,0.9966074228286743,High
IMG_1665.jpg,Maile West Corner,Rainbow Shower Tree,0.9987195730209351,High,Rainbow Shower Tree,0.9736859202384949,High
IMG_1700.jpg,Maile West Corner,Rainbow Shower Tree,0.9999721050262451,High,Rainbow Shower Tree,0.9991687536239624,High
IMG_1730.jpg,Maile West Corner,Rainbow Shower Tree,0.9999918937683105,High,Rainbow Shower Tree,0.9995664954185486,High
IMG_1747.jpg,Maile West Corner,Rainbow Shower Tree,0.9987097978591919,High,Rainbow Shower Tree,0.9726440906524658,High
IMG_1769.jpg,Maile West Corner,Rainbow Shower Tree,0.9999964237213135,High,Rainbow Shower Tree,0.9997926354408264,High
IMG_1811.jpg,Maile West Corner,Rainbow Shower Tree,0.9999655485153198,High,Rainbow Shower Tree,0.9988957643508911,High
IMG_1823.jpg,Maile West Corner,Rainbow Shower Tree,0.9989469647407532,High,Rainbow Shower Tree,0.9741644263267517,High
IMG_1857.jpg,Maile West Corner,Rainbow Shower Tree,0.9999904632568359,High,Rainbow Shower Tree,0.999395489692688,High
IMG_1869.jpg,Maile West Corner,Rainbow Shower Tree,0.9998960494995117,High,Rainbow Shower Tree,0.9931968450546265,High
IMG_1927.jpg,Maile West Corner,Rainbow Shower Tree,0.99981290102005,High,Rainbow Shower Tree,0.9954162836074829,High
IMG_1961.jpg,Maile West Corner,Rainbow Shower Tree,0.9998875856399536,High,Rainbow Shower Tree,0.9911707639694214,High
IMG_1966.jpg,Maile West Corner,Rainbow Shower Tree,0.9999861717224121,High,Rainbow Shower Tree,0.999553382396698,High
IMG_2019.jpg,Maile West Corner,Rainbow Shower Tree,0.9995236396789551,High,Rainbow Shower Tree,0.9871364831924438,High
IMG_2033.jpg,Maile West Corner,Rainbow Shower Tree,0.9997223019599915,High,Rainbow Shower Tree,0.9929454922676086,High
IMG_2068.jpg,Maile West Corner,Rainbow Shower Tree,0.9997429251670837,High,Rainbow Shower Tree,0.9920375347137451,High
IMG_2104.jpg,Maile West Corner,Rainbow Shower Tree,0.9998841285705566,High,Rainbow Shower Tree,0.9977008700370789,High
IMG_2112.jpg,Maile West Corner,Rainbow Shower Tree,0.9997081160545349,High,Rainbow Shower Tree,0.9954392313957214,High
IMG_2171.jpg,Maile West Corner,Rainbow Shower Tree,0.9999504089355469,High,Rainbow Shower Tree,0.998820960521698,High
IMG_2185.jpg,Maile West Corner,Rainbow Shower Tree,0.9997919201850891,High,Rainbow Shower Tree,0.9938356280326843,High
IMG_2224.jpg,Maile West Corner,Rainbow Shower Tree,0.9998573064804077,High,Rainbow Shower Tree,0.9927391409873962,High
IMG_2237.jpg,Maile West Corner,Rainbow Shower Tree,0.9998598098754883,High,Rainbow Shower Tree,0.996882438659668,High
IMG_2271.jpg,Maile West Corner,Rainbow Shower Tree,0.9997444748878479,High,Rainbow Shower Tree,0.9926745295524597,High
IMG_2315.jpg,Maile West Corner,Rainbow Shower Tree,0.9996594190597534,High,Rainbow Shower Tree,0.989589273929596,High
IMG_2319.jpg,Maile West Corner,Rainbow Shower Tree,0.998601496219635,High,Rainbow Shower Tree,0.9792532920837402,High
IMG_2361.jpg,Maile West Corner,Rainbow Shower Tree,0.9998134970664978,High,Rainbow Shower Tree,0.9933869242668152,High
IMG_2400.jpg,Maile West Corner,Rainbow Shower Tree,0.9998925924301147,High,Rainbow Shower Tree,0.9980437755584717,High
IMG_2425.jpg,Maile West Corner,Rainbow Shower Tree,0.9999756813049316,High,Rainbow Shower Tree,0.9987770915031433,High
IMG_2461.jpg,Maile West Corner,Rainbow Shower Tree,0.999842643737793,High,Rainbow Shower Tree,0.997238039970398,High
IMG_2524.jpg,Maile West Corner,Rainbow Shower Tree,0.9999357461929321,High,Rainbow Shower Tree,0.9952701926231384,High
IMG_2539.jpg,Maile West Corner,Rainbow Shower Tree,0.9999141693115234,High,Rainbow Shower Tree,0.9986911416053772,High
IMG_2613.jpg,Maile West Corner,Rainbow Shower Tree,0.9996556043624878,High,Rainbow Shower Tree,0.9965894222259521,High
IMG_2686.jpg,Maile West Corner,Rainbow Shower Tree,0.9994392991065979,High,Rainbow Shower Tree,0.9803637862205505,High
IMG_2688.jpg,Maile West Corner,Rainbow Shower Tree,0.9997656941413879,High,Rainbow Shower Tree,0.9961723685264587,High
IMG_2771.jpg,Maile West Corner,Rainbow Shower Tree,0.9973100423812866,High,Rainbow Shower Tree,0.9832245111465454,High
IMG_2825.jpg,Maile West Corner,Rainbow Shower Tree,0.9994152784347534,High,Rainbow Shower Tree,0.9788546562194824,High
IMG_2853.jpg,Maile West Corner,Rainbow Shower Tree,0.9997647404670715,High,Rainbow Shower Tree,0.9955722093582153,High
IMG_2907.jpg,Maile West Corner,Rainbow Shower Tree,0.9998610019683838,High,Rainbow Shower Tree,0.9981788396835327,High
IMG_2949.jpg,Maile West Corner,Rainbow Shower Tree,0.9998492002487183,High,Rainbow Shower Tree,0.996850311756134,High
IMG_3035.jpg,Maile West Corner,Rainbow Shower Tree,0.9965722560882568,High,Rainbow Shower Tree,0.9485988020896912,High
IMG_3076.jpg,Maile West Corner,Rainbow Shower Tree,0.9990866184234619,High,Rainbow Shower Tree,0.9853701591491699,High
IMG_3122.jpg,Maile West Corner,Rainbow Shower Tree,0.998903751373291,High,Rainbow Shower Tree,0.9833336472511292,High
IMG_3166.jpg,Maile West Corner,Rainbow Shower Tree,0.9981235861778259,High,Rainbow Shower Tree,0.9734389185905457,High
IMG_3209.jpg,Maile West Corner,Rainbow Shower Tree,0.9970012307167053,High,Rainbow Shower Tree,0.9748950004577637,High
IMG_3254.jpg,Maile West Corner,Rainbow Shower Tree,0.9980839490890503,High,Rainbow Shower Tree,0.977310061454773,High
IMG_3306.jpg,Maile West Corner,Rainbow Shower Tree,0.9954236149787903,High,Rainbow Shower Tree,0.942321240901947,High
IMG_3353.jpg,Maile West Corner,Rainbow Shower Tree,0.9981809854507446,High,Rainbow Shower Tree,0.9787290096282959,High
IMG_3403.jpg,Maile West Corner,Rainbow Shower Tree,0.999504566192627,High,Rainbow Shower Tree,0.9861627221107483,High
IMG_3549.jpg,Maile West Corner,Rainbow Shower Tree,0.9948059916496277,High,Rainbow Shower Tree,0.9551543593406677,High
IMG_3591.jpg,Maile West Corner,Rainbow Shower Tree,0.9964945912361145,High,Rainbow Shower Tree,0.9682068228721619,High
IMG_3634.jpg,Maile West Corner,Rainbow Shower Tree,0.9981576800346375,High,Rainbow Shower Tree,0.9777522683143616,High
IMG_3676.jpg,Maile West Corner,Rainbow Shower Tree,0.9984301924705505,High,Rainbow Shower Tree,0.9710289239883423,High
IMG_3719.jpg,Maile West Corner,Rainbow Shower Tree,0.9995585083961487,High,Rainbow Shower Tree,0.9807060956954956,High
IMG_3765.jpg,Maile West Corner,Rainbow Shower Tree,0.9971420168876648,High,Rainbow Shower Tree,0.9588317275047302,High
IMG_3806.jpg,Maile West Corner,Rainbow Shower Tree,0.9970303773880005,High,Rainbow Shower Tree,0.9478468894958496,High
IMG_3849.jpg,Maile West Corner,Rainbow Shower Tree,0.9978744983673096,High,Rainbow Shower Tree,0.9690293669700623,High
IMG_3889.jpg,Maile West Corner,Rainbow Shower Tree,0.9990804195404053,High,Rainbow Shower Tree,0.9705436825752258,High
IMG_3935.jpg,Maile West Corner,Rainbow Shower Tree,0.9986283779144287,High,Rainbow Shower Tree,0.9447611570358276,High
IMG_3977.jpg,Maile West Corner,Rainbow Shower Tree,0.9972149133682251,High,Rainbow Shower Tree,0.964835524559021,High
IMG_4015.jpg,Maile West Corner,Rainbow Shower Tree,0.9986467957496643,High,Rainbow Shower Tree,0.961269199848175,High
IMG_4125.jpg,Maile West Corner,Rainbow Shower Tree,0.997806966304779,High,Rainbow Shower Tree,0.9663297533988953,High
IMG_4164.jpg,Maile West Corner,Rainbow Shower Tree,0.9990310668945312,High,Rainbow Shower Tree,0.9790442585945129,High
IMG_4205.jpg,Maile West Corner,Rainbow Shower Tree,0.9964665174484253,High,Rainbow Shower Tree,0.9507974982261658,High
IMG_4251.jpg,Maile West Corner,Rainbow Shower Tree,0.9980831146240234,High,Rainbow Shower Tree,0.9613041281700134,High
IMG_4298.jpg,Maile West Corner,Rainbow Shower Tree,0.9989485144615173,High,Rainbow Shower Tree,0.9835264086723328,High
IMG_4343.jpg,Maile West Corner,Rainbow Shower Tree,0.9985516667366028,High,Rainbow Shower Tree,0.9773557186126709,High
IMG_4383.jpg,Maile West Corner,Rainbow Shower Tree,0.9986155033111572,High,Rainbow Shower Tree,0.9780799150466919,High
IMG_4415.jpg,Maile West Corner,Rainbow Shower Tree,0.9999698400497437,High,Rainbow Shower Tree,0.9990618824958801,High
IMG_4433.jpg,Maile West Corner,Rainbow Shower Tree,0.9983817338943481,High,Rainbow Shower Tree,0.9808346629142761,High
IMG_4450.jpg,Maile West Corner,Rainbow Shower Tree,0.9998934268951416,High,Rainbow Shower Tree,0.9919160008430481,High
IMG_4477.jpg,Maile West Corner,Rainbow Shower Tree,0.9996007084846497,High,Rainbow Shower Tree,0.991550087928772,High
IMG_4510.jpg,Maile West Corner,Rainbow Shower Tree,0.9998592138290405,High,Rainbow Shower Tree,0.992724597454071,High
IMG_4521.jpg,Maile West Corner,Rainbow Shower Tree,0.9996418952941895,High,Rainbow Shower Tree,0.9868478178977966,High
IMG_4558.jpg,Maile West Corner,Rainbow Shower Tree,0.9996782541275024,High,Rainbow Shower Tree,0.9876201748847961,High
IMG_4564.jpg,Maile West Corner,Rainbow Shower Tree,0.9957334399223328,High,Rainbow Shower Tree,0.9281700849533081,High
IMG_4612.jpg,Maile West Corner,Rainbow Shower Tree,0.9992355108261108,High,Rainbow Shower Tree,0.9838661551475525,High
IMG_4620.jpg,Maile West Corner,Rainbow Shower Tree,0.9998143315315247,High,Rainbow Shower Tree,0.9917200803756714,High
IMG_4659.jpg,Maile West Corner,Rainbow Shower Tree,0.9996498823165894,High,Rainbow Shower Tree,0.994486391544342,High
IMG_4680.jpg,Maile West Corner,Rainbow Shower Tree,0.9999028444290161,High,Rainbow Shower Tree,0.9938650727272034,High
IMG_4716.jpg,Maile West Corner,Rainbow Shower Tree,0.9993841648101807,High,Rainbow Shower Tree,0.9901291728019714,High
IMG_4738.jpg,Maile West Corner,Rainbow Shower Tree,0.9999216794967651,High,Rainbow Shower Tree,0.9948203563690186,High
IMG_4766.jpg,Maile West Corner,Rainbow Shower Tree,0.9997842907905579,High,Rainbow Shower Tree,0.9920226335525513,High
IMG_4797.jpg,Maile West Corner,Rainbow Shower Tree,0.9999552965164185,High,Rainbow Shower Tree,0.9964612126350403,High
IMG_4814.jpg,Maile West Corner,Rainbow Shower Tree,0.9990443587303162,High,Rainbow Shower Tree,0.9760026335716248,High
IMG_4840.jpg,Maile West Corner,Rainbow Shower Tree,0.999862551689148,High,Rainbow Shower Tree,0.9934297204017639,High
IMG_4852.jpg,Maile West Corner,Rainbow Shower Tree,0.9997338652610779,High,Rainbow Shower Tree,0.9803008437156677,High
IMG_4895.jpg,Maile West Corner,Rainbow Shower Tree,0.9999706745147705,High,Rainbow Shower Tree,0.9976524710655212,High
IMG_4914.jpg,Maile West Corner,Rainbow Shower Tree,0.9998906850814819,High,Rainbow Shower Tree,0.9965546131134033,High
IMG_4944.jpg,Maile West Corner,Rainbow Shower Tree,0.9998019337654114,High,Rainbow Shower Tree,0.9939484596252441,High
IMG_4970.jpg,Maile West Corner,Rainbow Shower Tree,0.9999641180038452,High,Rainbow Shower Tree,0.9976155757904053,High
IMG_4993.jpg,Maile West Corner,Rainbow Shower Tree,0.9999016523361206,High,Rainbow Shower Tree,0.9974320530891418,High
IMG_5033.jpg,Maile West Corner,Rainbow Shower Tree,0.9992926120758057,High,Rainbow Shower Tree,0.9801492094993591,High
IMG_5039.jpg,Maile West Corner,Rainbow Shower Tree,0.9982656836509705,High,Rainbow Shower Tree,0.9752902388572693,High
IMG_5094.jpg,Maile West Corner,Rainbow Shower Tree,0.9998948574066162,High,Rainbow Shower Tree,0.9978756904602051,High
IMG_5098.jpg,Maile West Corner,Rainbow Shower Tree,0.999873161315918,High,Rainbow Shower Tree,0.9953319430351257,High
IMG_5143.jpg,Maile West Corner,Rainbow Shower Tree,0.99967360496521,High,Rainbow Shower Tree,0.9931244254112244,High
IMG_5163.jpg,Maile West Corner,Rainbow Shower Tree,0.9998972415924072,High,Rainbow Shower Tree,0.9946349859237671,High
IMG_5220.jpg,Maile West Corner,Rainbow Shower Tree,0.9999480247497559,High,Rainbow Shower Tree,0.9974864721298218,High
IMG_5226.jpg,Maile West Corner,Rainbow Shower Tree,0.9961624145507812,High,Rainbow Shower Tree,0.9615691304206848,High
IMG_5284.jpg,Maile West Corner,Rainbow Shower Tree,0.9994749426841736,High,Rainbow Shower Tree,0.980401337146759,High
IMG_5286.jpg,Maile West Corner,Rainbow Shower Tree,0.9990953207015991,High,Rainbow Shower Tree,0.9857284426689148,High
IMG_5330.jpg,Maile West Corner,Rainbow Shower Tree,0.9990687966346741,High,Rainbow Shower Tree,0.9874339699745178,High
IMG_5350.jpg,Maile West Corner,Rainbow Shower Tree,0.9993336796760559,High,Rainbow Shower Tree,0.99151611328125,High
IMG_5373.jpg,Maile West Corner,Rainbow Shower Tree,0.9991125464439392,High,Rainbow Shower Tree,0.9831238985061646,High
IMG_5420.jpg,Maile West Corner,Rainbow Shower Tree,0.9995885491371155,High,Rainbow Shower Tree,0.978276789188385,High
IMG_5424.jpg,Maile West Corner,Rainbow Shower Tree,0.9981266856193542,High,Rainbow Shower Tree,0.9724958539009094,High
IMG_5472.jpg,Maile West Corner,Rainbow Shower Tree,0.9993711113929749,High,Rainbow Shower Tree,0.9881672263145447,High
IMG_5484.jpg,Maile West Corner,Rainbow Shower Tree,0.9998449087142944,High,Rainbow Shower Tree,0.9919873476028442,High
IMG_5519.jpg,Maile West Corner,Rainbow Shower Tree,0.9996885061264038,High,Rainbow Shower Tree,0.9922814965248108,High
IMG_5531.jpg,Maile West Corner,Rainbow Shower Tree,0.9986230134963989,High,Rainbow Shower Tree,0.9726495146751404,High
IMG_5549.jpg,Maile West Corner,Rainbow Shower Tree,0.9997090697288513,High,Rainbow Shower Tree,0.9942558407783508,High
IMG_5573.jpg,Maile West Corner,Rainbow Shower Tree,0.9998393058776855,High,Rainbow Shower Tree,0.9933645725250244,High
IMG_5608.jpg,Maile West Corner,Rainbow Shower Tree,0.99998939037323,High,Rainbow Shower Tree,0.9996424913406372,High
IMG_5646.jpg,Maile West Corner,Rainbow Shower Tree,0.9995071887969971,High,Rainbow Shower Tree,0.9952725768089294,High
IMG_5685.jpg,Maile West Corner,Rainbow Shower Tree,0.999812662601471,High,Rainbow Shower Tree,0.9974219799041748,High
IMG_5726.jpg,Maile West Corner,Rainbow Shower Tree,0.9992666840553284,High,Rainbow Shower Tree,0.9871653318405151,High
IMG_5728.jpg,Maile West Corner,Rainbow Shower Tree,0.999832034111023,High,Rainbow Shower Tree,0.9971042275428772,High
IMG_5780.jpg,Maile West Corner,Rainbow Shower Tree,0.9997076392173767,High,Rainbow Shower Tree,0.9890362620353699,High
IMG_5794.jpg,Maile West Corner,Rainbow Shower Tree,0.999630331993103,High,Rainbow Shower Tree,0.9942570328712463,High
IMG_5832.jpg,Maile West Corner,Rainbow Shower Tree,0.999919056892395,High,Rainbow Shower Tree,0.9977644681930542,High
IMG_5868.jpg,Maile West Corner,Rainbow Shower Tree,0.9998598098754883,High,Rainbow Shower Tree,0.9957418441772461,High
IMG_5874.jpg,Maile West Corner,Rainbow Shower Tree,0.9996091723442078,High,Rainbow Shower Tree,0.9655249118804932,High
IMG_5911.jpg,Maile West Corner,Rainbow Shower Tree,0.9998044371604919,High,Rainbow Shower Tree,0.9936677813529968,High
IMG_5949.jpg,Maile West Corner,Rainbow Shower Tree,0.999850869178772,High,Rainbow Shower Tree,0.9962653517723083,High
IMG_5953.jpg,Maile West Corner,Rainbow Shower Tree,0.9978930354118347,High,Rainbow Shower Tree,0.954695999622345,High
IMG_5987.jpg,Maile West Corner,Rainbow Shower Tree,0.9997666478157043,High,Rainbow Shower Tree,0.9939274787902832,High
IMG_6008.jpg,Maile West Corner,Rainbow Shower Tree,0.996644139289856,High,Rainbow Shower Tree,0.9582216739654541,High
IMG_6030.jpg,Maile West Corner,Rainbow Shower Tree,0.9997172951698303,High,Rainbow Shower Tree,0.9699698686599731,High
IMG_6054.jpg,Maile West Corner,Rainbow Shower Tree,0.9999302625656128,High,Rainbow Shower Tree,0.9965313076972961,High
IMG_6079.jpg,Maile West Corner,Rainbow Shower Tree,0.998777449131012,High,Rainbow Shower Tree,0.957623302936554,High
IMG_6102.jpg,Maile West Corner,Rainbow Shower Tree,0.99958735704422,High,Rainbow Shower Tree,0.9749694466590881,High
IMG_6114.jpg,Maile West Corner,Rainbow Shower Tree,0.9999253749847412,High,Rainbow Shower Tree,0.9975180625915527,High
IMG_6142.jpg,Maile West Corner,Rainbow Shower Tree,0.9980491399765015,High,Rainbow Shower Tree,0.948058009147644,High
IMG_6154.jpg,Maile West Corner,Rainbow Shower Tree,0.9995788931846619,High,Rainbow Shower Tree,0.9837756752967834,High
IMG_6180.jpg,Maile West Corner,Rainbow Shower Tree,0.9994712471961975,High,Rainbow Shower Tree,0.9909143447875977,High
IMG_6223.jpg,Maile West Corner,Rainbow Shower Tree,0.998427152633667,High,Rainbow Shower Tree,0.9548299312591553,High
IMG_6266.jpg,Maile West Corner,Rainbow Shower Tree,0.997852087020874,High,Rainbow Shower Tree,0.9375195503234863,High
IMG_6307.jpg,Maile West Corner,Rainbow Shower Tree,0.9991451501846313,High,Rainbow Shower Tree,0.9720482230186462,High
IMG_6323.jpg,Maile West Corner,Rainbow Shower Tree,0.9987136125564575,High,Rainbow Shower Tree,0.9651136994361877,High
IMG_6352.jpg,Maile West Corner,Rainbow Shower Tree,0.9976403713226318,High,Rainbow Shower Tree,0.9223888516426086,High
IMG_6385.jpg,Maile West Corner,Rainbow Shower Tree,0.9994980096817017,High,Rainbow Shower Tree,0.9920656085014343,High
IMG_6398.jpg,Maile West Corner,Rainbow Shower Tree,0.9988834261894226,High,Rainbow Shower Tree,0.9629044532775879,High
IMG_6411.jpg,Maile West Corner,Rainbow Shower Tree,0.9998763799667358,High,Rainbow Shower Tree,0.9960202574729919,High
IMG_6421.jpg,Maile West Corner,Rainbow Shower Tree,0.9990205764770508,High,Rainbow Shower Tree,0.9842126965522766,High
IMG_6462.jpg,Maile West Corner,Rainbow Shower Tree,0.9970620274543762,High,Rainbow Shower Tree,0.8996134996414185,High
IMG_6498.jpg,Maile West Corner,Rainbow Shower Tree,0.9992291927337646,High,Rainbow Shower Tree,0.9686763286590576,High
IMG_6508.jpg,Maile West Corner,Rainbow Shower Tree,0.9999295473098755,High,Rainbow Shower Tree,0.9965395927429199,High
IMG_6538.jpg,Maile West Corner,Rainbow Shower Tree,0.9957008957862854,High,Rainbow Shower Tree,0.8809577226638794,High
IMG_6581.jpg,Maile West Corner,Rainbow Shower Tree,0.9990647435188293,High,Rainbow Shower Tree,0.929783284664154,High
IMG_6617.jpg,Maile West Corner,Rainbow Shower Tree,0.9994148015975952,High,Rainbow Shower Tree,0.9607042074203491,High
IMG_6622.jpg,Maile West Corner,Rainbow Shower Tree,0.9990891218185425,High,Rainbow Shower Tree,0.9777969717979431,High
IMG_6658.jpg,Maile West Corner,Rainbow Shower Tree,0.9993683695793152,High,Rainbow Shower Tree,0.9734782576560974,High
IMG_6697.jpg,Maile West Corner,Rainbow Shower Tree,0.999440610408783,High,Rainbow Shower Tree,0.9763122797012329,High
IMG_6704.jpg,Maile West Corner,Rainbow Shower Tree,0.9995805621147156,High,Rainbow Shower Tree,0.9875539541244507,High
IMG_6734.jpg,Maile West Corner,Rainbow Shower Tree,0.9980296492576599,High,Rainbow Shower Tree,0.9427649974822998,High
IMG_6772.jpg,Maile West Corner,Rainbow Shower Tree,0.9997082352638245,High,Rainbow Shower Tree,0.9845361113548279,High
IMG_6778.jpg,Maile West Corner,Rainbow Shower Tree,0.9997591376304626,High,Rainbow Shower Tree,0.9872689247131348,High
IMG_6811.jpg,Maile West Corner,Rainbow Shower Tree,0.9995471835136414,High,Rainbow Shower Tree,0.9901144504547119,High
IMG_6850.jpg,Maile West Corner,Rainbow Shower Tree,0.999624490737915,High,Rainbow Shower Tree,0.9848344326019287,High
IMG_6852.jpg,Maile West Corner,Rainbow Shower Tree,0.9993969202041626,High,Rainbow Shower Tree,0.9821881651878357,High
IMG_6891.jpg,Maile West Corner,Rainbow Shower Tree,0.9996647834777832,High,Rainbow Shower Tree,0.9925287961959839,High
IMG_6924.jpg,Maile West Corner,Rainbow Shower Tree,0.9996789693832397,High,Rainbow Shower Tree,0.9914668798446655,High
IMG_6930.jpg,Maile West Corner,Rainbow Shower Tree,0.9999315738677979,High,Rainbow Shower Tree,0.9960759282112122,High
IMG_6970.jpg,Maile West Corner,Rainbow Shower Tree,0.9998950958251953,High,Rainbow Shower Tree,0.9968151450157166,High
IMG_6976.jpg,Maile West Corner,Rainbow Shower Tree,0.9998021721839905,High,Rainbow Shower Tree,0.9920766353607178,High
IMG_7014.jpg,Maile West Corner,Rainbow Shower Tree,0.9998303651809692,High,Rainbow Shower Tree,0.9896386861801147,High
IMG_7024.jpg,Maile West Corner,Rainbow Shower Tree,0.9996390342712402,High,Rainbow Shower Tree,0.9889312386512756,High
IMG_7055.jpg,Maile West Corner,Rainbow Shower Tree,0.9998952150344849,High,Rainbow Shower Tree,0.9975214600563049,High
IMG_7073.jpg,Maile West Corner,Rainbow Shower Tree,0.9998175501823425,High,Rainbow Shower Tree,0.9977155923843384,High
IMG_7094.jpg,Maile West Corner,Rainbow Shower Tree,0.9999452829360962,High,Rainbow Shower Tree,0.9963531494140625,High
IMG_7130.jpg,Maile West Corner,Rainbow Shower Tree,0.9996140599250793,High,Rainbow Shower Tree,0.9901179671287537,High
IMG_7136.jpg,Maile West Corner,Rainbow Shower Tree,0.9999359846115112,High,Rainbow Shower Tree,0.9975197911262512,High
IMG_7176 (1).jpg,Maile West Corner,Rainbow Shower Tree,0.9997276663780212,High,Rainbow Shower Tree,0.9921914935112,High
IMG_7176.jpg,Maile West Corner,Rainbow Shower Tree,0.9998121857643127,High,Rainbow Shower Tree,0.9914780259132385,High
IMG_7214.jpg,Maile West Corner,Rainbow Shower Tree,0.9996774196624756,High,Rainbow Shower Tree,0.9936311841011047,High
IMG_7218.jpg,Maile West Corner,Rainbow Shower Tree,0.9991464614868164,High,Rainbow Shower Tree,0.9839237332344055,High
IMG_7254.jpg,Maile West Corner,Rainbow Shower Tree,0.9999083280563354,High,Rainbow Shower Tree,0.9928547739982605,High
IMG_7260.jpg,Maile West Corner,Rainbow Shower Tree,0.998862624168396,High,Rainbow Shower Tree,0.9822905659675598,High
IMG_7295.jpg,Maile West Corner,Rainbow Shower Tree,0.9999697208404541,High,Rainbow Shower Tree,0.9987215399742126,High
IMG_7333.jpg,Maile West Corner,Rainbow Shower Tree,0.999922513961792,High,Rainbow Shower Tree,0.994465172290802,High
IMG_7369.jpg,Maile West Corner,Rainbow Shower Tree,0.9998286962509155,High,Rainbow Shower Tree,0.9932697415351868,High
IMG_7408.jpg,Maile West Corner,Rainbow Shower Tree,0.9997351765632629,High,Rainbow Shower Tree,0.9911119341850281,High
IMG_7423.jpg,Maile West Corner,Rainbow Shower Tree,0.9991695880889893,High,Rainbow Shower Tree,0.9846370220184326,High
IMG_7446.jpg,Maile West Corner,Rainbow Shower Tree,0.9999579191207886,High,Rainbow Shower Tree,0.997788667678833,High
IMG_7466.jpg,Maile West Corner,Rainbow Shower Tree,0.9995456337928772,High,Rainbow Shower Tree,0.990603506565094,High
IMG_7484.jpg,Maile West Corner,Rainbow Shower Tree,0.9999138116836548,High,Rainbow Shower Tree,0.9946010112762451,High
IMG_7524.jpg,Maile West Corner,Rainbow Shower Tree,0.999951958656311,High,Rainbow Shower Tree,0.9980216026306152,High
IMG_7525.jpg,Maile West Corner,Rainbow Shower Tree,0.9927566647529602,High,Rainbow Shower Tree,0.8983094692230225,High
IMG_7562.jpg,Maile West Corner,Rainbow Shower Tree,0.9999462366104126,High,Rainbow Shower Tree,0.9978938698768616,High
IMG_7570.jpg,Maile West Corner,Rainbow Shower Tree,0.9997460246086121,High,Rainbow Shower Tree,0.9964152574539185,High
IMG_7602.jpg,Maile West Corner,Rainbow Shower Tree,0.9999390840530396,High,Rainbow Shower Tree,0.9980859756469727,High
IMG_7612.jpg,Maile West Corner,Rainbow Shower Tree,0.9974695444107056,High,Rainbow Shower Tree,0.9526909589767456,High
IMG_7637.jpg,Maile West Corner,Rainbow Shower Tree,0.9997794032096863,High,Rainbow Shower Tree,0.994722843170166,High
IMG_7674.jpg,Maile West Corner,Rainbow Shower Tree,0.9997822642326355,High,Rainbow Shower Tree,0.9955920577049255,High
IMG_7703.jpg,Maile West Corner,Rainbow Shower Tree,0.9924263954162598,High,Rainbow Shower Tree,0.9251278638839722,High
IMG_7709.jpg,Maile West Corner,Rainbow Shower Tree,0.9997972846031189,High,Rainbow Shower Tree,0.9915111660957336,High
IMG_7750.jpg,Maile West Corner,Rainbow Shower Tree,0.9961426854133606,High,Rainbow Shower Tree,0.9536538124084473,High
IMG_7753.jpg,Maile West Corner,Rainbow Shower Tree,0.9999914169311523,High,Rainbow Shower Tree,0.9991248250007629,High
IMG_7794 (1).jpg,Maile West Corner,Rainbow Shower Tree,0.9971068501472473,High,Rainbow Shower Tree,0.934123694896698,High
IMG_7794.jpg,Maile West Corner,Rainbow Shower Tree,0.9998793601989746,High,Rainbow Shower Tree,0.9944689273834229,High
IMG_7839.jpg,Maile West Corner,Rainbow Shower Tree,0.999359667301178,High,Rainbow Shower Tree,0.9879459142684937,High
IMG_7840.jpg,Maile West Corner,Rainbow Shower Tree,0.999984622001648,High,Rainbow Shower Tree,0.9990812540054321,High
IMG_7872.jpg,Maile West Corner,Rainbow Shower Tree,0.9999358654022217,High,Rainbow Shower Tree,0.9967479705810547,High
IMG_7882.jpg,Maile West Corner,Rainbow Shower Tree,0.9960818886756897,High,Rainbow Shower Tree,0.9143465161323547,High
IMG_7926.jpg,Maile West Corner,Rainbow Shower Tree,0.9990299940109253,High,Rainbow Shower Tree,0.9867008328437805,High
IMG_7934.jpg,Maile West Corner,Rainbow Shower Tree,0.9999589920043945,High,Rainbow Shower Tree,0.9982736110687256,High
IMG_7943.jpg,Maile West Corner,Rainbow Shower Tree,0.9997478127479553,High,Rainbow Shower Tree,0.9960783123970032,High
IMG_8006.jpg,Maile West Corner,Rainbow Shower Tree,0.9999425411224365,High,Rainbow Shower Tree,0.998548686504364,High
IMG_8012.jpg,Maile West Corner,Rainbow Shower Tree,0.997524082660675,High,Rainbow Shower Tree,0.9668945670127869,High
IMG_8061.jpg,Maile West Corner,Rainbow Shower Tree,0.9997112154960632,High,Rainbow Shower Tree,0.9952894449234009,High
IMG_8063.jpg,Maile West Corner,Rainbow Shower Tree,0.9999915361404419,High,Rainbow Shower Tree,0.9996021389961243,High
IMG_8096.jpg,Maile West Corner,Rainbow Shower Tree,0.9971248507499695,High,Rainbow Shower Tree,0.9090644121170044,High
IMG_8131.jpg,Maile West Corner,Rainbow Shower Tree,0.9999663829803467,High,Rainbow Shower Tree,0.9986097812652588,High
IMG_8137.jpg,Maile West Corner,Rainbow Shower Tree,0.9994820952415466,High,Rainbow Shower Tree,0.9884254932403564,High
IMG_8156.jpg,Maile West Corner,Rainbow Shower Tree,0.9998125433921814,High,Rainbow Shower Tree,0.9916201829910278,High
IMG_8198.jpg,Maile West Corner,Rainbow Shower Tree,0.9936100840568542,High,Rainbow Shower Tree,0.8428592681884766,Medium
IMG_8234.jpg,Maile West Corner,Rainbow Shower Tree,0.9999468326568604,High,Rainbow Shower Tree,0.9980535507202148,High
IMG_8242.jpg,Maile West Corner,Rainbow Shower Tree,0.9980970025062561,High,Rainbow Shower Tree,0.965877115726471,High
IMG_8305.jpg,Maile West Corner,Rainbow Shower Tree,0.9977228045463562,High,Rainbow Shower Tree,0.9435556530952454,High
IMG_8366.jpg,Maile West Corner,Rainbow Shower Tree,0.9989929795265198,High,Rainbow Shower Tree,0.9694393277168274,High
IMG_8405.jpg,Maile West Corner,Rainbow Shower Tree,0.9983856678009033,High,Rainbow Shower Tree,0.9520009756088257,High
IMG_8453.jpg,Maile West Corner,Rainbow Shower Tree,0.9992244243621826,High,Rainbow Shower Tree,0.9736594557762146,High
IMG_8462.jpg,Maile West Corner,Rainbow Shower Tree,0.9999409914016724,High,Rainbow Shower Tree,0.9963435530662537,High
IMG_8495.jpg,Maile West Corner,Rainbow Shower Tree,0.9998940229415894,High,Rainbow Shower Tree,0.996915340423584,High
IMG_8506.jpg,Maile West Corner,Rainbow Shower Tree,0.9999644756317139,High,Rainbow Shower Tree,0.9972841739654541,High
IMG_8537.jpg,Maile West Corner,Rainbow Shower Tree,0.9989240765571594,High,Rainbow Shower Tree,0.9725269675254822,High
IMG_8547.jpg,Maile West Corner,Rainbow Shower Tree,0.9999887943267822,High,Rainbow Shower Tree,0.9992489218711853,High
IMG_8575.jpg,Maile West Corner,Rainbow Shower Tree,0.9998177886009216,High,Rainbow Shower Tree,0.9905329942703247,High
IMG_8577.jpg,Maile West Corner,Rainbow Shower Tree,0.9998089671134949,High,Rainbow Shower Tree,0.9901097416877747,High
IMG_8623.jpg,Maile West Corner,Rainbow Shower Tree,0.9996707439422607,High,Rainbow Shower Tree,0.9874069094657898,High
IMG_8647.jpg,Maile West Corner,Rainbow Shower Tree,0.9989288449287415,High,Rainbow Shower Tree,0.9656458497047424,High
IMG_8658.jpg,Maile West Corner,Rainbow Shower Tree,0.9957131147384644,High,Rainbow Shower Tree,0.9666646122932434,High
IMG_8708.jpg,Maile West Corner,Rainbow Shower Tree,0.9994795918464661,High,Rainbow Shower Tree,0.9862840175628662,High
IMG_8732.jpg,Maile West Corner,Rainbow Shower Tree,0.9996253252029419,High,Rainbow Shower Tree,0.9896682500839233,High
IMG_8749.jpg,Maile West Corner,Rainbow Shower Tree,0.999680757522583,High,Rainbow Shower Tree,0.9859150648117065,High
IMG_8769.jpg,Maile West Corner,Rainbow Shower Tree,0.9992997646331787,High,Rainbow Shower Tree,0.9824876189231873,High
IMG_8788.jpg,Maile West Corner,Rainbow Shower Tree,0.9998370409011841,High,Rainbow Shower Tree,0.992137610912323,High
IMG_8834.jpg,Maile West Corner,Rainbow Shower Tree,0.999836802482605,High,Rainbow Shower Tree,0.98918217420578,High
IMG_8841.jpg,Maile West Corner,Rainbow Shower Tree,0.9995672106742859,High,Rainbow Shower Tree,0.9878427982330322,High
IMG_8870.jpg,Maile West Corner,Rainbow Shower Tree,0.9997218251228333,High,Rainbow Shower Tree,0.9920661449432373,High
IMG_8903.jpg,Maile West Corner,Rainbow Shower Tree,0.999909520149231,High,Rainbow Shower Tree,0.9964817762374878,High
IMG_8931.jpg,Maile West Corner,Rainbow Shower Tree,0.9998475313186646,High,Rainbow Shower Tree,0.990361213684082,High
IMG_8967.jpg,Maile West Corner,Rainbow Shower Tree,0.9999871253967285,High,Rainbow Shower Tree,0.9983727931976318,High
IMG_8985.jpg,Maile West Corner,Rainbow Shower Tree,0.9999489784240723,High,Rainbow Shower Tree,0.9945060610771179,High
IMG_9030.jpg,Maile West Corner,Rainbow Shower Tree,0.9999486207962036,High,Rainbow Shower Tree,0.997890293598175,High
IMG_9056.jpg,Maile West Corner,Rainbow Shower Tree,0.9999690055847168,High,Rainbow Shower Tree,0.9962092638015747,High
IMG_9072.jpg,Maile West Corner,Rainbow Shower Tree,0.9995854496955872,High,Rainbow Shower Tree,0.9836028814315796,High
IMG_9114.jpg,Maile West Corner,Rainbow Shower Tree,0.9999812841415405,High,Rainbow Shower Tree,0.9989381432533264,High
IMG_9123.jpg,Maile West Corner,Rainbow Shower Tree,0.999992847442627,High,Rainbow Shower Tree,0.9984757304191589,High
IMG_9164.jpg,Maile West Corner,Rainbow Shower Tree,0.999609649181366,High,Rainbow Shower Tree,0.9875404238700867,High
IMG_9210.jpg,Maile West Corner,Rainbow Shower Tree,0.9997016787528992,High,Rainbow Shower Tree,0.9924725294113159,High
IMG_9214.jpg,Maile West Corner,Rainbow Shower Tree,0.999943733215332,High,Rainbow Shower Tree,0.9969275593757629,High
IMG_9275.jpg,Maile West Corner,Rainbow Shower Tree,0.9997574687004089,High,Rainbow Shower Tree,0.9933322072029114,High
IMG_9276.jpg,Maile West Corner,Rainbow Shower Tree,0.9998657703399658,High,Rainbow Shower Tree,0.9873347282409668,High
IMG_9322.jpg,Maile West Corner,Rainbow Shower Tree,0.9993407130241394,High,Rainbow Shower Tree,0.955101728439331,High
IMG_9351.jpg,Maile West Corner,Rainbow Shower Tree,0.999796450138092,High,Rainbow Shower Tree,0.9942882061004639,High
IMG_9352.jpg,Maile West Corner,Rainbow Shower Tree,0.9998869895935059,High,Rainbow Shower Tree,0.995936393737793,High
IMG_9379.jpg,Maile West Corner,Rainbow Shower Tree,0.9992278814315796,High,Rainbow Shower Tree,0.9775250554084778,High
IMG_9418.jpg,Maile West Corner,Rainbow Shower Tree,0.9998569488525391,High,Rainbow Shower Tree,0.9917355179786682,High
IMG_9432.jpg,Maile West Corner,Rainbow Shower Tree,0.9998561143875122,High,Rainbow Shower Tree,0.9928929209709167,High
IMG_9460.jpg,Maile West Corner,Rainbow Shower Tree,0.9996285438537598,High,Rainbow Shower Tree,0.9856826663017273,High
IMG_9476.jpg,Maile West Corner,Rainbow Shower Tree,0.9972304701805115,High,Rainbow Shower Tree,0.9562429785728455,High
IMG_9491.jpg,Maile West Corner,Rainbow Shower Tree,0.999836802482605,High,Rainbow Shower Tree,0.9908113479614258,High
IMG_9530.jpg,Maile West Corner,Rainbow Shower Tree,0.9996936321258545,High,Rainbow Shower Tree,0.9867201447486877,High
IMG_9533.jpg,Maile West Corner,Rainbow Shower Tree,0.999718964099884,High,Rainbow Shower Tree,0.9924503564834595,High
IMG_9570.jpg,Maile West Corner,Rainbow Shower Tree,0.9998705387115479,High,Rainbow Shower Tree,0.9930598735809326,High
IMG_9573.jpg,Maile West Corner,Rainbow Shower Tree,0.9996548891067505,High,Rainbow Shower Tree,0.9892102479934692,High
IMG_9612.jpg,Maile West Corner,Rainbow Shower Tree,0.9999023675918579,High,Rainbow Shower Tree,0.9969789981842041,High
IMG_9617.jpg,Maile West Corner,Rainbow Shower Tree,0.9994149208068848,High,Rainbow Shower Tree,0.9872859120368958,High
IMG_9656.jpg,Maile West Corner,Rainbow Shower Tree,0.9996699094772339,High,Rainbow Shower Tree,0.9846791625022888,High
IMG_9657.jpg,Maile West Corner,Rainbow Shower Tree,0.9999089241027832,High,Rainbow Shower Tree,0.9941085577011108,High
IMG_9696.jpg,Maile West Corner,Rainbow Shower Tree,0.9998674392700195,High,Rainbow Shower Tree,0.9924907088279724,High
IMG_9717.jpg,Maile West Corner,Rainbow Shower Tree,0.9996834993362427,High,Rainbow Shower Tree,0.986041247844696,High
IMG_9737.jpg,Maile West Corner,Rainbow Shower Tree,0.9999474287033081,High,Rainbow Shower Tree,0.994296133518219,High
IMG_9779.jpg,Maile West Corner,Rainbow Shower Tree,0.9997408986091614,High,Rainbow Shower Tree,0.991657018661499,High
IMG_9780.jpg,Maile West Corner,Rainbow Shower Tree,0.9994487166404724,High,Rainbow Shower Tree,0.9861766695976257,High
IMG_9819.jpg,Maile West Corner,Rainbow Shower Tree,0.9998558759689331,High,Rainbow Shower Tree,0.9928261041641235,High
IMG_9868.jpg,Maile West Corner,Rainbow Shower Tree,0.997633695602417,High,Rainbow Shower Tree,0.9590736031532288,High
IMG_9895.jpg,Maile West Corner,Rainbow Shower Tree,0.9996733665466309,High,Rainbow Shower Tree,0.9862641096115112,High
IMG_9914.jpg,Maile West Corner,Rainbow Shower Tree,0.9996684789657593,High,Rainbow Shower Tree,0.9876754283905029,High
IMG_9939.jpg,Maile West Corner,Rainbow Shower Tree,0.9993816614151001,High,Rainbow Shower Tree,0.9689879417419434,High
IMG_9948.jpg,Maile West Corner,Rainbow Shower Tree,0.9988806843757629,High,Rainbow Shower Tree,0.9693025350570679,High
IMG_9979.jpg,Maile West Corner,Rainbow Shower Tree,0.998551070690155,High,Rainbow Shower Tree,0.9614115357398987,High
